id;NumDots;SubdomainLevel;PathLevel;UrlLength;NumDash;NumDashInHostname;AtSymbol;TildeSymbol;NumUnderscore;NumPercent;NumQueryComponents;NumAmpersand;NumHash;NumNumericChars;NoHttps;RandomString;IpAddress;DomainInSubdomains;DomainInPaths;HttpsInHostname;HostnameLength;PathLength;QueryLength;DoubleSlashInPath;NumSensitiveWords;EmbeddedBrandName;PctExtHyperlinks;PctExtResourceUrls;ExtFavicon;InsecureForms;RelativeFormAction;ExtFormAction;AbnormalFormAction;PctNullSelfRedirectHyperlinks;FrequentDomainNameMismatch;FakeLinkInStatusBar;RightClickDisabled;PopUpWindow;SubmitInfoToEmail;IframeOrFrame;MissingTitle;ImagesOnlyInForm;SubdomainLevelRT;UrlLengthRT;PctExtResourceUrlsRT;AbnormalExtFormActionR;ExtMetaScriptLinkRT;PctExtNullSelfRedirectHyperlinksRT;CLASS_LABEL            1=Phising         0=Beningnas
1;3;1;5;72;0;0;0;0;0;0;0;0;0;0;1;0;0;0;0;0;21;44;0;0;0;0;0;0,25;1;1;0;0;0;0;0;0;0;0;0;0;0;1;1;0;1;1;-1;1;1
2;3;1;3;144;0;0;0;0;2;0;2;1;0;41;1;0;0;0;0;0;17;16;103;0;1;0;0;0;0;1;0;0;0;0;0;0;0;0;0;0;0;0;1;-1;1;1;1;1;1
3;3;1;2;58;0;0;0;0;0;0;0;0;0;0;1;0;0;0;0;0;27;24;0;0;0;0;0,375;1;1;1;0;0;0;0;0;0;0;0;0;0;0;0;1;0;-1;1;-1;0;1
4;3;1;6;79;1;0;0;0;0;0;0;0;0;0;1;0;0;0;1;0;22;50;0;0;0;1;1;0,095238095;1;1;0;0;0;0;1;0;0;0;1;0;0;0;1;-1;1;1;1;-1;1
5;3;0;4;46;0;0;0;0;0;0;0;0;0;2;1;1;0;0;1;0;10;29;0;0;0;0;1;1;0;0;0;1;0;0;1;0;0;0;0;1;0;0;1;1;-1;0;-1;-1;1
6;3;1;1;42;1;0;0;0;0;0;0;0;0;0;1;0;0;0;1;0;23;12;0;0;0;0;0,1;1;1;1;0;0;0;0;0;0;0;0;0;1;1;0;1;1;1;1;-1;1;1
7;2;0;5;60;0;0;0;0;0;0;0;0;0;1;1;0;0;0;1;0;17;36;0;0;0;1;0,909090909;1;0;1;0;0;0;0;1;0;0;0;0;0;0;0;1;0;1;1;-1;-1;1
8;1;0;3;30;0;0;0;0;0;0;0;0;0;3;1;1;0;0;1;0;12;11;0;0;0;0;0;0;0;1;0;0;0;0;0;0;0;0;0;0;0;0;1;1;1;1;1;1;1
9;8;7;2;76;1;1;0;0;0;0;0;0;0;2;1;1;0;1;1;0;65;4;0;0;0;0;0;0;0;1;0;0;0;0,975;0;0;0;0;0;0;0;0;-1;-1;1;1;1;-1;1
10;2;0;2;46;0;0;0;0;0;0;0;0;0;0;1;0;0;0;1;0;14;25;0;0;0;1;1;1;1;1;0;0;0;0;1;0;0;0;0;0;0;0;1;1;1;1;-1;-1;1
11;5;4;2;64;1;1;0;0;0;0;0;0;0;3;1;1;0;1;1;0;53;4;0;0;0;0;0;0;0;1;0;0;0;0,975;0;0;0;0;0;0;0;0;-1;0;1;1;1;-1;1
12;2;0;2;47;0;0;0;0;0;0;0;0;0;1;1;0;0;0;0;0;22;18;0;0;1;0;1;1;1;1;0;0;0;0;1;0;0;0;0;0;0;0;1;1;-1;1;-1;-1;1
13;2;1;2;61;1;1;0;0;0;0;0;0;0;0;0;1;0;0;0;0;43;10;0;0;0;0;0;0;0;0;1;0;0;1;0;0;0;0;0;0;0;0;1;0;1;1;1;-1;1
14;2;1;3;35;0;0;0;0;0;0;0;0;0;0;1;0;0;0;0;0;16;12;0;0;0;0;0;0;0;1;0;1;0;0;0;0;0;0;0;0;0;0;1;1;1;0;1;1;1
15;2;1;2;60;1;1;0;0;0;0;0;0;0;0;1;1;0;0;0;0;43;10;0;0;0;0;0;0;0;1;1;0;0;1;0;0;0;0;0;0;0;0;1;0;1;1;1;-1;1
16;3;0;4;73;0;0;0;0;0;0;0;0;0;0;1;0;0;0;1;0;33;33;0;0;1;0;1;0,076923077;0;1;1;0;0;0;0;0;0;0;0;0;0;0;1;0;1;1;0;-1;1
17;3;0;5;50;0;0;0;1;0;0;0;0;0;10;1;1;1;0;0;0;13;30;0;0;0;0;0;0;0;1;0;0;0;0;1;0;0;0;0;0;0;0;1;1;1;1;1;1;1
18;3;1;2;59;1;1;0;0;0;0;0;0;0;7;1;1;0;0;1;0;36;16;0;0;0;0;1;1;1;1;0;0;0;0;1;0;0;0;0;1;0;0;1;0;-1;1;-1;-1;1
19;2;0;3;28;0;0;0;0;0;0;0;0;0;1;1;0;0;0;1;0;9;12;0;0;0;0;0;0;0;1;0;0;0;0;0;0;0;0;0;0;0;0;1;1;1;1;1;1;1
20;1;0;4;59;0;0;0;0;0;0;0;0;0;22;1;1;0;0;1;0;12;40;0;0;0;0;0;0,125;0;1;1;0;0;0,923076923;0;0;0;0;0;0;0;0;1;0;1;1;1;-1;1
21;1;0;4;32;0;0;0;0;0;0;0;0;0;4;1;1;0;0;0;0;11;14;0;0;0;0;0;0;0;1;0;0;0;1;0;0;0;0;0;0;0;1;1;1;1;1;1;-1;1
22;5;1;2;52;0;0;0;0;0;0;0;0;0;1;1;1;0;0;0;0;25;20;0;0;0;0;0;0,153846154;0;1;0;0;0;0;0;0;0;0;0;0;0;0;1;1;1;1;1;1;1
23;2;1;6;62;1;0;0;0;0;0;0;0;0;0;1;1;0;0;0;0;18;37;0;0;0;0;0,833333333;0,235294118;1;1;0;0;0;0,083333333;0;0;0;0;0;1;0;0;1;0;1;1;0;-1;1
24;1;0;10;105;2;0;0;0;0;0;0;0;0;24;1;1;0;0;1;0;11;87;0;0;0;0;0;0;0;1;0;0;0;0;0;0;0;0;0;0;0;0;1;-1;1;1;1;1;1
25;4;1;2;55;0;0;0;0;0;0;0;0;0;0;1;1;0;0;0;0;31;17;0;0;0;0;1;1;0;1;0;0;0;0;1;0;0;0;0;0;0;0;1;0;-1;1;-1;-1;1
26;5;0;3;134;3;0;0;0;0;0;0;0;0;1;1;1;0;0;1;0;14;56;56;0;1;0;0;0;0;1;1;1;0;0;0;0;0;0;0;1;0;0;1;-1;1;0;1;1;1
27;2;0;3;43;0;0;0;0;0;0;0;0;0;0;1;0;0;0;1;0;14;22;0;0;0;0;0;0,785714286;0;1;0;0;0;1;1;0;0;0;0;1;0;0;1;1;-1;1;1;-1;1
28;6;0;3;210;2;0;0;0;7;0;5;4;0;24;1;1;0;0;1;0;9;54;139;0;1;0;0;0,904761905;0;1;1;0;0;0;0;0;0;0;0;0;0;0;1;-1;-1;1;-1;1;1
29;2;0;7;135;2;0;0;0;3;0;2;1;0;1;1;0;0;0;1;0;22;51;54;0;1;0;0;0;0;1;1;0;0;0;0;0;0;0;0;0;0;0;1;-1;1;1;1;1;1
30;5;0;6;85;0;0;0;0;0;0;0;0;0;0;1;1;0;0;1;0;9;69;0;0;0;1;0,655172414;0,928571429;0;1;1;0;1;0,103448276;1;0;0;0;0;0;0;0;1;-1;-1;-1;-1;-1;1
31;2;1;3;80;0;0;0;0;0;0;0;0;0;17;1;1;0;0;1;0;32;41;0;0;0;0;0;0;0;1;1;0;0;1;0;0;0;0;0;0;0;0;1;-1;1;1;1;-1;1
32;2;0;2;44;0;0;0;0;0;0;0;0;0;4;1;1;0;0;0;0;19;18;0;0;0;0;1;0,142857143;1;1;0;0;0;0;0;0;0;0;0;1;0;0;1;1;1;1;0;-1;1
33;3;0;9;95;0;0;0;0;0;4;0;0;0;16;1;1;0;0;0;0;10;78;0;0;0;0;0;0;0;1;0;0;0;1;0;0;0;0;0;0;0;1;1;-1;1;1;1;-1;1
34;2;0;6;60;1;0;0;0;0;0;0;0;0;0;1;1;0;0;0;0;15;38;0;0;0;0;0;0;0;1;0;0;0;0;0;0;0;0;0;0;0;0;1;0;1;1;1;1;1
35;2;0;5;60;0;0;0;0;0;0;0;0;0;0;1;0;0;0;1;0;12;41;0;0;2;0;0,75;0,222222222;1;1;0;0;0;0,125;0;0;0;0;0;0;0;0;1;0;1;1;0;-1;1
36;6;0;2;100;1;0;0;0;0;0;1;0;0;8;1;0;0;0;0;0;22;18;52;0;1;0;1;1;1;1;0;0;0;0;1;0;0;0;0;0;0;0;1;-1;-1;1;-1;-1;1
37;6;0;2;111;1;0;0;0;0;0;1;0;1;18;1;0;0;0;0;0;22;18;52;0;1;0;1;1;1;1;0;0;0;0;1;0;0;0;0;0;0;0;1;-1;-1;1;-1;-1;1
38;2;1;2;29;0;0;0;0;0;0;0;0;0;0;1;1;0;0;0;0;16;6;0;0;0;0;0;0;0;1;0;0;0;0;0;0;0;0;0;0;0;0;1;1;1;1;1;1;1
39;2;1;2;37;2;2;0;0;0;0;0;0;0;0;1;0;0;1;1;0;24;6;0;0;0;0;0;1;1;1;1;0;0;1;0;0;0;0;0;0;0;0;1;1;1;1;-1;-1;1
40;3;1;2;49;2;2;0;0;0;0;0;0;0;0;1;0;0;1;1;0;24;18;0;0;0;0;0;1;1;1;0;0;0;0;1;0;1;0;0;0;0;0;1;1;1;1;-1;1;1
41;1;0;3;34;0;0;0;0;0;0;0;0;0;0;1;0;0;0;1;0;14;13;0;0;0;0;1;0,142857143;1;1;0;0;0;0;0;0;0;0;0;1;0;0;1;1;1;1;0;-1;1
42;3;1;3;53;1;0;0;0;0;0;0;0;0;0;1;0;0;0;1;0;22;24;0;0;0;0;1;1;0;1;0;1;0;0;1;0;0;0;0;1;0;0;1;1;-1;0;-1;-1;1
43;2;0;3;45;0;0;0;0;0;0;0;0;0;0;1;0;0;0;0;0;14;24;0;0;0;0;1;0,142857143;1;1;0;0;0;0;0;0;0;0;0;1;0;0;1;1;1;1;0;-1;1
44;3;0;5;65;0;0;0;0;0;0;0;0;0;0;1;1;0;0;1;0;16;42;0;0;0;0;0,777777778;0,222222222;0;1;0;0;0;0,222222222;0;0;0;0;0;1;0;0;1;0;1;1;0;-1;1
45;5;1;2;182;0;0;0;0;0;0;1;0;0;75;1;1;0;0;0;0;30;37;107;0;2;0;0;0;0;1;1;0;1;0;0;0;0;0;0;0;0;0;1;-1;1;-1;1;1;1
46;3;0;2;47;0;0;0;0;0;0;0;0;0;0;1;0;0;0;1;0;19;21;0;0;0;0;0,5;0,675675676;0;1;0;0;0;0;0;0;0;0;0;1;0;0;1;1;0;1;0;0;1
47;4;1;3;55;0;0;0;0;0;0;0;0;0;0;1;0;0;0;0;0;16;32;0;0;0;0;0;0;0;1;0;0;0;0;0;0;0;0;0;0;0;0;1;0;1;1;1;1;1
48;2;0;4;62;0;0;0;0;0;0;0;0;0;0;1;0;0;0;0;0;13;42;0;0;1;0;0,714285714;0,03125;1;1;1;0;1;0,114285714;0;0;0;0;0;1;0;0;1;0;1;-1;1;-1;1
49;2;0;5;59;1;0;0;0;0;0;0;0;0;0;1;0;0;0;0;0;18;34;0;0;0;0;0;0;0;1;0;0;0;0;0;0;0;0;0;0;0;0;1;0;1;1;1;1;1
50;3;0;2;39;0;0;0;0;0;0;0;0;0;0;1;0;0;0;0;0;18;14;0;0;0;0;1;1;0;1;0;0;0;0;1;0;0;0;0;0;0;0;1;1;-1;1;-1;-1;1
51;2;0;5;41;0;0;0;0;0;0;0;0;0;1;1;0;0;0;0;0;11;23;0;0;0;0;1;1;1;1;0;0;0;0;1;0;0;0;0;1;0;0;1;1;-1;1;-1;-1;1
52;2;0;3;142;0;0;0;0;1;0;0;0;0;5;1;1;0;0;0;0;14;121;0;0;1;0;0;0;0;1;1;0;0;0;0;0;0;0;0;0;0;0;1;-1;1;1;1;1;1
53;2;1;2;29;0;0;0;0;0;0;0;0;0;0;1;0;0;0;0;0;17;5;0;0;0;0;0;0;0;1;1;0;0;1;0;0;0;0;0;1;0;0;1;1;1;1;1;-1;1
54;4;1;3;51;1;1;0;0;0;0;0;0;0;0;1;0;0;0;1;0;16;28;0;0;0;0;0,75;0;0;1;0;0;0;0;0;0;0;0;0;0;0;0;1;1;1;1;1;-1;1
55;3;1;2;39;0;0;0;0;0;0;0;0;0;0;1;0;0;0;0;0;15;17;0;0;0;1;0,8;1;1;1;0;0;0;0,12;1;0;0;0;0;0;0;0;1;1;-1;1;-1;-1;1
56;3;1;2;48;0;0;0;0;0;0;0;0;0;0;1;1;0;0;0;0;24;17;0;0;0;0;0;0,153846154;0;1;0;0;0;0;0;0;0;0;0;0;0;0;1;1;1;1;1;1;1
57;2;0;5;59;1;0;0;0;0;0;0;0;0;0;1;0;0;0;0;0;27;25;0;0;0;0;0;0;0;1;0;0;0;0;0;0;0;0;0;0;0;0;1;0;1;1;1;1;1
58;2;0;7;129;2;0;0;0;3;0;2;1;0;1;1;0;0;0;1;0;22;51;48;0;1;0;0;0;0;1;1;0;0;0;0;0;0;0;0;0;0;0;1;-1;1;1;1;1;1
59;3;1;2;34;1;1;0;0;0;0;0;0;0;0;1;0;0;0;0;0;22;5;0;0;0;0;0,25;0,111111111;1;1;1;0;0;0,5;0;0;0;0;0;0;0;0;1;1;1;1;0;-1;1
60;8;7;2;184;2;2;0;0;0;0;2;1;0;26;1;1;0;1;0;0;76;34;66;0;1;0;0;0,333333333;0;1;0;0;0;0;0;0;0;0;0;0;0;0;-1;-1;1;1;0;1;1
61;8;7;2;184;2;2;0;0;0;0;2;1;0;33;1;1;0;1;0;0;76;34;66;0;1;0;0;0,333333333;0;1;0;0;0;0;0;0;0;0;0;0;0;0;-1;-1;1;1;0;1;1
62;2;0;7;135;2;0;0;0;3;0;1;1;0;1;1;0;0;0;1;0;22;51;54;0;1;0;0;0;0;1;1;0;0;0;0;0;0;0;0;0;0;0;1;-1;1;1;1;1;1
63;2;0;7;133;2;0;0;0;3;0;2;1;0;1;1;0;0;0;1;0;22;51;52;0;1;0;0;0;0;1;1;0;0;0;0;0;0;0;0;0;0;0;1;-1;1;1;1;1;1
64;4;1;3;52;0;0;0;0;0;0;0;0;0;0;1;0;0;0;1;0;17;28;0;0;0;0;0,75;0;0;1;0;0;0;0;0;0;0;0;0;0;0;0;1;1;1;1;1;-1;1
65;4;2;1;58;0;0;0;0;0;0;1;0;0;4;1;1;0;0;0;0;17;15;18;0;0;0;1;0;0;1;1;0;0;0;0;0;0;0;0;0;0;0;0;0;1;1;1;-1;1
66;5;1;5;120;1;0;0;0;1;0;0;0;0;22;1;1;0;0;1;0;23;90;0;0;2;1;0,857142857;1;1;1;0;1;0;0,071428571;1;0;0;0;0;0;0;0;1;-1;-1;0;-1;-1;1
67;3;1;3;48;1;0;0;0;0;0;0;0;0;0;1;1;0;0;0;0;16;25;0;0;0;0;1;1;0;1;0;1;0;0;1;0;0;0;0;0;0;0;1;1;-1;0;-1;-1;1
68;4;0;3;58;1;0;0;0;0;0;0;0;0;0;1;0;0;0;0;0;16;35;0;0;0;0;0;0,090909091;0;1;1;0;0;1;0;0;0;0;0;0;0;0;1;0;1;1;1;-1;1
69;1;0;3;32;0;0;0;0;0;0;0;0;0;0;1;0;0;0;0;0;8;17;0;0;0;0;0;0;0;1;1;0;0;1;0;0;0;0;0;0;0;0;1;1;1;1;1;-1;1
70;2;1;3;37;0;0;0;0;0;0;0;0;0;0;1;0;0;0;1;0;22;8;0;0;0;0;0;0;0;1;0;0;0;0;0;0;0;0;0;0;0;0;1;1;1;1;1;1;1
71;2;1;2;63;0;0;0;0;0;0;1;0;0;4;1;0;0;0;0;0;17;5;33;0;0;0;0;0;0;1;1;0;0;0;0;0;0;0;0;1;0;0;1;0;1;1;1;1;1
72;5;1;5;120;1;0;0;0;1;0;0;0;0;20;1;1;0;0;1;0;23;90;0;0;2;1;0,857142857;1;1;1;0;1;0;0,071428571;1;0;0;0;0;0;0;0;1;-1;-1;0;-1;-1;1
73;2;0;2;52;0;0;0;0;0;0;0;0;0;1;1;0;0;0;0;0;25;20;0;0;1;0;0,75;0,222222222;1;1;0;0;0;0,125;0;0;0;0;0;0;0;0;1;1;1;1;0;-1;1
74;5;0;4;58;0;0;0;0;0;0;0;0;0;12;1;0;1;0;0;0;15;36;0;0;0;0;0,666666667;0;0;1;0;0;0;0,333333333;1;0;0;0;1;0;0;0;1;0;1;1;1;-1;1
75;2;0;3;51;0;0;0;0;0;0;0;0;0;0;1;0;0;0;0;0;18;26;0;0;0;0;0;0,071428571;0;1;0;0;0;1;0;0;0;0;0;1;0;0;1;1;1;1;1;-1;1
76;1;0;6;73;0;0;0;0;1;0;0;0;0;3;1;1;0;0;1;0;14;52;0;0;0;0;0;0,5;1;1;1;1;1;1;0;0;0;0;0;0;0;0;1;0;1;0;0;-1;1
77;3;1;4;57;0;0;0;0;0;0;0;0;0;0;1;0;0;0;0;0;15;35;0;0;1;0;0;0;0;1;0;0;0;0;0;0;0;0;0;0;0;0;1;0;1;1;1;1;1
78;2;0;3;32;0;0;0;0;0;0;0;0;0;0;1;0;0;0;1;0;17;8;0;0;0;0;0;0;0;1;0;0;0;0;0;0;0;0;0;0;0;0;1;1;1;1;1;1;1
79;2;0;4;52;0;0;0;0;0;0;0;0;0;0;1;1;0;0;0;0;21;24;0;0;0;0;0,347826087;0;0;0;0;0;0;0;0;0;0;0;0;1;1;0;1;1;1;1;1;0;1
80;1;0;2;47;1;1;0;0;0;0;1;0;0;0;1;0;0;0;0;0;23;9;7;0;0;0;0;0;0;1;0;0;0;0;0;0;0;0;0;0;0;0;1;1;1;1;1;1;1
81;1;0;3;59;1;1;0;0;0;0;0;0;0;18;1;1;0;0;0;0;14;38;0;0;0;0;0,5;0;0;1;1;0;0;0,5;0;0;0;0;0;1;0;0;1;0;1;1;1;-1;1
82;5;0;7;135;1;0;0;0;0;0;1;0;0;0;1;1;0;0;1;0;11;77;39;0;1;1;0,941176471;0,945945946;0;1;0;0;0;0;1;1;0;0;0;0;0;0;1;-1;-1;1;-1;-1;1
83;2;1;2;34;1;1;0;0;0;0;0;0;0;0;1;0;0;0;0;0;18;9;0;0;0;1;0,91416309;0,08;0;1;0;1;0;0,008583691;1;0;0;0;0;1;0;0;1;1;1;0;0;-1;1
84;1;0;10;153;0;0;0;0;1;0;0;0;0;47;1;1;0;0;0;0;15;131;0;0;0;0;0;0;0;1;1;0;0;1;0;0;0;0;0;0;0;0;1;-1;1;1;1;-1;1
85;2;0;2;51;1;0;0;0;0;0;0;0;0;0;1;1;0;0;1;0;17;27;0;0;0;1;1;1;0;1;0;0;0;0;1;0;0;0;0;0;0;0;1;1;-1;1;-1;-1;1
86;5;1;5;120;1;0;0;0;1;0;0;0;0;17;1;1;0;0;1;0;23;90;0;0;2;1;0,857142857;1;1;1;0;1;0;0,071428571;1;0;0;0;0;0;0;0;1;-1;-1;0;-1;-1;1
87;3;0;5;67;1;0;0;0;0;0;0;0;0;0;1;0;0;0;0;0;16;44;0;0;2;0;0;0;0;1;0;0;0;0;0;0;0;0;0;0;0;0;1;0;1;1;1;1;1
88;2;0;2;41;0;0;0;0;0;0;0;0;0;0;1;0;0;0;0;0;18;16;0;0;0;0;0,857142857;0,6;0;1;0;0;0;0,142857143;1;0;0;0;0;0;0;0;1;1;-1;1;0;-1;1
89;2;0;2;40;0;0;0;0;0;0;0;0;0;0;1;0;0;0;0;0;18;15;0;0;0;0;0,857142857;0,6;0;1;0;0;0;0,142857143;1;0;0;0;0;0;0;0;1;1;-1;1;0;-1;1
90;1;0;2;39;1;1;0;0;0;0;0;0;0;0;1;0;0;0;0;0;23;9;0;0;0;0;0;0;0;1;0;0;0;0;0;0;0;0;0;0;0;0;1;1;1;1;1;1;1
91;3;1;2;58;1;0;0;0;0;0;0;0;0;0;1;0;0;0;0;0;28;23;0;0;0;0;0;0,153846154;0;1;0;0;0;0;0;0;0;0;0;0;0;0;1;0;1;1;1;1;1
92;2;1;4;46;1;0;0;0;0;0;0;0;0;0;1;1;0;0;0;0;14;25;0;0;0;0;0,777777778;0,222222222;0;1;0;0;0;0,222222222;0;0;0;0;0;1;0;0;1;1;1;1;0;-1;1
93;4;1;2;48;0;0;0;0;0;0;0;0;0;0;1;0;0;0;0;0;19;16;5;0;0;0;0;0,642857143;1;1;0;0;0;0;0;0;0;0;0;0;0;0;1;1;-1;1;0;1;1
94;2;0;5;139;0;0;0;0;0;0;2;1;0;43;1;1;0;0;0;0;21;60;50;0;0;0;0;0,625;0;1;0;0;0;0;0;0;0;0;0;0;0;0;1;-1;0;1;0;1;1
95;1;0;4;79;1;0;0;0;0;0;0;0;0;32;1;1;0;0;0;0;13;59;0;0;0;0;0;0;0;1;0;0;0;0;0;0;0;0;0;0;0;0;1;-1;1;1;1;1;1
96;1;0;4;79;1;0;0;0;0;0;0;0;0;30;1;1;0;0;0;0;13;59;0;0;0;0;0;0;0;1;0;0;0;0;0;0;0;0;0;0;0;0;1;-1;1;1;1;1;1
97;3;1;3;53;0;0;0;0;0;0;0;0;0;0;1;0;0;0;1;0;29;17;0;0;0;0;0;0;0;1;0;0;0;0;0;0;0;0;0;0;0;0;1;1;1;1;1;1;1
98;2;0;5;53;0;0;0;0;0;0;0;0;0;0;1;1;0;0;0;0;10;36;0;0;0;0;0;0,0625;1;1;0;0;0;1;0;0;0;0;0;0;0;1;1;1;1;1;1;-1;1
99;3;1;5;70;0;0;0;0;0;0;0;0;0;0;1;0;0;0;0;0;26;37;0;0;0;0;0;0;0;1;1;0;1;0;0;0;0;0;0;0;0;0;1;0;1;-1;1;1;1
100;3;0;2;49;0;0;0;0;0;0;0;0;0;0;1;0;0;0;0;0;28;14;0;0;0;0;0;0;0;1;0;0;0;1;0;0;0;0;0;0;0;0;1;1;1;1;1;-1;1
101;12;11;6;149;2;2;0;0;0;0;0;0;0;18;1;1;0;1;0;0;84;58;0;0;1;1;1;1;1;1;0;1;0;0;1;0;0;0;0;0;0;0;-1;-1;-1;0;-1;-1;1
102;4;1;5;152;2;0;0;0;7;0;2;2;0;4;1;1;0;0;1;0;18;39;87;0;0;0;0;0,2;0;1;1;0;0;0;0;0;0;0;0;0;0;0;1;-1;1;1;0;1;1
103;3;0;4;82;0;0;0;0;2;0;1;0;0;4;1;0;0;0;0;0;26;36;12;0;0;0;0;0,166666667;1;1;0;0;0;0;0;0;0;0;0;0;0;1;1;-1;1;1;0;1;1
104;2;0;2;39;0;0;0;0;0;0;0;0;0;0;1;0;0;0;0;0;10;22;0;0;1;0;0,75;0,111111111;1;1;0;0;0;0,125;0;0;0;0;0;0;0;0;1;1;1;1;1;-1;1
105;1;0;3;39;0;0;0;0;0;0;0;0;0;2;1;0;0;0;0;0;23;9;0;0;0;0;0;0;0;1;0;0;0;0;0;0;0;0;0;0;0;0;1;1;1;1;1;1;1
106;1;0;4;50;1;1;0;0;0;0;0;0;0;0;1;1;0;0;0;0;23;20;0;0;0;0;0;0;0;1;0;0;0;0;0;0;0;0;0;0;0;0;1;1;1;1;1;1;1
107;5;1;5;79;0;0;0;0;0;0;0;0;0;0;1;1;0;0;1;0;30;42;0;0;0;0;0;0;0;1;0;0;0;0;0;0;0;0;0;0;0;0;1;-1;1;1;1;1;1
108;1;0;2;25;0;0;0;0;0;0;0;0;0;0;1;1;0;0;0;0;13;5;0;0;0;0;0,933333333;1;0;1;0;0;0;0;1;0;0;0;0;0;0;0;1;1;1;1;-1;-1;1
109;3;0;3;212;0;0;0;0;8;0;10;9;0;48;1;1;0;0;0;0;15;33;156;0;0;0;0,090909091;0,739130435;0;1;0;0;0;0;1;1;0;0;0;0;0;0;1;-1;-1;1;0;1;1
110;3;0;3;57;0;0;0;0;0;0;0;0;0;0;1;1;0;0;0;0;15;33;1;0;0;0;0,090909091;0,739130435;0;1;0;0;0;0;1;1;0;0;0;0;0;0;1;0;-1;1;0;1;1
111;3;1;3;47;0;0;0;0;0;0;0;0;0;0;1;0;0;0;0;0;18;22;0;0;0;0;0;0,153846154;0;1;0;0;0;0;0;0;0;0;0;0;0;0;1;1;1;1;1;1;1
112;1;0;2;52;0;0;0;0;0;0;0;0;0;23;1;1;0;0;0;0;9;36;0;0;0;0;0;0;0;1;1;0;0;1;0;0;0;0;0;0;0;0;1;1;1;1;1;-1;1
113;2;0;3;40;0;0;0;0;0;0;0;0;0;0;1;0;0;0;0;0;16;17;0;0;0;0;1;1;0;1;0;0;0;0;1;0;0;0;0;0;0;0;1;1;-1;1;-1;-1;1
114;1;0;3;37;0;0;0;0;0;0;0;0;0;0;1;0;0;0;0;0;16;14;0;0;0;0;0;0;0;1;0;0;0;0;0;0;0;0;0;0;1;0;1;1;1;1;1;1;1
115;2;0;2;37;0;0;0;0;0;0;0;0;0;0;1;0;0;0;0;0;15;15;0;0;0;0;0;0,071428571;0;1;0;0;0;1;0;0;0;0;0;1;0;0;1;1;1;1;1;-1;1
116;3;1;2;64;2;2;0;0;0;0;0;0;0;0;1;1;0;0;0;0;37;20;0;0;0;0;1;0,142857143;1;1;0;0;0;0;0;0;0;0;0;1;0;0;1;0;1;1;0;-1;1
117;2;0;3;42;0;0;0;0;0;0;0;0;0;0;1;0;0;0;0;0;13;22;0;0;0;0;0;0;0;1;0;0;0;0;0;0;0;0;0;0;0;0;1;1;1;1;1;1;1
118;2;0;3;43;0;0;0;0;0;0;0;0;0;0;1;0;0;0;0;0;13;23;0;0;0;0;0;0;0;1;0;0;0;0;0;0;0;0;0;0;0;0;1;1;1;1;1;1;1
119;2;0;3;42;0;0;0;0;0;0;0;0;0;0;1;0;0;0;0;0;13;22;0;0;0;0;0;0;0;1;0;0;0;0;0;0;0;0;0;0;0;0;1;1;1;1;1;1;1
120;2;0;3;49;0;0;0;0;0;1;0;0;0;2;1;1;0;0;1;0;13;29;0;0;0;1;1;0,9;0;1;0;0;0;0;1;1;0;0;0;0;0;0;1;1;-1;1;-1;-1;1
121;3;1;5;64;0;0;0;0;0;0;0;0;0;1;1;0;0;0;1;0;21;36;0;0;0;1;0,909090909;1;0;1;0;0;0;0;1;0;0;0;0;0;0;0;1;0;1;1;-1;-1;1
122;2;0;4;68;0;0;0;0;0;0;0;0;0;0;1;1;0;0;0;0;23;38;0;0;0;1;1;1;1;1;0;1;0;0;1;0;0;0;0;0;0;0;1;0;-1;0;-1;-1;1
123;2;0;4;48;2;2;0;0;0;0;0;0;0;0;1;0;0;0;0;0;17;24;0;0;0;0;0,00729927;0,325;0;1;0;0;0;0,934306569;0;0;0;0;0;1;0;0;1;1;1;1;0;-1;1
124;2;0;4;49;2;2;0;0;0;0;0;0;0;0;1;0;0;0;0;0;17;25;0;0;0;0;0,25;0,1875;0;1;0;0;0;0,75;0;1;0;0;0;0;0;0;1;1;1;1;0;-1;1
125;1;0;4;38;2;2;0;0;0;0;0;0;0;0;1;0;0;0;0;0;17;14;0;0;0;0;0,00729927;0,325;0;1;0;0;0;0,934306569;0;0;0;0;0;1;0;0;1;1;1;1;0;-1;1
126;4;0;4;89;2;0;0;0;0;0;0;0;0;21;1;1;1;0;0;0;13;34;34;0;2;0;0;0,035714286;1;1;0;0;0;0;1;0;0;0;0;1;0;0;1;-1;1;1;1;1;1
127;2;1;5;79;0;0;0;0;0;0;0;0;0;20;1;1;0;0;1;0;19;53;0;0;0;0;0;0,777777778;1;1;1;0;0;0,785714286;0;0;0;0;0;0;0;0;1;-1;-1;1;0;-1;1
128;4;0;4;90;2;0;0;0;0;0;0;0;0;22;1;1;1;0;0;0;13;34;35;0;2;0;0;0,035714286;1;1;0;0;0;0;1;0;0;0;0;1;0;0;1;-1;1;1;1;1;1
129;4;0;4;89;2;0;0;0;0;0;0;0;0;21;1;1;1;0;0;0;13;34;34;0;2;0;0;0,035714286;1;1;0;0;0;0;1;0;0;0;0;1;0;0;1;-1;1;1;1;1;1
130;2;0;8;50;1;1;0;0;0;0;0;0;0;2;1;0;0;0;0;0;12;31;0;0;0;0;1;0,142857143;1;1;0;0;0;0;0;0;0;0;0;1;0;0;1;1;1;1;0;-1;1
131;3;1;3;54;1;0;0;0;0;0;0;0;0;0;1;0;0;0;0;0;22;25;0;0;0;0;1;1;0;1;0;1;0;0;1;0;0;0;0;1;0;0;1;0;-1;0;-1;-1;1
132;6;0;3;149;3;0;0;0;0;0;0;0;0;1;1;1;0;0;1;0;14;56;71;0;1;0;0;0;0;1;1;1;0;0;0;0;0;0;0;1;0;0;1;-1;1;0;1;1;1
133;2;0;8;50;1;1;0;0;0;0;0;0;0;2;1;0;0;0;0;0;12;31;0;0;0;0;1;0,142857143;1;1;0;0;0;0;0;0;0;0;0;1;0;0;1;1;1;1;0;-1;1
134;2;0;8;50;1;1;0;0;0;0;0;0;0;2;1;0;0;0;0;0;12;31;0;0;0;0;1;0,142857143;1;1;0;0;0;0;0;0;0;0;0;1;0;0;1;1;1;1;0;-1;1
135;2;1;3;37;0;0;0;0;0;0;0;0;0;1;1;1;0;0;0;0;15;15;0;0;0;0;0;0;0;1;0;0;0;0;0;0;0;0;0;0;0;0;1;1;1;1;1;1;1
136;4;2;5;62;1;0;0;0;0;0;0;0;0;0;1;0;0;0;0;0;16;39;0;0;0;0;0;0,642857143;1;1;0;0;0;1;0;0;0;0;0;0;0;0;1;0;-1;1;0;-1;1
137;1;0;2;29;0;0;0;0;0;0;0;0;0;0;1;0;0;0;0;0;17;5;0;0;0;0;1;1;0;1;0;0;0;0;1;0;0;0;0;0;0;0;1;1;-1;1;-1;-1;1
138;2;0;3;172;1;0;0;0;7;0;2;2;0;25;1;1;0;0;0;0;17;52;95;0;0;0;0;0,2;0;1;1;0;0;0;0;0;0;0;0;0;0;0;1;-1;1;1;0;1;1
139;2;0;3;164;1;0;0;0;7;0;2;2;0;25;1;1;0;0;0;0;17;52;87;0;0;0;0;0,2;0;1;1;0;0;0;0;0;0;0;0;0;0;0;1;-1;1;1;0;1;1
140;2;0;3;44;0;0;0;0;0;0;0;0;0;0;1;0;0;0;1;0;19;18;0;0;0;0;0;0,785714286;0;1;0;0;0;1;1;0;0;0;0;1;0;0;1;1;-1;1;1;-1;1
141;6;1;8;142;3;0;0;0;0;0;0;0;0;24;1;1;0;0;1;0;15;120;0;0;0;0;0,002793296;0,038461539;0;1;1;0;0;0,952513967;0;0;1;0;0;1;0;0;1;-1;1;1;1;-1;1
142;4;1;5;191;2;0;0;0;7;0;3;2;0;22;1;1;0;0;1;0;18;69;96;0;0;0;0;0,2;0;1;1;0;0;0;0;0;0;0;0;0;0;0;1;-1;1;1;0;1;1
143;4;1;5;191;2;0;0;0;7;0;3;2;0;26;1;1;0;0;1;0;18;69;96;0;0;0;0;0,2;0;1;1;0;0;0;0;0;0;0;0;0;0;0;1;-1;1;1;0;1;1
144;4;1;5;191;2;0;0;0;7;0;3;2;0;21;1;1;0;0;1;0;18;69;96;0;0;0;0;0,2;0;1;1;0;0;0;0;0;0;0;0;0;0;0;1;-1;1;1;0;1;1
145;1;0;4;59;0;0;0;0;0;0;0;0;0;22;1;1;0;0;1;0;12;40;0;0;0;0;0;0,125;0;1;1;0;0;0,923076923;0;0;0;0;0;0;0;0;1;0;1;1;1;-1;1
146;3;1;3;56;0;0;0;0;0;0;0;0;0;0;1;0;0;0;0;0;21;28;0;0;0;0;0;0,785714286;0;1;0;0;0;1;1;0;0;0;0;1;0;0;1;0;-1;1;1;-1;1
147;2;0;5;58;0;0;0;0;0;0;0;0;0;0;1;0;0;0;0;0;20;31;0;0;0;0;1;0,142857143;1;1;0;0;0;0;0;0;0;0;0;1;0;0;1;0;1;1;0;-1;1
148;4;0;2;53;0;0;0;0;0;0;0;0;0;0;1;0;0;0;1;0;22;24;0;0;0;1;0,5;1;0;1;1;1;1;0,5;1;0;0;0;0;0;0;0;1;1;-1;-1;-1;-1;1
149;2;0;2;33;0;0;0;0;0;0;0;0;0;0;1;0;0;0;1;0;12;14;0;0;0;0;0;0,785714286;0;1;0;0;0;1;1;0;0;0;0;1;0;0;1;1;-1;1;1;-1;1
150;2;0;2;33;0;0;0;0;0;0;0;0;0;0;1;1;0;0;0;0;9;17;0;0;0;0;0;0;0;1;0;0;0;0;0;0;0;0;0;0;0;0;1;1;1;1;1;1;1
151;2;1;2;55;1;1;0;0;0;0;0;0;0;0;1;1;0;0;0;0;37;11;0;0;0;0;0;0;0;1;1;0;0;1;0;0;0;0;0;0;0;0;1;0;1;1;1;-1;1
152;3;1;1;51;1;0;0;0;0;0;0;0;0;0;1;0;0;0;0;0;23;21;0;0;0;0;1;1;1;1;0;0;0;0;1;0;0;0;0;0;0;0;1;1;-1;1;-1;-1;1
153;1;0;5;41;0;0;0;0;0;0;0;0;0;0;1;1;0;0;1;0;15;19;0;0;0;0;1;1;1;1;0;0;0;0;1;0;0;0;0;1;0;0;1;1;-1;1;-1;-1;1
154;1;0;3;35;0;0;0;0;0;0;0;0;0;0;1;0;0;0;1;0;17;11;0;0;0;0;0;0;0;1;0;0;0;0;0;0;0;0;0;0;0;0;1;1;1;1;1;1;1
155;2;0;2;36;0;0;0;0;0;0;0;0;0;0;1;0;0;0;0;0;10;19;0;0;0;0;0,666666667;1;0;1;0;1;0;0,333333333;1;0;0;0;0;0;0;0;1;1;-1;0;-1;-1;1
156;3;0;3;65;0;0;0;0;0;0;0;0;0;0;1;0;0;0;1;0;20;38;0;0;0;0;0;1;1;1;0;0;0;1;1;0;0;0;0;0;0;0;1;0;-1;1;-1;-1;1
157;3;0;5;187;2;0;0;0;7;0;3;2;0;23;1;1;0;0;1;0;14;69;96;0;0;0;0;0,2;0;1;1;0;0;0;0;0;0;0;0;0;0;0;1;-1;1;1;0;1;1
158;3;0;4;69;0;0;0;0;1;0;0;0;0;0;1;0;0;0;0;0;26;36;0;0;0;0;0;0,166666667;1;1;0;0;0;0;0;0;0;0;0;0;0;1;1;0;1;1;0;1;1
159;5;1;4;83;0;0;0;0;0;0;2;0;0;12;0;0;0;0;1;0;11;27;36;0;0;0;0;0,642857143;1;0;0;0;0;0;0;0;0;0;0;0;0;0;1;-1;-1;1;0;1;1
160;3;0;2;49;0;0;0;0;0;0;0;0;0;0;1;1;0;0;0;0;9;33;0;0;0;0;0,223684211;0,882352941;0;1;0;0;0;0;0;0;0;0;0;0;0;0;1;1;-1;1;-1;1;1
161;2;0;3;48;0;0;0;0;0;0;0;0;0;0;1;0;0;0;0;0;15;26;0;0;0;0;0;0,071428571;0;1;0;0;0;1;0;0;0;0;0;1;0;0;1;1;1;1;1;-1;1
162;2;1;2;56;1;1;0;0;0;0;0;0;0;0;0;1;0;0;0;0;37;11;0;0;0;0;0;0;0;0;1;0;0;1;0;0;0;0;0;0;0;0;1;0;1;1;1;-1;1
163;2;0;3;42;0;0;0;0;0;0;0;0;0;0;1;0;0;0;0;0;13;22;0;0;0;0;0;0;0;1;0;0;0;0;0;0;0;0;0;0;0;0;1;1;1;1;1;1;1
164;5;4;2;74;1;1;0;0;0;0;0;0;0;7;1;1;0;1;1;0;63;4;0;0;0;0;0;0;0;1;0;0;0;0,975;0;0;0;0;0;0;0;0;-1;0;1;1;1;-1;1
165;5;4;2;86;1;1;0;0;0;0;1;0;0;4;1;1;0;1;1;0;49;4;25;0;0;0;0;0;0;1;0;0;0;0;0;0;0;0;0;0;0;0;-1;-1;1;1;1;1;1
166;8;7;2;111;2;2;0;0;0;0;1;0;0;10;1;1;0;1;1;0;62;4;37;0;0;0;0;0;0;1;0;0;0;0;0;0;0;0;0;0;0;0;-1;-1;1;1;1;1;1
167;8;7;2;123;1;1;0;0;0;0;1;0;0;13;1;1;0;1;1;0;65;4;46;0;0;0;0;0;0;1;0;0;0;0;0;0;0;0;0;0;0;0;-1;-1;1;1;1;1;1
168;5;4;2;95;1;1;0;0;0;0;1;0;0;8;1;1;0;1;1;0;53;4;30;0;0;0;0;0;0;1;0;0;0;0;0;0;0;0;0;0;0;0;-1;-1;1;1;1;1;1
169;4;1;3;55;0;0;0;0;0;0;0;0;0;0;1;0;0;0;1;0;31;17;0;0;0;0;0;0;0;1;0;0;0;0;0;0;0;0;0;0;0;0;1;0;1;1;1;1;1
170;2;1;3;52;0;0;0;0;0;0;0;0;0;1;1;1;0;0;0;0;33;12;0;0;0;0;0;0;0;1;0;0;0;0;0;0;0;0;0;0;0;0;1;1;1;1;1;1;1
171;2;0;2;37;0;0;0;0;0;0;0;0;0;0;1;0;0;0;0;0;14;16;0;0;0;0;0,923076923;1;0;1;0;0;0;0;1;0;0;0;0;0;0;0;1;1;1;1;-1;-1;1
172;3;1;5;84;1;0;0;0;0;0;0;0;0;1;1;0;0;0;0;0;25;52;0;0;0;0;0;0;0;1;0;0;0;0;0;0;0;0;0;0;0;0;1;-1;1;1;1;1;1
173;3;1;4;53;0;0;0;0;0;0;0;0;0;0;1;0;0;0;1;0;18;28;0;0;0;0;0;0;0;1;0;0;0;0;0;0;0;0;0;0;0;0;1;1;1;1;1;1;1
174;2;0;2;92;1;0;0;0;5;0;1;0;0;5;1;1;0;0;0;0;14;19;51;0;0;0;0;0,333333333;0;1;1;0;0;0;0;0;0;0;0;0;0;0;1;-1;1;1;-1;1;1
175;2;0;2;28;0;0;0;0;0;0;0;0;0;0;1;0;0;0;0;0;18;3;0;0;0;0;0;0,176470588;1;1;0;0;0;1;0;0;0;0;0;0;0;0;1;1;1;1;1;-1;1
176;2;0;3;39;0;0;0;0;0;0;0;0;0;0;1;0;0;0;0;0;9;23;0;0;0;0;0;0,333333333;1;0;0;0;0;0;0;0;0;0;0;0;0;0;1;1;1;1;0;1;1
177;2;0;4;48;1;0;0;0;0;0;0;0;0;0;1;0;0;0;0;0;10;31;0;0;0;0;0,923076923;1;0;1;0;0;0;0;1;0;0;0;0;0;0;0;1;1;1;1;-1;-1;1
178;2;0;1;37;0;0;0;0;0;0;0;0;0;0;1;0;0;0;0;0;21;9;0;0;0;0;0,857142857;1;0;1;0;0;0;0,142857143;1;0;0;0;0;0;0;0;1;1;-1;1;-1;-1;1
179;2;0;2;39;0;0;0;0;0;0;0;0;0;0;1;1;0;0;1;0;18;14;0;0;0;0;0;0;0;1;0;0;0;0;0;0;0;0;0;0;0;0;1;1;1;1;1;1;1
180;3;1;2;35;0;0;0;0;0;0;0;0;0;2;1;0;0;0;0;0;15;13;0;0;0;0;0,888888889;0,933333333;0;1;1;0;0;0;1;0;0;0;0;0;0;0;1;1;-1;1;-1;-1;1
181;1;0;3;37;0;0;0;0;0;0;0;0;0;0;1;0;0;0;0;0;16;14;0;0;0;0;0;0;0;1;0;0;0;0;0;0;0;0;0;0;1;0;1;1;1;1;1;1;1
182;2;0;3;45;0;0;0;0;0;0;0;0;0;0;1;0;0;0;1;0;15;23;0;0;0;0;0;0,071428571;0;1;0;0;0;1;0;0;0;0;0;1;0;0;1;1;1;1;1;-1;1
183;3;1;2;47;0;0;0;0;0;0;0;0;0;0;1;0;0;0;0;0;17;23;0;0;0;0;1;0,714285714;1;1;0;0;0;0;1;0;0;0;0;1;0;0;1;1;-1;1;0;-1;1
184;3;1;4;60;2;1;0;0;0;0;0;0;0;0;1;0;0;0;1;0;21;32;0;0;0;0;0;0,285714286;0;1;0;0;0;0;0;0;0;0;0;0;0;0;1;0;1;1;-1;1;1
185;2;0;3;35;0;0;0;0;0;0;0;0;0;0;1;0;0;0;0;0;15;13;0;0;0;0;0;0;0;1;0;0;0;0;0;0;0;0;0;0;1;0;1;1;1;1;1;1;1
186;4;0;4;97;2;0;0;0;0;0;0;0;0;18;1;0;1;0;0;0;13;45;31;0;2;0;0;0,035714286;1;1;0;0;0;0;1;0;0;0;0;1;0;0;1;-1;1;1;1;1;1
187;4;0;4;98;2;0;0;0;0;0;0;0;0;19;1;0;1;0;0;0;13;45;32;0;2;0;0;0,035714286;1;1;0;0;0;0;1;0;0;0;0;1;0;0;1;-1;1;1;1;1;1
188;3;0;2;44;1;1;0;0;0;0;0;0;0;0;1;0;0;0;0;0;17;20;0;0;0;0;0;0,2;1;1;0;0;0;0,058823529;0;0;0;0;0;1;0;0;1;1;1;1;0;1;1
189;3;0;4;61;0;0;0;0;0;0;0;0;0;2;1;1;0;0;0;0;24;30;0;0;0;0;0;0;0;0;0;0;0;0;1;0;0;0;0;0;1;0;1;0;1;1;1;1;1
190;1;0;4;52;0;0;0;0;0;0;0;0;0;0;1;1;0;0;0;0;24;21;0;0;0;0;0;0,785714286;0;1;0;0;0;1;1;0;0;0;0;1;0;0;1;1;-1;1;1;-1;1
191;4;2;1;50;0;0;0;0;0;0;0;0;0;0;1;0;0;0;0;0;28;15;0;0;0;0;1;1;0;1;0;0;0;0;1;0;0;0;0;1;0;0;0;1;-1;1;1;-1;1
192;4;0;4;100;2;0;0;0;0;0;0;0;0;21;1;0;1;0;0;0;13;45;34;0;2;0;0;0,035714286;1;1;0;0;0;0;1;0;0;0;0;1;0;0;1;-1;1;1;1;1;1
193;4;0;4;99;2;0;0;0;0;0;0;0;0;20;1;0;1;0;0;0;13;45;33;0;2;0;0;0,035714286;1;1;0;0;0;0;1;0;0;0;0;1;0;0;1;-1;1;1;1;1;1
194;1;0;3;36;0;0;0;0;0;0;0;0;0;0;1;0;0;0;0;0;18;11;0;0;0;0;0,913043478;1;1;1;1;0;0;0,065217391;1;0;0;0;0;0;0;0;1;1;-1;1;-1;-1;1
195;3;1;5;60;1;0;0;0;0;0;0;0;0;0;1;0;0;0;1;0;14;39;0;0;0;1;1;0,095238095;1;1;0;0;0;0;1;0;0;0;1;0;0;0;1;0;1;1;1;-1;1
196;4;1;6;73;1;1;0;0;0;0;0;0;0;3;1;1;0;0;1;0;23;43;0;0;0;0;0,857142857;1;1;1;0;0;0;0,142857143;1;0;0;0;0;1;0;0;1;0;-1;1;-1;-1;1
197;1;0;6;64;1;0;0;0;0;0;0;0;0;0;1;0;0;0;1;0;21;36;0;0;0;0;0;0;0;1;0;0;0;0;0;0;0;0;0;0;0;0;1;0;1;1;1;1;1
198;1;0;4;38;1;0;0;0;0;0;0;0;0;0;1;0;0;0;0;0;10;21;0;0;0;0;0,923076923;1;0;1;0;0;0;0;1;0;0;0;0;0;0;0;1;1;1;1;-1;-1;1
199;1;0;3;72;0;0;0;0;0;0;0;0;0;21;1;1;0;0;0;0;26;39;0;0;0;0;0;0,785714286;0;1;0;0;0;1;1;0;0;0;0;1;0;0;1;0;-1;1;1;-1;1
200;4;0;1;104;11;1;0;0;0;0;0;0;0;14;1;1;0;0;1;0;19;78;0;0;0;1;0,926829268;1;1;1;0;1;0;0,024390244;1;0;0;0;0;0;0;0;1;-1;-1;0;-1;-1;1
201;3;1;5;60;1;0;0;0;0;0;0;0;0;0;1;1;0;0;1;0;24;29;0;0;0;0;0;0;0;1;0;0;0;0;0;0;0;0;0;0;0;0;1;0;1;1;1;1;1
202;4;1;7;83;0;0;0;0;0;2;0;0;0;10;1;1;0;0;0;0;18;58;0;0;0;0;0;0;0;1;0;0;0;1;0;0;0;0;0;0;0;1;1;-1;1;1;1;-1;1
203;1;0;5;42;0;0;0;0;0;0;0;0;0;0;1;0;0;0;1;0;20;15;0;0;0;0;0;0;0;1;0;0;0;0;0;0;0;0;0;0;0;0;1;1;1;1;1;1;1
204;3;1;4;50;0;0;0;0;0;0;0;0;0;0;1;0;0;0;1;0;21;22;0;0;0;0;0;0;0;1;0;0;0;0;0;0;0;0;0;0;0;0;1;1;1;1;1;1;1
205;4;1;2;59;0;0;0;0;0;0;0;0;0;2;1;0;0;0;0;0;33;19;0;0;0;0;1;0,636363636;0;1;1;0;0;0;1;0;0;0;0;0;0;0;1;0;-1;1;0;-1;1
206;1;0;3;35;0;0;0;0;0;0;0;0;0;0;1;1;0;0;0;0;16;12;0;0;0;0;0;0;0;1;0;0;0;0;0;0;0;0;0;0;0;0;1;1;1;1;1;1;1
207;2;0;3;45;0;0;0;0;0;0;0;0;0;0;1;0;0;0;1;0;20;18;0;0;0;0;0;0;0;1;0;0;0;0;0;0;0;0;0;0;1;0;1;1;1;1;1;1;1
208;2;0;2;38;0;0;0;0;0;0;0;0;0;0;1;1;0;0;0;0;16;15;0;0;0;0;0;0;0;1;0;0;0;0;0;0;0;0;0;0;0;0;1;1;1;1;1;1;1
209;2;1;4;54;1;1;0;0;0;0;0;0;0;0;1;1;0;0;0;0;27;20;0;0;0;0;0;0;0;1;0;0;0;0;0;0;0;0;0;0;0;0;1;0;1;1;1;1;1
210;1;0;3;47;2;1;0;0;0;0;0;0;0;0;1;0;0;0;0;0;20;20;0;0;0;0;0;0,0625;1;1;0;0;0;0;0;0;0;0;0;0;0;0;1;1;1;1;-1;1;1
211;1;0;3;38;0;0;0;0;0;0;0;0;0;0;1;1;0;0;1;0;21;10;0;0;0;0;1;0,105263158;0;1;0;0;0;0;0;0;0;0;0;0;0;0;1;1;1;1;1;-1;1
212;4;1;3;71;1;0;0;0;0;0;0;0;0;1;1;0;0;0;0;0;30;34;0;0;0;0;1;1;0;1;0;0;0;0;1;0;0;0;0;1;1;0;1;0;-1;1;-1;-1;1
213;1;0;3;38;0;0;0;0;0;0;0;0;0;0;1;0;0;0;0;0;15;16;0;0;0;0;0;0,071428571;0;1;0;0;0;1;0;0;0;0;0;1;0;0;1;1;1;1;1;-1;1
214;3;1;3;61;0;0;0;0;0;0;0;0;0;1;1;1;0;0;0;0;33;21;0;0;0;0;0;0;0;1;0;0;0;0;0;0;0;0;0;0;0;0;1;0;1;1;1;1;1
215;1;0;3;33;0;0;0;0;0;0;0;0;0;0;1;0;0;0;0;0;15;11;0;0;0;0;0;0,071428571;0;1;0;0;0;1;0;0;0;0;0;1;0;0;1;1;1;1;1;-1;1
216;1;0;3;36;0;0;0;0;0;0;0;0;0;0;1;0;0;0;0;0;15;14;0;0;0;0;0;0,071428571;0;1;0;0;0;1;0;0;0;0;0;1;0;0;1;1;1;1;1;-1;1
217;3;0;5;62;0;0;0;0;0;0;0;0;0;0;1;1;0;0;0;0;17;38;0;0;0;0;0;0;0;1;0;0;0;0;0;0;0;0;0;0;0;0;1;0;1;1;1;1;1
218;1;0;2;33;1;1;0;0;0;0;0;0;0;1;1;1;0;0;1;0;22;4;0;0;0;0;1;0,285714286;0;1;0;0;0;0;1;0;0;0;0;0;0;0;1;1;1;1;0;-1;1
219;2;0;7;69;1;0;0;0;0;0;0;0;0;6;1;1;0;0;0;0;10;52;0;0;0;0;0;0;0;0;0;0;0;0;1;0;0;0;0;0;1;0;1;0;1;1;1;1;1
220;2;1;5;50;0;0;0;0;0;0;0;0;0;0;1;1;0;0;0;0;23;20;0;0;0;0;0;0;0;1;0;0;0;0;0;0;0;0;0;0;0;0;1;1;1;1;1;1;1
221;3;1;4;126;0;0;0;0;0;0;1;0;0;41;1;0;0;0;0;0;15;35;68;0;1;0;0;0;0;1;0;0;0;0;0;0;0;0;0;0;0;0;1;-1;1;1;1;1;1
222;3;1;4;63;1;1;0;0;0;0;0;0;0;0;1;1;0;0;0;0;27;29;0;0;0;0;0;0;0;1;0;0;0;0;0;0;0;0;0;0;0;0;1;0;1;1;1;1;1
223;3;1;6;68;1;0;0;0;0;0;0;0;0;0;1;0;0;0;0;0;17;44;0;0;0;0;0;0;0;1;0;0;0;0;0;0;0;0;0;0;0;0;1;0;1;1;1;1;1
224;1;0;2;34;0;0;0;0;0;0;0;0;0;1;1;1;0;0;0;0;17;10;0;0;0;0;0;0;0;1;0;0;0;0;0;0;0;0;0;0;0;0;1;1;1;1;1;1;1
225;3;1;1;30;0;0;0;0;0;0;0;0;0;0;1;0;0;0;0;0;13;10;0;0;0;0;0,923076923;1;0;1;0;0;0;0;1;0;0;0;0;0;0;0;1;1;1;1;-1;-1;1
226;1;0;6;53;0;0;0;0;0;0;0;0;0;2;1;0;0;0;1;0;7;39;0;0;0;0;0,942857143;0,933333333;0;1;1;0;1;0,057142857;1;0;0;0;0;1;0;0;1;1;-1;-1;-1;-1;1
227;5;3;2;72;4;4;0;0;0;0;1;0;0;13;1;1;0;1;0;0;37;18;9;0;1;0;0;0,058823529;0;1;1;0;0;0;0;0;0;0;0;0;0;0;-1;0;0;1;1;1;1
228;2;0;4;57;1;0;0;0;0;0;0;0;0;4;1;1;0;0;0;0;16;34;0;0;0;0;0;0;0;1;0;0;0;0;0;0;0;0;0;0;0;0;1;0;1;1;1;1;1
229;2;0;2;97;1;0;0;0;5;0;1;0;0;2;1;1;0;0;0;0;19;19;51;0;0;0;0;0,333333333;0;1;1;0;0;0;0;0;0;0;0;0;0;0;1;-1;1;1;-1;1;1
230;2;0;2;45;0;0;0;0;1;0;0;0;0;0;1;1;0;0;0;0;19;19;0;0;0;0;0;0,333333333;0;1;1;0;0;0;0;0;0;0;0;0;0;0;1;1;1;1;-1;1;1
231;2;1;5;57;1;0;0;0;0;0;0;0;0;0;1;0;0;0;0;0;25;25;0;0;0;0;0;0,066666667;0;1;0;0;0;1;0;0;0;0;0;1;0;0;1;0;1;1;1;-1;1
232;3;1;4;61;0;0;0;0;0;0;0;0;0;0;1;0;0;0;1;0;20;34;0;0;1;0;1;0,076923077;0;1;1;0;0;0;0;0;0;0;0;0;0;0;1;0;1;1;0;-1;1
233;2;0;2;54;0;0;0;0;1;0;0;0;0;4;1;1;0;0;0;0;17;30;0;0;0;0;0,923076923;1;0;1;0;0;0;0;1;0;0;0;0;0;0;0;1;0;1;1;-1;-1;1
234;2;0;2;40;0;0;0;0;0;0;0;0;0;0;1;1;0;0;1;0;28;5;0;0;0;0;0,933333333;1;0;1;0;0;0;0;1;0;0;0;0;0;0;0;1;1;1;1;-1;-1;1
235;2;0;2;127;1;0;0;0;7;0;1;2;0;7;1;1;0;0;0;0;14;19;86;0;0;0;0;0,333333333;0;1;1;0;0;0;0;0;0;0;0;0;0;0;1;-1;1;1;-1;1;1
236;2;0;2;132;1;0;0;0;7;0;1;2;0;4;1;1;0;0;0;0;19;19;86;0;0;0;0;0,333333333;0;1;1;0;0;0;0;0;0;0;0;0;0;0;1;-1;1;1;-1;1;1
237;3;0;4;66;1;1;0;0;0;0;0;0;0;0;1;1;0;0;0;0;16;43;0;0;0;0;1;0,9375;0;1;0;1;0;0;1;1;0;0;0;0;0;0;1;0;0;0;-1;-1;1
238;2;0;2;40;0;0;0;0;1;0;0;0;0;3;1;1;0;0;0;0;14;19;0;0;0;0;0;0,333333333;0;1;1;0;0;0;0;0;0;0;0;0;0;0;1;1;1;1;-1;1;1
239;4;2;2;53;0;0;0;0;0;0;0;0;0;0;1;0;0;0;0;0;32;14;0;0;0;0;0,923076923;1;0;1;0;0;0;0;1;0;0;0;0;0;0;0;0;1;1;1;-1;-1;1
240;2;0;3;41;0;0;0;0;0;0;0;0;0;0;1;1;0;0;1;0;13;21;0;0;0;0;0,923076923;1;0;1;0;0;0;0;1;0;0;0;0;0;0;0;1;1;1;1;-1;-1;1
241;2;0;2;144;1;0;0;0;7;0;2;2;0;4;1;1;0;0;0;0;19;22;95;0;0;0;0;0,333333333;0;1;1;0;0;0;0;0;0;0;0;0;0;0;1;-1;1;1;-1;1;1
242;2;0;2;100;1;0;0;0;5;0;1;0;0;2;1;1;0;0;0;0;19;22;51;0;0;0;0;0,333333333;0;1;1;0;0;0;0;0;0;0;0;0;0;0;1;-1;1;1;-1;1;1
243;2;0;2;136;1;0;0;0;7;0;2;2;0;4;1;1;0;0;0;0;19;22;87;0;0;0;0;0,333333333;0;1;1;0;0;0;0;0;0;0;0;0;0;0;1;-1;1;1;-1;1;1
244;5;1;2;53;1;0;0;0;0;0;0;0;0;0;1;0;0;0;1;0;18;28;0;0;1;1;0,471698113;0,976744186;0;1;0;0;0;0,037735849;1;0;0;0;0;0;0;0;1;1;-1;1;-1;0;1
245;4;2;2;57;1;1;0;0;0;0;0;0;0;1;1;1;0;0;0;0;33;17;0;0;0;0;0,972222222;0,035294118;1;1;0;0;0;0,027777778;0;0;0;0;0;1;0;0;0;0;1;1;1;-1;1
246;4;0;2;46;1;0;0;0;0;0;0;0;0;0;1;0;0;0;1;0;9;30;0;0;1;1;0,471698113;0,976744186;0;1;0;0;0;0,037735849;1;0;0;0;0;0;0;0;1;1;-1;1;-1;0;1
247;2;0;2;133;1;0;0;0;7;0;2;2;0;4;1;1;0;0;0;0;19;19;87;0;0;0;0;0,333333333;0;1;1;0;0;0;0;0;0;0;0;0;0;0;1;-1;1;1;-1;1;1
248;2;0;4;73;1;0;0;0;0;0;0;0;0;19;1;1;0;0;0;0;13;53;0;0;0;1;1;1;0;1;0;0;0;0;1;0;0;0;0;1;0;0;1;0;-1;1;-1;-1;1
249;1;0;2;29;0;0;0;0;0;0;0;0;0;0;1;0;0;0;0;0;17;5;0;0;0;0;1;1;0;1;0;0;0;0;1;0;0;0;0;0;0;0;1;1;-1;1;-1;-1;1
250;1;0;2;28;0;0;0;0;0;0;0;0;0;0;1;0;0;0;1;0;17;4;0;0;0;0;1;1;0;1;0;0;0;0;1;0;0;0;0;0;0;0;1;1;-1;1;-1;-1;1
251;2;0;5;62;1;0;0;0;0;0;0;0;0;0;1;1;0;0;0;0;19;36;0;0;0;0;0,933333333;1;0;1;0;0;0;0;1;0;0;0;0;0;0;0;1;0;1;1;-1;-1;1
252;2;0;2;128;1;0;0;0;7;0;2;2;0;7;1;1;0;0;0;0;14;19;87;0;0;0;0;0,333333333;0;1;1;0;0;0;0;0;0;0;0;0;0;0;1;-1;1;1;-1;1;1
253;2;0;3;51;0;0;0;0;0;0;0;0;0;8;1;1;0;0;0;0;15;29;0;0;0;0;0;0;0;1;1;0;0;1;0;0;0;0;0;0;0;0;1;1;1;1;1;-1;1
254;2;0;3;146;1;1;0;0;1;0;0;0;0;25;1;1;0;0;0;0;20;54;64;0;0;0;0,024752475;0,026666667;1;1;1;0;0;0;0;0;0;0;0;1;0;0;1;-1;1;1;1;1;1
255;4;0;4;80;0;0;0;0;0;0;0;0;0;0;1;0;0;0;0;0;33;40;0;0;1;0;1;0;0;1;0;0;0;0;0;0;0;0;0;1;0;0;1;-1;1;1;1;-1;1
256;2;0;2;29;0;0;0;0;0;0;0;0;0;0;1;0;0;0;1;0;16;6;0;0;0;0;0;0;0;1;1;0;0;1;0;0;0;0;0;0;0;0;1;1;1;1;1;-1;1
257;2;0;4;62;1;0;0;0;0;0;0;0;0;0;1;0;0;0;0;0;22;33;0;0;0;0;0;0,222222222;0;1;0;0;0;0;0;0;0;0;0;0;0;0;1;0;0;1;1;1;1
258;2;0;3;49;0;0;0;0;0;0;0;0;0;0;1;1;0;0;0;0;13;29;0;0;1;1;1;1;0;1;0;0;0;0;1;0;0;0;0;0;0;0;1;1;-1;1;-1;-1;1
259;5;1;2;60;1;0;0;0;0;0;0;0;0;0;1;0;0;0;1;0;25;28;0;0;1;1;0,471698113;0,976744186;0;1;0;0;0;0,037735849;1;0;0;0;0;0;0;0;1;0;-1;1;-1;0;1
260;2;0;5;58;1;0;0;0;0;0;0;0;0;6;1;1;0;0;0;0;13;38;0;0;0;1;1;1;1;1;0;0;0;0;1;0;0;0;0;1;0;0;1;0;-1;1;-1;-1;1
261;2;1;0;30;0;0;0;0;0;0;0;0;0;3;1;1;0;0;0;0;22;1;0;0;0;0;0;0,090909091;0;1;0;0;0;1;0;0;0;0;0;0;0;0;1;1;1;1;1;-1;1
262;2;0;4;60;0;0;0;0;0;0;0;0;0;0;1;0;0;0;0;0;16;37;0;0;0;0;0,785714286;0,090909091;1;1;0;0;0;0,214285714;0;0;0;0;0;0;0;0;1;0;1;1;0;-1;1
263;2;0;2;39;0;0;0;0;0;0;0;0;0;0;1;0;0;0;0;0;17;15;0;0;0;0;1;1;0;1;0;0;0;0;1;0;0;0;0;0;0;0;1;1;-1;1;-1;-1;1
264;2;0;4;57;0;0;0;0;0;0;0;0;0;0;1;0;0;0;0;0;16;34;0;0;0;0;0;0;0;1;0;0;0;0;0;0;0;0;0;0;0;0;1;0;1;1;1;1;1
265;2;0;2;39;0;0;0;0;0;0;0;0;0;0;1;0;0;0;0;0;17;15;0;0;0;0;1;1;0;1;0;0;0;0;1;0;0;0;0;0;0;0;1;1;-1;1;-1;-1;1
266;2;0;2;38;0;0;0;0;0;0;0;0;0;0;1;0;0;0;1;0;17;14;0;0;0;0;1;1;0;1;0;0;0;0;1;0;0;0;0;0;0;0;1;1;-1;1;-1;-1;1
267;2;0;6;54;1;0;0;0;0;0;0;0;0;0;1;0;0;0;1;0;16;31;0;0;0;0;0;0;0;1;0;0;0;0;0;0;0;0;0;0;0;0;1;0;1;1;1;1;1
268;2;1;4;48;1;1;0;0;0;0;0;0;0;0;1;1;0;0;0;0;19;22;0;0;0;0;0;0;0;1;0;0;0;0;0;0;0;0;0;0;0;0;1;1;1;1;1;1;1
269;3;0;5;72;1;0;0;0;0;0;0;0;0;0;1;1;0;0;0;0;19;46;0;0;0;0;0,933333333;1;0;1;0;0;0;0;1;0;0;0;0;0;0;0;1;0;1;1;-1;-1;1
270;3;1;6;76;2;0;0;0;0;0;0;0;0;1;1;0;0;0;1;0;17;52;0;0;0;0;0;0;0;1;0;0;0;0;0;0;0;0;0;0;0;0;1;-1;1;1;1;1;1
271;4;2;4;71;5;4;0;0;0;0;0;0;0;9;1;0;0;0;0;0;35;29;0;0;1;0;0;0,642857143;1;1;0;0;0;1;0;0;0;0;0;0;0;0;0;0;-1;1;0;-1;1
272;2;0;2;34;0;0;0;0;0;0;0;0;0;0;1;1;0;0;0;0;11;16;0;0;0;0;1;1;0;1;0;0;0;0;1;0;0;0;0;0;0;0;1;1;-1;1;-1;-1;1
273;4;0;5;76;0;0;0;0;0;0;0;0;0;0;1;1;0;0;1;0;25;44;0;0;0;0;0;0;0;1;1;0;0;0;0;0;0;0;0;0;0;0;1;-1;1;1;1;1;1
274;3;0;3;211;0;0;0;0;8;0;9;9;0;48;1;1;0;0;0;0;15;33;155;0;0;0;0,090909091;0,739130435;0;1;0;0;0;0;1;1;0;0;0;0;0;0;1;-1;-1;1;0;1;1
275;1;0;3;26;0;0;0;0;0;0;0;0;0;0;1;0;0;0;1;0;12;7;0;0;0;0;0;0,125;0;1;1;0;0;0,923076923;0;0;0;0;0;0;0;0;1;1;1;1;1;-1;1
276;3;1;5;63;1;0;0;0;0;0;0;0;0;0;1;0;0;0;0;0;31;25;0;0;0;0;0;0;0;1;0;0;0;0;0;0;0;0;0;0;0;0;1;0;1;1;1;1;1
277;3;1;3;76;1;1;0;0;0;0;0;0;0;0;0;1;0;0;0;0;41;27;0;0;0;0;0;0;0;0;1;0;0;0;0;0;0;0;0;0;0;0;1;-1;1;1;1;1;1
278;3;1;4;60;1;1;0;0;0;0;0;0;0;0;1;0;0;0;1;0;20;33;0;0;1;0;0,974358974;0;0;1;0;0;0;0;0;0;0;0;0;0;0;0;1;0;1;1;1;-1;1
279;1;0;1;32;0;0;0;0;0;0;0;0;0;0;1;0;0;0;1;0;21;4;0;0;0;0;0;0,785714286;0;1;0;0;0;1;1;0;0;0;0;1;0;0;1;1;-1;1;1;-1;1
280;4;0;4;101;2;0;0;0;0;0;0;0;0;20;1;1;1;0;0;0;13;47;33;0;2;0;0;0,035714286;1;1;0;0;0;0;1;0;0;0;0;1;0;0;1;-1;1;1;1;1;1
281;2;1;2;39;0;0;0;0;0;0;0;0;0;0;1;0;0;0;0;0;21;11;0;0;0;0;0;0,074074074;1;1;0;0;0;0;0;0;0;0;0;0;0;0;1;1;1;1;1;1;1
282;1;0;5;62;1;0;0;0;0;0;0;0;0;0;1;1;0;0;0;0;18;37;0;0;0;0;0,923076923;1;0;1;0;0;0;0;1;0;0;0;0;0;0;0;1;0;1;1;-1;-1;1
283;3;1;6;58;1;0;0;0;0;0;0;0;0;0;1;0;0;0;1;0;20;31;0;0;0;0;0;0;0;1;0;0;0;0;0;0;0;0;0;0;0;0;1;0;1;1;1;1;1
284;3;0;3;64;3;0;0;0;0;0;0;0;0;0;1;0;0;0;0;0;13;44;0;0;0;0;0,5;1;0;1;0;0;0;0;1;0;0;0;0;0;0;0;1;0;-1;1;-1;0;1
285;2;0;4;51;0;0;0;0;0;0;0;0;0;1;1;1;0;0;1;0;12;32;0;0;0;0;0;1;1;1;0;0;0;1;1;0;0;0;0;0;0;0;1;1;-1;1;-1;-1;1
286;2;0;3;37;0;0;0;0;0;0;0;0;0;4;1;1;0;0;0;0;14;16;0;0;0;0;0;0;0;1;0;0;0;0;0;0;0;0;0;0;0;0;1;1;1;1;1;1;1
287;3;1;5;73;1;0;0;0;0;0;0;0;0;0;1;0;0;0;1;0;17;49;0;0;0;0;0;0,083333333;0;1;0;0;0;0;0;0;0;0;0;0;0;0;1;0;1;1;1;1;1
288;4;1;3;64;4;4;0;0;0;0;0;0;0;0;1;0;0;0;0;0;33;24;0;0;1;0;1;0,5;1;1;1;0;0;0;1;0;0;0;0;0;0;0;1;0;1;1;0;-1;1
289;4;1;4;69;2;1;0;0;0;0;0;0;0;0;1;0;0;0;1;0;21;41;0;0;0;0;0;0,285714286;0;1;0;0;0;0;0;0;0;0;0;0;0;0;1;0;1;1;-1;1;1
290;2;0;2;46;0;0;0;0;0;0;0;0;0;0;1;0;0;0;0;0;23;16;0;0;1;0;0;0;0;1;1;0;0;0;0;0;0;0;0;0;1;0;1;1;1;1;1;1;1
291;3;1;3;91;0;0;0;0;0;0;1;0;0;22;1;1;0;0;0;0;23;25;35;0;0;0;0;0;0;1;0;0;0;0;0;0;0;0;0;0;0;0;1;-1;1;1;1;1;1
292;5;0;4;61;0;0;0;0;0;0;1;0;0;0;1;0;0;0;1;0;11;38;4;0;1;1;0,923076923;1;1;1;0;0;0;0;1;0;0;0;0;0;0;0;1;0;1;1;-1;-1;1
293;1;0;3;60;0;0;0;0;1;0;0;0;0;23;1;1;0;0;0;0;7;46;0;0;0;0;0;0;0;1;0;0;0;1;0;0;0;0;0;0;0;1;1;0;1;1;1;-1;1
294;1;0;3;60;0;0;0;0;1;0;0;0;0;16;1;1;0;0;0;0;7;46;0;0;0;0;0;0;0;1;0;0;0;1;0;0;0;0;0;0;0;1;1;0;1;1;1;-1;1
295;1;0;4;59;0;0;0;0;0;0;0;0;0;17;1;1;0;0;1;0;12;40;0;0;0;0;0;0,125;0;1;1;0;0;0,923076923;0;0;0;0;0;0;0;0;1;0;1;1;1;-1;1
296;4;1;6;86;2;0;0;0;0;0;0;0;0;1;1;0;0;0;1;0;17;62;0;0;0;0;0;0;0;1;0;0;0;0;0;0;0;0;0;0;0;0;1;-1;1;1;1;1;1
297;4;1;4;78;0;0;0;0;2;0;0;0;0;0;1;1;0;0;0;0;22;49;0;0;0;0;0,259259259;0,166666667;1;1;0;0;0;0,740740741;0;0;0;0;0;1;0;0;1;-1;1;1;0;-1;1
298;2;0;4;68;1;0;0;0;0;0;0;0;0;0;1;1;0;0;0;0;24;37;0;0;0;0;0,666666667;1;0;1;0;0;0;0,333333333;1;0;0;0;0;0;0;0;1;0;-1;1;-1;-1;1
299;2;0;5;58;0;0;0;0;0;0;0;0;0;1;1;1;0;0;1;0;10;41;0;0;0;0;0;0,953488372;0;1;0;0;0;0;1;0;0;0;0;0;0;0;1;0;-1;1;0;1;1
300;3;1;8;54;1;1;0;0;0;0;0;0;0;2;1;0;0;0;0;0;16;31;0;0;0;0;1;0,142857143;1;1;0;0;0;0;0;0;0;0;0;1;0;0;1;0;1;1;0;-1;1
301;3;1;8;54;1;1;0;0;0;0;0;0;0;2;1;0;0;0;0;0;16;31;0;0;0;0;1;0,142857143;1;1;0;0;0;0;0;0;0;0;0;1;0;0;1;0;1;1;0;-1;1
302;3;1;8;54;1;1;0;0;0;0;0;0;0;2;1;0;0;0;0;0;16;31;0;0;0;0;1;0,142857143;1;1;0;0;0;0;0;0;0;0;0;1;0;0;1;0;1;1;0;-1;1
303;3;1;8;54;1;1;0;0;0;0;0;0;0;2;1;0;0;0;0;0;16;31;0;0;0;0;1;0,142857143;1;1;0;0;0;0;0;0;0;0;0;1;0;0;1;0;1;1;0;-1;1
304;3;1;8;54;1;1;0;0;0;0;0;0;0;2;1;0;0;0;0;0;16;31;0;0;0;0;1;0,142857143;1;1;0;0;0;0;0;0;0;0;0;1;0;0;1;0;1;1;0;-1;1
305;3;1;8;54;1;1;0;0;0;0;0;0;0;2;1;0;0;0;0;0;16;31;0;0;0;0;1;0,142857143;1;1;0;0;0;0;0;0;0;0;0;1;0;0;1;0;1;1;0;-1;1
306;3;1;8;54;1;1;0;0;0;0;0;0;0;2;1;0;0;0;0;0;16;31;0;0;0;0;1;0,142857143;1;1;0;0;0;0;0;0;0;0;0;1;0;0;1;0;1;1;0;-1;1
307;3;1;8;54;1;1;0;0;0;0;0;0;0;2;1;0;0;0;0;0;16;31;0;0;0;0;1;0,142857143;1;1;0;0;0;0;0;0;0;0;0;1;0;0;1;0;1;1;0;-1;1
308;3;1;8;54;1;1;0;0;0;0;0;0;0;2;1;0;0;0;0;0;16;31;0;0;0;0;1;0,142857143;1;1;0;0;0;0;0;0;0;0;0;1;0;0;1;0;1;1;0;-1;1
309;3;1;8;54;1;1;0;0;0;0;0;0;0;2;1;0;0;0;0;0;16;31;0;0;0;0;1;0,142857143;1;1;0;0;0;0;0;0;0;0;0;1;0;0;1;0;1;1;0;-1;1
310;3;1;8;54;1;1;0;0;0;0;0;0;0;2;1;0;0;0;0;0;16;31;0;0;0;0;1;0,142857143;1;1;0;0;0;0;0;0;0;0;0;1;0;0;1;0;1;1;0;-1;1
311;3;1;8;54;1;1;0;0;0;0;0;0;0;2;1;0;0;0;0;0;16;31;0;0;0;0;1;0,142857143;1;1;0;0;0;0;0;0;0;0;0;1;0;0;1;0;1;1;0;-1;1
312;3;1;8;54;1;1;0;0;0;0;0;0;0;2;1;0;0;0;0;0;16;31;0;0;0;0;1;0,142857143;1;1;0;0;0;0;0;0;0;0;0;1;0;0;1;0;1;1;0;-1;1
313;3;1;8;54;1;1;0;0;0;0;0;0;0;2;1;0;0;0;0;0;16;31;0;0;0;0;1;0,142857143;1;1;0;0;0;0;0;0;0;0;0;1;0;0;1;0;1;1;0;-1;1
314;3;1;8;54;1;1;0;0;0;0;0;0;0;2;1;0;0;0;0;0;16;31;0;0;0;0;1;0,142857143;1;1;0;0;0;0;0;0;0;0;0;1;0;0;1;0;1;1;0;-1;1
315;3;1;8;54;1;1;0;0;0;0;0;0;0;2;1;0;0;0;0;0;16;31;0;0;0;0;1;0,142857143;1;1;0;0;0;0;0;0;0;0;0;1;0;0;1;0;1;1;0;-1;1
316;3;1;8;54;1;1;0;0;0;0;0;0;0;2;1;0;0;0;0;0;16;31;0;0;0;0;1;0,142857143;1;1;0;0;0;0;0;0;0;0;0;1;0;0;1;0;1;1;0;-1;1
317;1;0;2;44;1;0;0;0;0;0;0;0;0;0;1;1;0;0;0;0;23;14;0;0;0;0;0;0,153846154;0;1;0;0;0;0;0;0;0;0;0;0;0;0;1;1;1;1;1;1;1
318;2;1;2;58;0;0;0;0;0;0;0;0;0;23;1;1;0;0;0;0;17;34;0;0;0;0;0,6;1;0;1;0;0;0;0,4;1;0;0;0;0;0;0;0;1;0;-1;1;-1;-1;1
319;2;1;2;58;0;0;0;0;0;0;0;0;0;22;1;1;0;0;0;0;17;34;0;0;0;0;0,6;1;0;1;0;0;0;0,4;1;0;0;0;0;0;0;0;1;0;-1;1;-1;-1;1
320;3;1;2;44;0;0;0;0;0;0;0;0;0;0;1;1;0;0;0;0;27;10;0;0;0;0;0;0,785714286;0;1;0;0;0;1;1;0;0;0;0;1;0;0;1;1;-1;1;1;-1;1
321;2;0;5;52;0;0;0;0;0;0;0;0;0;0;1;0;0;0;0;0;17;28;0;0;0;0;0;0;0;1;0;0;0;0;0;0;0;0;0;0;0;0;1;1;1;1;1;1;1
322;3;1;5;52;0;0;0;0;0;0;0;0;0;0;1;0;0;0;0;0;17;28;0;0;0;0;0;0;0;1;0;0;0;0;0;0;0;0;0;0;0;0;1;1;1;1;1;1;1
323;1;0;7;111;1;0;0;0;0;0;0;0;0;20;1;1;0;0;0;0;26;78;0;0;0;0;0;0,666666667;0;1;1;0;0;0;0;0;0;0;0;0;0;0;1;-1;1;1;0;1;1
324;1;0;3;29;0;0;0;0;0;0;0;0;0;2;1;1;0;0;0;0;7;15;0;0;1;1;0,923076923;1;0;1;0;0;0;0;1;0;0;0;0;0;0;0;1;1;1;1;-1;-1;1
325;4;0;4;88;2;0;0;0;0;0;0;0;0;20;1;1;1;0;0;0;13;34;33;0;2;0;0;0,035714286;1;1;0;0;0;0;1;0;0;0;0;1;0;0;1;-1;1;1;1;1;1
326;1;0;3;33;0;0;0;0;0;0;0;0;0;0;1;1;0;0;1;0;18;8;0;0;0;0;1;0,142857143;1;1;0;0;0;0;0;0;0;0;0;1;0;0;1;1;1;1;0;-1;1
327;4;1;5;182;2;0;0;0;7;0;2;2;0;26;1;1;0;0;1;0;18;69;87;0;0;0;0;0,2;0;1;1;0;0;0;0;0;0;0;0;0;0;0;1;-1;1;1;0;1;1
328;4;1;5;94;1;0;0;0;1;0;0;0;0;17;1;1;0;0;1;0;18;69;0;0;0;0;0;0,2;0;1;1;0;0;0;0;0;0;0;0;0;0;0;1;-1;1;1;0;1;1
329;3;0;5;90;1;0;0;0;1;0;0;0;0;22;1;1;0;0;1;0;14;69;0;0;0;0;0;0,2;0;1;1;0;0;0;0;0;0;0;0;0;0;0;1;-1;1;1;0;1;1
330;4;1;5;182;2;0;0;0;7;0;2;2;0;28;1;1;0;0;1;0;18;69;87;0;0;0;0;0,2;0;1;1;0;0;0;0;0;0;0;0;0;0;0;1;-1;1;1;0;1;1
331;3;0;2;45;0;0;0;0;0;0;0;0;0;0;1;0;0;0;0;0;21;17;0;0;0;0;0;0;0;1;0;0;0;0;0;0;0;0;0;0;0;0;1;1;1;1;1;1;1
332;2;0;3;53;0;0;0;0;0;0;0;0;0;4;1;1;0;0;0;0;22;24;0;0;0;0;1;0,142857143;1;1;0;0;0;0;0;0;0;0;0;1;0;0;1;1;1;1;0;-1;1
333;3;1;5;57;1;0;0;0;0;0;0;0;0;0;1;0;0;0;0;0;21;29;0;0;0;0;0;0;0;1;0;0;0;0;0;0;0;0;0;0;0;0;1;0;1;1;1;1;1
334;3;0;3;44;0;0;0;0;0;0;0;0;0;0;1;0;0;0;1;0;10;27;0;0;0;0;0;0;0;1;1;0;0;0;0;0;0;0;0;0;1;0;1;1;1;1;1;1;1
335;3;0;3;57;2;0;0;0;0;0;0;0;0;0;1;0;0;0;0;0;13;37;0;0;0;0;1;1;0;1;0;0;0;0;1;0;0;0;0;1;0;0;1;0;-1;1;-1;-1;1
336;2;0;2;30;0;0;0;0;0;0;0;0;0;0;1;1;0;0;1;0;10;13;0;0;0;0;1;1;0;1;0;0;0;0;1;0;0;0;0;0;0;0;1;1;-1;1;-1;-1;1
337;3;0;5;82;0;0;0;0;0;0;1;0;0;4;1;1;0;0;0;0;20;47;7;0;0;0;0;1;0;1;1;0;0;0;1;0;0;0;0;0;0;0;1;-1;-1;1;-1;1;1
338;4;0;5;59;0;0;0;1;0;0;0;0;0;10;1;1;1;0;0;0;13;39;0;0;0;0;0;0;0;1;0;0;0;0;1;0;0;0;0;0;0;0;1;0;1;1;1;1;1
339;3;1;5;65;0;0;0;1;0;0;0;0;0;0;1;1;0;0;0;0;19;39;0;0;0;0;0;0;0;1;0;0;0;0;0;0;0;0;0;0;0;0;1;0;1;1;1;1;1
340;3;1;5;70;1;1;0;1;0;0;0;0;0;0;1;1;0;0;0;0;24;39;0;0;0;0;0;0;0;1;0;0;0;0;0;0;0;0;0;0;0;0;1;0;1;1;1;1;1
341;4;0;3;38;0;0;0;0;0;0;0;0;0;9;1;0;1;0;0;0;12;19;0;0;0;0;0;0;0;1;0;0;0;0;1;0;0;0;0;0;0;0;1;1;1;1;1;1;1
342;3;0;5;216;0;0;0;0;0;0;0;0;0;31;1;1;0;0;1;0;28;46;134;0;0;0;0;0;0;1;0;0;0;0;0;0;0;0;0;0;0;0;1;-1;1;1;1;1;1
343;2;0;2;36;0;0;0;0;0;0;0;0;0;1;1;1;0;0;0;0;13;16;0;0;0;0;1;1;0;1;0;0;0;0;1;0;0;0;0;0;0;0;1;1;-1;1;-1;-1;1
344;2;0;2;54;1;0;0;0;0;0;0;0;0;0;1;1;0;0;0;0;23;24;0;0;0;0;0;0,153846154;0;1;0;0;0;0;0;0;0;0;0;0;0;0;1;0;1;1;1;1;1
345;3;1;3;46;0;0;0;0;0;0;0;0;0;1;1;1;0;0;0;0;15;24;0;0;0;0;0;0;0;1;0;0;0;0;0;0;0;0;0;0;0;0;1;1;1;1;1;1;1
346;3;1;5;57;0;0;0;1;0;0;0;0;0;0;1;1;0;0;0;0;11;39;0;0;0;0;0;0;0;1;0;0;0;0;0;0;0;0;0;0;0;0;1;0;1;1;1;1;1
347;4;1;2;45;0;0;0;0;0;0;0;0;0;0;1;0;0;0;0;0;22;16;0;0;0;0;1;1;0;1;0;0;0;0;1;0;0;0;0;0;0;0;1;1;-1;1;-1;-1;1
348;4;1;2;94;1;1;0;0;0;0;0;0;0;5;1;1;0;0;0;0;22;65;0;0;1;0;1;0;0;1;0;0;0;0;0;0;0;0;0;0;0;0;1;-1;1;1;1;-1;1
349;3;1;5;67;1;0;0;0;0;0;0;0;0;0;1;0;0;0;0;0;25;35;0;0;0;0;0;0,066666667;0;1;0;0;0;1;0;0;0;0;0;1;0;0;1;0;1;1;1;-1;1
350;3;1;4;51;1;1;0;0;0;0;0;0;0;1;1;0;0;0;1;0;20;24;0;0;0;0;0;0,5;1;1;0;0;0;0;0;0;1;0;0;0;0;0;1;1;1;1;-1;1;1
351;3;0;2;41;0;0;0;0;0;0;0;0;0;0;1;0;0;0;0;0;17;17;0;0;0;0;0,666666667;0;0;1;0;0;0;0,333333333;0;0;0;0;0;0;0;0;1;1;1;1;1;-1;1
352;1;0;2;38;0;0;0;0;0;0;0;0;0;0;1;1;0;0;0;0;23;8;0;0;0;0;0;0,153846154;0;1;0;0;0;0;0;0;0;0;0;0;0;0;1;1;1;1;1;1;1
353;2;0;3;39;0;0;0;0;0;0;0;0;0;2;1;1;0;0;0;0;7;25;0;0;1;1;0,923076923;1;0;1;0;0;0;0;1;0;0;0;0;0;0;0;1;1;1;1;-1;-1;1
354;2;0;3;34;0;0;0;0;0;0;0;0;0;0;1;0;0;0;0;0;7;20;0;0;0;0;0,132075472;0,32;0;1;1;1;0;0,867924528;0;0;0;0;0;1;0;0;1;1;0;0;0;-1;1
355;1;0;2;37;0;0;0;0;0;0;0;0;0;0;1;1;0;0;0;0;17;13;0;0;0;0;1;0,142857143;1;1;0;0;0;0;0;0;0;0;0;1;0;0;1;1;1;1;0;-1;1
356;2;1;0;40;0;0;0;0;0;0;1;0;0;2;1;1;0;0;0;0;21;1;10;0;0;0;0,444444444;0,954545455;0;1;0;1;0;0;1;0;0;0;0;0;0;0;1;1;-1;0;-1;0;1
357;1;0;2;39;0;0;0;0;0;0;0;0;0;4;1;1;0;0;0;0;22;10;0;0;0;0;1;0,142857143;1;1;0;0;0;0;0;0;0;0;0;1;0;0;1;1;1;1;0;-1;1
358;2;1;0;32;0;0;0;0;0;0;0;0;0;2;1;1;0;0;0;0;24;1;0;0;0;1;0,444444444;0,954545455;0;1;0;1;0;0;1;0;0;0;0;0;0;0;1;1;-1;0;-1;0;1
359;2;0;2;34;0;0;0;0;0;0;0;0;0;0;1;1;0;0;0;0;10;17;0;0;0;0;1;1;0;1;0;0;0;0;1;0;0;0;0;0;0;0;1;1;-1;1;-1;-1;1
360;3;1;5;102;0;0;0;0;0;0;0;0;0;4;1;1;0;0;0;0;29;66;0;0;0;0;0,923076923;1;0;1;0;1;0;0;1;0;0;0;0;0;0;0;1;-1;1;0;-1;-1;1
361;3;0;2;44;0;0;0;0;0;0;0;0;0;0;1;0;0;0;0;0;15;22;0;0;0;1;1;1;0;1;0;0;0;0;1;0;0;0;0;0;0;0;1;1;-1;1;-1;-1;1
362;3;1;2;30;0;0;0;0;0;0;0;0;0;0;1;0;0;0;0;0;18;5;0;0;0;0;0;0,074074074;1;1;0;0;0;0;0;0;0;0;0;0;0;0;1;1;1;1;1;1;1
363;2;0;2;32;0;0;0;0;0;0;0;0;0;0;1;0;0;0;0;0;8;17;0;0;0;0;0;0;0;1;0;0;0;0;0;0;0;0;0;0;0;0;1;1;1;1;1;1;1
364;1;0;3;32;0;0;0;0;0;0;0;0;0;2;1;1;0;0;0;0;15;10;0;0;0;0;0;0;0;1;1;0;0;1;0;0;0;0;0;0;0;0;1;1;1;1;1;-1;1
365;2;0;1;32;0;0;0;0;0;0;0;0;0;0;1;0;0;0;0;0;14;11;0;0;0;0;0,933333333;1;0;1;0;0;0;0;1;0;0;0;0;1;0;0;1;1;-1;1;-1;-1;1
366;2;0;2;41;0;0;0;0;0;0;0;0;0;0;1;1;0;0;0;0;16;18;0;0;0;0;0;0;0;1;0;0;0;0;0;0;0;0;0;0;0;0;1;1;1;1;1;1;1
367;3;1;3;48;1;0;0;0;0;0;0;0;0;0;1;1;0;0;0;0;20;21;0;0;0;0;0,8;1;1;1;0;0;0;0,12;1;0;0;0;0;0;0;0;1;1;-1;1;-1;-1;1
368;1;0;2;40;0;0;0;0;0;0;0;0;0;1;1;0;0;0;0;0;25;8;0;0;0;0;0,777777778;0,181818182;0;1;0;0;0;0,222222222;0;0;0;0;0;1;0;0;1;1;1;1;0;-1;1
369;3;1;2;46;0;0;0;0;0;0;0;0;0;0;1;0;0;0;0;0;22;17;0;0;0;0;1;1;1;1;0;0;0;0;1;0;0;0;0;1;0;0;1;1;-1;1;-1;-1;1
370;4;1;2;40;0;0;0;0;0;0;0;0;0;0;1;0;0;0;0;0;18;15;0;0;0;0;0;0,074074074;1;1;0;0;0;0;0;0;0;0;0;0;0;0;1;1;1;1;1;1;1
371;2;1;3;40;0;0;0;0;0;0;0;0;0;0;1;1;0;0;1;0;22;11;0;0;0;0;1;0,142857143;1;1;0;0;0;0;0;0;0;0;0;1;0;0;1;1;1;1;0;-1;1
372;1;0;11;170;1;0;0;0;0;0;0;0;0;39;1;1;0;0;1;0;26;137;0;0;2;1;0,647058824;0,903225807;1;1;0;0;0;0,352941177;1;0;0;0;0;0;0;0;1;-1;-1;1;-1;-1;1
373;3;0;4;47;0;0;0;0;0;0;0;0;0;0;1;0;0;0;1;0;13;27;0;0;0;0;0;1;1;1;0;0;0;1;0;0;0;0;0;0;0;0;1;1;-1;1;-1;-1;1
374;2;0;3;55;1;0;0;0;0;0;0;0;0;0;1;0;0;0;0;0;24;24;0;0;0;0;1;1;0;1;0;1;0;0;1;0;0;0;0;1;0;0;1;0;-1;0;1;-1;1
375;3;1;3;58;1;0;0;0;0;0;0;0;0;0;1;0;0;0;0;0;20;31;0;0;0;0;0;0;0;1;1;0;0;1;0;0;0;0;0;0;0;0;1;0;1;1;1;-1;1
376;3;1;3;69;0;0;0;0;0;0;0;0;0;0;1;0;0;0;0;0;39;23;0;0;0;0;0;0;0;1;0;0;0;0;0;0;0;0;0;0;0;0;1;0;1;1;1;1;1
377;3;1;2;51;0;0;0;0;0;0;0;0;0;0;1;0;0;0;0;0;26;18;0;0;0;0;0;0;0;1;0;0;0;0;0;0;0;0;0;0;0;0;1;1;1;1;1;1;1
378;5;0;4;60;0;0;0;0;0;0;0;0;0;0;1;0;0;0;1;0;11;38;3;0;1;1;0,923076923;1;1;1;0;0;0;0;1;0;0;0;0;0;0;0;1;0;1;1;-1;-1;1
379;2;0;2;37;1;1;0;0;0;0;0;0;0;0;1;0;0;0;1;0;17;13;0;0;0;0;0,923076923;1;0;1;0;0;0;0;1;0;0;0;0;0;0;0;1;1;1;1;-1;-1;1
380;5;1;3;72;0;0;0;0;0;0;0;0;0;0;1;0;0;0;1;0;24;41;0;0;0;0;0;0;0;1;0;0;0;1;0;0;0;0;0;0;0;0;1;0;1;1;1;-1;1
381;1;0;3;60;0;0;0;0;1;0;0;0;0;23;1;1;0;0;0;0;7;46;0;0;0;0;0;0;0;1;0;0;0;1;0;0;0;0;0;0;0;1;1;0;1;1;1;-1;1
382;3;1;4;65;1;0;0;0;0;0;0;0;0;0;1;0;0;0;0;0;19;39;0;0;0;0;1;1;0;1;0;1;0;0;1;0;0;0;0;1;0;0;1;0;-1;0;-1;-1;1
383;5;0;4;88;0;0;0;0;0;0;4;0;0;0;1;0;0;0;1;0;11;38;31;0;1;1;0,923076923;1;1;1;0;0;0;0;1;0;0;0;0;0;0;0;1;-1;1;1;-1;-1;1
384;5;0;4;56;0;0;0;0;0;0;0;0;0;0;1;0;0;0;1;0;11;38;0;0;1;1;0,923076923;1;1;1;0;0;0;0;1;0;0;0;0;0;0;0;1;0;1;1;-1;-1;1
385;1;0;3;47;0;0;0;0;1;0;0;0;0;0;1;0;0;0;0;0;16;24;0;0;1;0;0;0;0;1;0;0;0;0;0;0;0;0;0;0;0;0;1;1;1;1;1;1;1
386;2;0;4;57;0;0;0;0;0;0;0;0;0;12;1;1;0;0;0;0;15;35;0;0;0;0;0;0;0;1;1;0;0;1;0;0;0;0;0;0;0;0;1;0;1;1;1;-1;1
387;4;1;4;67;2;1;0;0;0;0;0;0;0;0;1;0;0;0;0;0;21;39;0;0;0;0;0;0,285714286;0;1;0;0;0;0;0;0;0;0;0;0;0;0;1;0;1;1;-1;1;1
388;2;0;2;38;0;0;0;0;0;0;0;0;0;0;1;0;0;0;0;0;13;18;0;0;0;0;0;0;0;1;0;0;0;0;0;0;0;0;0;0;0;0;1;1;1;1;1;1;1
389;7;0;6;91;0;0;0;0;0;0;0;0;0;0;1;0;0;0;1;0;19;65;0;0;0;0;0,833333333;0,235294118;1;1;0;0;0;0;0;0;0;0;0;1;0;0;1;-1;1;1;0;-1;1
390;14;0;3;242;0;0;0;0;0;0;6;12;1;74;1;0;0;0;0;0;15;20;174;0;0;0;0;0,642857143;1;1;0;0;0;0;0;0;0;0;0;0;0;0;1;-1;-1;1;0;1;1
391;2;0;2;39;0;0;0;0;0;0;0;0;0;0;1;0;0;0;0;0;15;17;0;0;1;0;0,75;0,222222222;1;1;0;0;0;0,125;0;0;0;0;0;0;0;0;1;1;1;1;0;-1;1
392;1;0;4;42;0;0;0;0;0;0;0;0;0;0;1;0;0;0;0;0;16;19;0;0;0;0;0;0;0;1;0;0;0;0;0;0;0;0;0;0;0;0;1;1;1;1;1;1;1
393;1;0;1;39;0;0;0;0;0;0;0;0;0;0;1;0;0;0;0;0;27;5;0;0;0;0;1;0;0;1;0;0;0;0;1;0;0;0;0;0;0;0;1;1;1;1;1;-1;1
394;1;0;2;40;0;0;0;0;0;0;0;0;0;0;1;0;0;0;0;0;27;6;0;0;0;0;1;0;0;1;0;0;0;0;1;0;0;0;0;0;0;0;1;1;1;1;1;-1;1
395;2;0;6;62;2;1;0;0;0;0;0;0;0;0;1;0;0;0;0;0;15;40;0;0;0;0;0;0;0;1;0;0;0;0;0;0;0;0;0;0;0;0;1;0;1;1;1;1;1
396;2;0;3;44;0;0;0;0;0;0;0;0;0;4;1;1;0;0;0;0;10;27;0;0;0;0;0;0;0;1;0;0;0;0;0;0;0;0;0;0;0;0;1;1;1;1;1;1;1
397;4;1;4;68;2;1;0;0;0;0;0;0;0;0;1;0;0;0;1;0;21;40;0;0;0;0;0;0,285714286;0;1;0;0;0;0;0;0;0;0;0;0;0;0;1;0;1;1;-1;1;1
398;2;0;5;51;0;0;0;0;0;0;0;0;0;0;1;0;0;0;1;0;24;20;0;0;0;0;0;0,428571429;1;1;0;0;0;1;0;0;0;0;0;0;0;0;1;1;1;1;0;-1;1
399;2;0;3;47;1;0;0;0;0;0;0;0;0;0;1;0;0;0;0;0;15;25;0;0;0;0;1;1;0;1;0;0;0;0;1;0;0;0;0;1;0;0;1;1;-1;1;-1;-1;1
400;3;1;1;46;0;0;0;0;1;0;0;0;0;0;1;0;0;0;1;0;15;24;0;0;0;0;0,6;1;1;1;0;0;0;0,4;1;0;0;0;0;0;0;0;1;1;-1;1;-1;-1;1
401;2;0;6;72;2;1;0;0;0;0;0;0;0;0;1;1;0;0;1;0;20;45;0;0;0;0;1;1;0;1;0;1;0;0;1;0;0;0;0;1;0;0;1;0;-1;0;1;-1;1
402;2;1;4;47;0;0;0;0;0;0;0;0;0;4;1;1;0;0;0;0;22;18;0;0;0;0;0;0;0;1;0;0;0;1;0;0;0;0;0;0;0;1;1;1;1;1;1;-1;1
403;4;1;2;42;0;0;0;0;0;0;0;0;0;1;1;1;0;0;0;0;25;10;0;0;0;0;0;0,153846154;0;1;0;0;0;0;0;0;0;0;0;0;0;0;1;1;1;1;1;1;1
404;1;0;4;79;1;0;0;0;0;0;0;0;0;29;1;1;0;0;0;0;13;59;0;0;0;0;0;0;0;1;0;0;0;0;0;0;0;0;0;0;0;0;1;-1;1;1;1;1;1
405;2;0;4;73;1;0;0;0;0;0;0;0;0;13;1;1;0;0;0;0;13;53;0;0;0;1;1;1;0;1;0;0;0;0;1;0;0;0;0;1;0;0;1;0;-1;1;-1;-1;1
406;3;1;5;66;1;0;0;0;1;0;0;0;0;6;1;1;0;0;1;0;15;44;0;0;0;0;0;0;0;0;0;0;0;0;1;0;0;0;0;0;1;0;1;0;1;1;1;1;1
407;2;0;4;73;1;0;0;0;0;0;0;0;0;16;1;1;0;0;0;0;13;53;0;0;0;1;1;1;0;1;0;0;0;0;1;0;0;0;0;1;0;0;1;0;-1;1;-1;-1;1
408;3;0;3;53;1;0;0;0;0;0;0;0;0;0;1;0;0;0;0;0;21;25;0;0;0;0;1;1;0;1;0;0;0;0;1;0;0;0;0;0;0;0;1;1;-1;1;-1;-1;1
409;1;0;4;56;1;0;0;0;0;0;0;0;0;0;1;0;0;0;0;0;25;24;0;0;0;0;0,923076923;1;0;1;0;0;0;0;1;0;0;0;0;0;0;0;1;0;1;1;-1;-1;1
410;2;0;5;69;1;0;0;0;0;0;0;0;0;0;1;1;0;0;0;0;25;37;0;0;0;0;0;0;0;1;1;0;0;1;0;0;0;0;0;0;0;0;1;0;1;1;1;-1;1
411;3;0;6;68;0;0;0;0;0;0;0;0;0;0;1;0;0;0;0;0;19;42;0;0;0;0;0;0;0;1;1;0;0;0;0;0;0;0;0;0;0;0;1;0;1;1;1;1;1
412;1;0;2;35;1;1;0;0;0;0;0;0;0;7;1;1;0;0;1;0;24;4;0;0;0;0;0,846153846;0,333333333;0;1;0;0;0;0,153846154;1;0;0;0;0;1;0;0;1;1;0;1;0;-1;1
413;3;1;1;51;3;1;0;0;0;0;0;0;0;0;1;0;0;0;1;0;26;18;0;0;0;1;1;0,384615385;1;1;0;1;0;0;1;0;0;0;0;1;0;0;1;1;1;0;0;-1;1
414;2;0;6;75;2;1;0;0;0;0;0;0;0;0;1;1;0;0;0;0;20;48;0;0;0;0;1;1;0;1;0;1;0;0;1;0;0;0;0;1;0;0;1;0;-1;0;-1;-1;1
415;2;0;6;79;2;1;0;0;0;0;0;0;0;0;1;1;0;0;0;0;20;52;0;0;0;0;1;1;0;1;0;1;0;0;1;0;0;0;0;1;0;0;1;-1;-1;0;-1;-1;1
416;4;1;3;57;1;0;0;0;0;0;0;0;0;0;1;1;0;0;0;0;20;30;0;0;0;0;0,8;1;1;1;0;0;0;0,12;1;0;0;0;0;0;0;0;1;0;-1;1;-1;-1;1
417;14;0;3;240;0;0;0;0;0;0;6;12;1;74;1;0;0;0;1;0;12;21;174;0;0;0;0;0,666666667;1;1;0;1;0;0;0;0;0;0;0;0;0;0;1;-1;-1;0;0;1;1
418;2;0;2;49;1;0;0;0;0;0;0;0;0;3;1;1;0;0;0;0;10;32;0;0;0;0;0,5;1;1;1;0;0;0;0;1;0;0;0;0;0;0;0;1;1;-1;1;-1;0;1
419;2;0;3;44;1;0;0;0;0;0;0;0;0;0;1;0;0;0;0;0;13;24;0;0;0;0;1;0,083333333;1;1;1;0;1;0;1;0;0;0;0;0;0;0;1;1;1;-1;1;-1;1
420;1;0;4;69;0;0;0;0;0;0;0;0;0;17;1;1;0;0;0;0;14;48;0;0;0;0;1;1;0;1;0;0;0;0;1;0;0;0;0;0;0;0;1;0;-1;1;-1;-1;1
421;2;0;3;40;0;0;0;0;0;0;0;0;0;0;1;0;0;0;1;0;12;21;0;0;0;0;0;0,666666667;1;1;0;1;0;1;0;0;0;0;0;0;0;0;1;1;-1;0;0;-1;1
422;1;0;3;60;0;0;0;0;1;0;0;0;0;13;1;1;0;0;0;0;7;46;0;0;0;0;0;0;0;1;0;0;0;1;0;0;0;0;0;0;0;1;1;0;1;1;1;-1;1
423;1;0;3;60;0;0;0;0;1;0;0;0;0;26;1;1;0;0;0;0;7;46;0;0;0;0;0;0;0;1;0;0;0;1;0;0;0;0;0;0;0;1;1;0;1;1;1;-1;1
424;1;0;4;44;0;0;0;0;0;0;0;0;0;2;1;1;0;0;0;0;20;17;0;0;0;0;1;0,897959184;0;1;1;0;0;0;1;0;0;0;0;1;0;0;1;1;1;1;-1;-1;1
425;3;1;3;39;0;0;0;0;0;0;0;0;0;1;1;0;0;0;0;0;14;18;0;0;1;0;0;0;0;1;1;0;0;0;0;0;0;0;0;0;0;0;1;1;1;1;1;1;1
426;3;0;4;44;0;0;0;1;0;0;0;0;0;9;1;0;1;0;0;0;12;25;0;0;0;0;0;0,785714286;0;1;0;0;0;1;1;0;0;0;0;1;0;0;1;1;-1;1;1;-1;1
427;1;0;4;36;0;0;0;0;0;0;0;0;0;9;1;1;0;0;0;0;12;17;0;0;0;0;0;0,785714286;0;1;0;0;0;1;1;0;0;0;0;1;0;0;1;1;-1;1;1;-1;1
428;4;0;3;43;0;0;0;0;1;0;0;0;0;9;1;0;1;0;0;0;12;22;1;0;0;0;0,375;0;0;1;0;0;0;0;1;0;0;0;0;0;0;0;1;1;1;1;0;0;1
429;4;0;3;46;0;0;0;0;1;0;0;0;0;9;1;0;1;0;0;0;12;22;4;0;0;0;0,375;0;0;1;0;0;0;0;1;0;0;0;0;0;0;0;1;1;1;1;0;0;1
430;1;0;3;34;0;0;0;0;0;0;0;0;0;4;1;1;0;0;0;0;10;17;0;0;0;0;0;0;0;1;0;0;0;0;0;0;0;0;0;0;0;0;1;1;1;1;1;1;1
431;2;0;2;47;0;0;0;0;0;0;0;0;0;0;1;1;0;0;0;0;24;16;0;0;1;0;0;0;0;1;1;0;0;0;0;0;0;0;0;0;1;0;1;1;1;1;1;1;1
432;3;1;3;48;1;0;0;0;0;0;0;0;0;0;1;0;0;0;0;0;17;24;0;0;0;0;1;0,083333333;1;1;1;0;1;0;1;0;0;0;0;0;0;0;1;1;1;-1;1;-1;1
433;1;0;3;33;0;0;0;0;0;0;0;0;0;0;1;0;0;0;0;0;17;9;0;0;0;0;1;1;0;1;0;0;0;0;1;0;0;0;0;0;0;0;1;1;-1;1;-1;-1;1
434;2;0;3;55;0;0;0;0;0;0;0;0;0;1;1;0;0;0;1;0;25;23;0;0;2;0;0,75;0,222222222;1;1;0;0;0;0,125;0;0;0;0;0;0;0;0;1;0;1;1;0;-1;1
435;1;0;4;79;1;0;0;0;0;0;0;0;0;22;1;1;0;0;0;0;13;59;0;0;0;0;0;0;0;1;0;0;0;0;0;0;0;0;0;0;0;0;1;-1;1;1;1;1;1
436;2;1;4;83;1;0;0;0;0;0;0;0;0;29;1;1;0;0;0;0;17;59;0;0;0;0;0;0;0;1;0;0;0;0;0;0;0;0;0;0;0;0;1;-1;1;1;1;1;1
437;2;0;4;89;1;0;0;0;0;0;0;0;0;29;1;1;0;0;0;0;13;69;0;0;0;0;0;0;0;1;0;0;0;0;0;0;0;0;0;0;0;0;1;-1;1;1;1;1;1
438;2;1;2;58;0;0;0;0;0;0;0;0;0;19;1;1;0;0;0;0;17;34;0;0;0;0;0,6;1;0;1;0;0;0;0,4;1;0;0;0;0;0;0;0;1;0;-1;1;-1;-1;1
439;4;1;2;40;0;0;0;0;0;0;0;0;0;0;1;0;0;0;0;0;17;16;0;0;0;0;0;0;0;1;0;0;0;0;0;0;0;0;0;0;0;0;1;1;1;1;1;1;1
440;2;0;5;56;0;0;0;0;0;0;0;0;0;0;1;1;0;0;1;0;9;40;0;1;0;0;0;0;0;1;0;0;0;1;0;0;0;0;0;0;0;1;1;0;1;1;1;-1;1
441;3;1;2;33;0;0;0;0;0;0;0;0;0;0;1;0;0;0;0;0;20;6;0;0;0;0;0,933333333;1;0;1;0;0;0;0;1;0;0;0;0;0;0;0;1;1;1;1;-1;-1;1
442;7;1;2;129;1;0;0;0;0;0;2;1;0;2;1;0;0;0;0;0;15;13;93;0;1;0;0;0,666666667;0;0;0;0;0;0;1;0;0;0;0;1;0;0;1;-1;0;1;-1;1;1
443;3;1;2;28;0;0;0;0;0;0;0;0;0;0;1;0;0;0;0;0;16;5;0;0;0;0;0;0;0;1;0;0;0;0;0;0;0;0;0;0;0;0;1;1;1;1;1;1;1
444;6;3;2;59;0;0;0;0;0;0;0;0;0;0;1;0;0;1;0;0;32;20;0;0;0;0;0;0;0;1;0;0;0;0;0;0;0;0;0;0;0;0;-1;0;1;1;1;1;1
445;1;0;3;38;0;0;0;0;0;0;0;0;0;0;1;1;0;0;0;0;18;13;0;0;0;0;0;0;0;1;0;0;0;0;0;0;0;0;0;0;0;0;1;1;1;1;1;1;1
446;2;0;3;47;0;0;0;0;0;0;0;0;0;0;1;0;0;0;0;0;18;22;0;0;0;0;1;1;0;1;0;0;0;0;1;0;0;0;0;0;0;0;1;1;-1;1;-1;-1;1
447;1;0;3;38;1;0;0;0;0;0;0;0;0;0;1;0;0;0;0;0;15;16;0;0;0;0;1;1;0;1;0;0;0;0;1;0;0;0;0;1;0;0;1;1;-1;1;-1;-1;1
448;2;0;4;54;0;0;0;0;0;0;0;0;0;0;1;0;0;0;1;0;18;29;0;0;1;1;0,923076923;1;0;1;0;0;0;0;1;0;0;0;0;0;0;0;1;0;1;1;-1;-1;1
449;3;1;3;60;0;0;0;0;0;0;0;0;0;10;1;1;0;0;0;0;24;29;0;0;0;0;0;0;0;1;1;0;0;1;0;0;0;0;0;0;0;0;1;0;1;1;1;-1;1
450;1;0;11;170;1;0;0;0;0;0;0;0;0;39;1;1;0;0;1;0;26;137;0;0;2;1;0,647058824;0,903225807;1;1;0;0;0;0,352941177;1;0;0;0;0;0;0;0;1;-1;-1;1;-1;-1;1
451;3;1;4;61;0;0;0;0;0;0;0;0;0;12;1;1;0;0;0;0;19;35;0;0;0;0;0;0;0;1;1;0;0;1;0;0;0;0;0;0;0;0;1;0;1;1;1;-1;1
452;2;0;3;56;0;0;0;0;0;0;0;0;0;0;1;0;0;0;1;0;26;23;0;0;0;1;0,928571429;1;0;1;0;0;0;0;1;0;0;0;0;0;0;0;1;0;1;1;-1;-1;1
453;2;0;3;44;0;0;0;0;0;0;0;0;0;0;1;0;0;0;0;0;12;25;0;0;0;0;1;1;0;1;0;0;0;0;1;0;0;0;0;0;0;0;1;1;-1;1;-1;-1;1
454;1;0;6;74;0;0;0;0;0;0;0;0;0;0;1;1;0;0;0;0;22;45;0;0;1;0;0;0,133333333;0;1;1;0;0;1;0;0;0;0;0;0;0;0;1;0;1;1;0;-1;1
455;2;0;1;34;0;0;0;0;1;0;0;0;0;2;1;0;0;0;0;0;13;14;0;0;1;0;1;1;0;1;0;0;0;0;1;0;0;0;0;0;0;0;1;1;-1;1;-1;-1;1
456;1;0;4;79;1;0;0;0;0;0;0;0;0;29;1;1;0;0;0;0;13;59;0;0;0;0;0;0;0;1;0;0;0;0;0;0;0;0;0;0;0;0;1;-1;1;1;1;1;1
457;1;0;4;79;1;0;0;0;0;0;0;0;0;29;1;1;0;0;0;0;13;59;0;0;0;0;0;0;0;1;0;0;0;0;0;0;0;0;0;0;0;0;1;-1;1;1;1;1;1
458;3;0;2;48;1;0;0;0;0;0;0;0;0;0;1;0;0;0;0;0;19;22;0;0;0;0;0;0,785714286;0;1;0;0;0;1;1;0;0;0;0;1;0;0;1;1;-1;1;1;-1;1
459;2;0;4;52;0;0;0;0;0;0;0;0;0;0;1;0;0;0;0;0;16;29;0;0;0;0;0;0;0;1;0;0;0;0;0;0;0;0;0;0;0;0;1;1;1;1;1;1;1
460;2;0;3;43;0;0;0;0;0;0;0;0;0;0;1;0;0;0;0;0;10;26;0;0;0;0;1;0,142857143;1;1;0;0;0;0;0;0;0;0;0;1;0;0;1;1;1;1;0;-1;1
461;2;0;3;58;0;0;0;0;0;0;0;0;0;1;1;0;0;0;1;0;25;26;0;0;2;0;0,75;0,222222222;1;1;0;0;0;0,125;0;0;0;0;0;0;0;0;1;0;1;1;0;-1;1
462;3;0;4;47;0;0;0;1;0;0;0;0;0;9;1;0;1;0;0;0;12;28;0;0;0;0;0;0,785714286;0;1;0;0;0;1;1;0;0;0;0;1;0;0;1;1;-1;1;1;-1;1
463;2;0;3;46;0;0;0;0;0;0;0;0;0;0;1;1;0;0;0;0;15;24;0;0;1;0;1;1;0;1;0;0;0;0;1;1;0;0;0;0;0;0;1;1;-1;1;-1;-1;1
464;4;0;4;101;2;0;0;0;0;0;0;0;0;31;1;1;1;0;0;0;13;47;33;0;2;0;0;0,035714286;1;1;0;0;0;0;1;0;0;0;0;1;0;0;1;-1;1;1;1;1;1
465;4;0;4;101;2;0;0;0;0;0;0;0;0;31;1;1;1;0;0;0;13;47;33;0;2;0;0;0,035714286;1;1;0;0;0;0;1;0;0;0;0;1;0;0;1;-1;1;1;1;1;1
466;2;0;2;35;0;0;0;0;0;0;0;0;0;1;1;0;0;0;1;0;19;9;0;0;0;0;0;0;0;0;0;0;0;0;1;0;0;0;0;0;1;0;1;1;1;1;1;1;1
467;2;0;1;44;0;0;0;0;0;0;0;0;0;0;1;1;0;0;0;0;23;14;0;0;0;0;0,923076923;1;0;1;0;0;0;0;1;0;0;0;0;0;0;0;1;1;1;1;-1;-1;1
468;3;0;5;61;0;0;0;0;0;0;0;0;0;0;1;0;0;0;1;0;24;30;0;0;0;0;0;0,428571429;1;1;0;0;0;1;0;0;0;0;0;0;0;0;1;0;1;1;0;-1;1
469;1;0;4;79;1;0;0;0;0;0;0;0;0;31;1;1;0;0;0;0;13;59;0;0;0;0;0;0;0;1;0;0;0;0;0;0;0;0;0;0;0;0;1;-1;1;1;1;1;1
470;2;0;6;89;0;0;0;0;1;0;0;0;0;0;1;1;0;0;1;0;25;57;0;0;0;0;1;0,285714286;1;1;0;0;0;0;1;0;0;0;0;0;1;0;1;-1;1;1;0;-1;1
471;1;0;4;79;1;0;0;0;0;0;0;0;0;26;1;1;0;0;0;0;13;59;0;0;0;0;0;0;0;1;0;0;0;0;0;0;0;0;0;0;0;0;1;-1;1;1;1;1;1
472;4;0;4;98;2;0;0;0;0;0;0;0;0;28;1;1;1;0;0;0;13;47;30;0;2;0;0;0,035714286;1;1;0;0;0;0;1;0;0;0;0;1;0;0;1;-1;1;1;1;1;1
473;4;1;3;55;1;0;0;0;0;0;0;0;0;0;1;0;0;0;0;0;20;28;0;0;0;0;1;1;0;1;0;1;0;0;1;0;0;0;0;1;0;0;1;0;-1;0;-1;-1;1
474;3;0;2;39;0;0;0;0;0;0;0;0;0;0;1;0;0;0;0;0;15;17;0;0;0;0;1;1;0;1;0;0;0;0;1;0;0;0;0;0;0;0;1;1;-1;1;-1;-1;1
475;4;0;4;103;2;0;0;0;0;0;0;0;0;33;1;1;1;0;0;0;13;47;35;0;2;0;0;0,035714286;1;1;0;0;0;0;1;0;0;0;0;1;0;0;1;-1;1;1;1;1;1
476;2;0;4;43;0;0;0;0;0;0;0;0;0;0;1;0;0;0;0;0;14;22;0;0;0;0;0;0;0;0;0;0;0;0;1;0;0;0;0;0;1;0;1;1;1;1;1;1;1
477;3;0;3;45;0;0;0;0;0;0;0;0;0;3;1;0;0;0;0;0;20;18;0;0;0;0;1;1;0;1;0;0;0;0;1;0;0;0;0;0;0;0;1;1;-1;1;-1;-1;1
478;3;1;3;48;0;0;0;0;0;0;0;0;0;4;1;1;0;0;0;0;14;27;0;0;0;0;0;0;0;1;1;0;0;1;0;0;0;0;0;0;0;0;1;1;1;1;1;-1;1
479;2;0;1;43;0;0;0;0;0;0;0;0;0;0;1;1;0;0;0;0;23;13;0;0;0;0;0,923076923;1;0;1;0;0;0;0;1;0;0;0;0;0;0;0;1;1;1;1;-1;-1;1
480;2;1;3;32;0;0;0;0;0;0;0;0;0;0;1;0;0;0;1;0;13;12;0;0;0;0;0;0,428571429;1;1;0;0;0;1;0;0;0;0;0;0;0;0;1;1;1;1;0;-1;1
481;2;0;1;41;0;0;0;0;0;0;0;0;0;0;1;1;0;0;0;0;23;11;0;0;0;0;0,923076923;1;0;1;0;0;0;0;1;0;0;0;0;0;0;0;1;1;1;1;-1;-1;1
482;3;1;5;81;1;0;0;0;0;0;0;0;0;0;1;1;0;0;0;0;22;52;0;0;0;0;0,923076923;1;0;1;0;0;0;0;1;0;0;0;0;0;0;0;1;-1;1;1;-1;-1;1
483;1;0;11;170;1;0;0;0;0;0;0;0;0;41;1;1;0;0;1;0;26;137;0;0;2;1;0,647058824;0,903225807;1;1;0;0;0;0,352941177;1;0;0;0;0;0;0;0;1;-1;-1;1;-1;-1;1
484;1;0;5;78;0;0;0;0;0;0;0;0;0;24;1;1;0;0;0;0;20;51;0;0;0;0;0,202380952;1;0;1;0;0;0;0,011904762;0;0;0;0;0;0;0;0;1;-1;-1;1;-1;1;1
485;4;1;4;53;0;0;0;0;0;0;0;0;0;0;1;1;0;0;0;0;19;27;0;0;0;0;0;0;0;1;1;0;0;0;0;0;0;0;0;0;0;0;1;1;1;1;1;1;1
486;1;0;1;26;0;0;0;0;0;0;0;0;0;0;1;1;0;0;0;0;13;6;0;0;0;0;0;0;0;1;0;0;0;0;0;0;0;0;0;0;0;0;1;1;1;1;1;1;1
487;4;0;3;118;0;0;0;0;1;0;1;1;0;49;1;0;1;0;0;0;12;22;76;0;0;0;0,375;0;0;1;0;0;0;0;1;0;0;0;0;0;0;0;1;-1;1;1;0;0;1
488;2;0;4;55;0;0;0;0;0;0;0;0;0;0;1;1;0;0;0;0;24;24;0;0;0;0;0;0;0;1;0;0;0;0;0;0;0;0;0;0;0;0;1;0;1;1;1;1;1
489;1;0;5;78;0;0;0;0;0;0;0;0;0;19;1;1;0;0;0;0;20;51;0;0;0;0;0,202380952;1;0;1;0;0;0;0,011904762;0;0;0;0;0;0;0;0;1;-1;-1;1;-1;1;1
490;1;0;5;78;0;0;0;0;0;0;0;0;0;17;1;1;0;0;0;0;20;51;0;0;0;0;0,202380952;1;0;1;0;0;0;0,011904762;0;0;0;0;0;0;0;0;1;-1;-1;1;-1;1;1
491;1;0;4;53;1;0;0;0;0;0;0;0;0;0;1;0;0;0;1;0;21;25;0;0;0;0;0;0,785714286;0;1;0;0;0;1;1;0;0;0;0;1;0;0;1;1;-1;1;1;-1;1
492;3;0;5;44;0;0;0;1;0;0;0;0;0;9;1;0;1;0;1;0;12;25;0;0;0;0;0;0,785714286;0;1;0;0;0;1;1;0;0;0;0;1;0;0;1;1;-1;1;1;-1;1
493;2;1;3;46;0;0;0;0;0;0;0;0;0;6;1;1;0;0;1;0;27;12;0;0;0;0;0,833333333;0,263157895;1;1;0;0;0;0,083333333;0;0;0;0;0;1;0;0;1;1;1;1;0;-1;1
494;3;1;2;53;0;0;0;0;0;0;0;0;0;0;1;1;0;0;0;0;20;26;0;0;0;0;0;0;0;1;1;0;0;0;0;0;0;0;0;0;1;0;1;1;1;1;1;1;1
495;2;0;4;116;1;0;0;0;4;0;2;1;0;1;1;1;0;0;0;0;17;43;48;0;0;0;0;0;0;1;1;0;0;0;0;0;0;0;0;0;0;0;1;-1;1;1;1;1;1
496;2;0;4;73;1;0;0;0;0;0;0;0;0;18;1;1;0;0;0;0;13;53;0;0;0;1;1;1;0;1;0;0;0;0;1;0;0;0;0;1;0;0;1;0;-1;1;-1;-1;1
497;4;1;2;44;0;0;0;0;0;0;0;0;0;0;1;0;0;0;1;0;23;14;0;0;0;0;0;0,785714286;0;1;0;0;0;1;1;0;0;0;0;1;0;0;1;1;-1;1;1;-1;1
498;4;1;2;48;1;1;0;0;0;0;0;0;0;0;1;0;0;0;0;0;21;20;0;0;0;0;0;0,2;1;1;0;0;0;0,058823529;0;0;0;0;0;1;0;0;1;1;1;1;0;1;1
499;1;0;2;25;0;0;0;0;0;0;0;0;0;0;1;1;0;0;0;0;12;6;0;0;0;0;0,923076923;1;0;1;0;0;0;0;1;0;0;0;0;0;0;0;1;1;1;1;-1;-1;1
500;1;0;5;78;0;0;0;0;0;0;0;0;0;19;1;1;0;0;0;0;20;51;0;0;0;0;0,202380952;1;0;1;0;0;0;0,011904762;0;0;0;0;0;0;0;0;1;-1;-1;1;-1;1;1
501;1;0;4;55;0;0;0;0;0;0;0;0;0;0;1;1;0;0;0;0;23;25;0;0;0;0;0;0,785714286;0;1;0;0;0;1;1;0;0;0;0;1;0;0;1;0;-1;1;1;-1;1
502;2;0;4;61;0;0;0;0;0;0;0;0;0;0;1;1;0;0;0;0;24;30;0;0;0;0;0;0,785714286;0;1;0;0;0;1;1;0;0;0;0;1;0;0;1;0;-1;1;1;-1;1
503;2;0;4;63;0;0;0;0;0;0;0;0;0;0;1;1;0;0;1;0;24;32;0;0;0;0;0;0,785714286;0;1;0;0;0;1;1;0;0;0;0;1;0;0;1;0;-1;1;1;-1;1
504;4;0;3;199;0;0;0;0;4;0;13;6;0;48;1;0;1;0;0;0;12;22;157;0;1;0;0,375;0;0;1;0;0;0;0;1;0;0;0;0;0;0;0;1;-1;1;1;0;0;1
505;4;0;5;53;0;0;0;1;0;0;0;0;0;9;1;0;1;0;1;0;12;34;0;0;0;0;0;0,785714286;0;1;0;0;0;1;1;0;0;0;0;1;0;0;1;1;-1;1;1;-1;1
506;3;1;4;49;0;0;0;0;0;0;0;0;0;9;1;1;0;0;0;0;16;26;0;0;0;0;0;0,785714286;0;1;0;0;0;1;1;0;0;0;0;1;0;0;1;1;-1;1;1;-1;1
507;1;0;3;24;0;0;0;0;0;0;0;0;0;3;1;1;0;0;0;0;7;10;0;0;0;0;1;0,142857143;1;1;0;0;0;0;0;0;0;0;0;1;0;0;1;1;1;1;0;-1;1
508;2;0;3;56;0;0;0;0;0;0;0;0;0;0;1;0;0;0;1;0;26;23;0;0;0;1;0,928571429;1;0;1;0;0;0;0;1;0;0;0;0;0;0;0;1;0;1;1;-1;-1;1
509;3;0;6;75;1;0;0;0;1;0;0;0;0;0;1;0;0;0;0;0;21;47;0;0;0;0;0;0;0;0;0;0;0;0;1;0;0;0;0;0;1;0;1;0;1;1;1;1;1
510;1;0;2;19;0;0;0;0;0;0;0;0;0;0;1;0;0;0;0;0;8;4;0;0;0;0;0,388888889;1;1;1;1;0;1;0,055555556;1;0;0;0;0;0;0;0;1;1;1;-1;-1;0;1
511;2;0;2;44;0;0;0;0;0;0;0;0;0;0;1;1;0;0;1;0;20;17;0;0;0;1;1;1;0;1;0;1;0;0;1;0;0;0;0;0;0;0;1;1;-1;0;-1;-1;1
512;2;0;2;40;0;0;0;0;0;0;0;0;0;0;1;0;0;0;0;0;13;20;0;0;0;0;0;1;0;1;1;0;0;1;1;0;0;0;0;0;0;0;1;1;-1;1;-1;-1;1
513;4;1;6;95;1;0;0;0;0;3;0;0;0;11;1;1;0;0;0;0;23;65;0;0;0;0;0;1;0;1;1;0;0;1;1;0;0;0;0;0;0;0;1;-1;-1;1;-1;-1;1
514;3;1;3;46;0;0;0;0;0;0;0;0;0;0;1;0;0;0;1;0;24;15;0;0;0;0;0,5;0;0;1;0;0;0;0,5;0;0;0;0;0;1;0;0;1;1;1;1;1;-1;1
515;1;0;4;69;0;0;0;0;0;0;0;0;0;19;1;1;0;0;0;0;14;48;0;0;0;0;1;1;0;1;0;0;0;0;1;0;0;0;0;0;0;0;1;0;-1;1;-1;-1;1
516;2;0;3;51;0;0;0;0;0;0;0;0;0;0;1;0;0;0;1;0;18;26;0;0;0;0;0;0;0;1;1;0;0;0;0;0;0;0;0;0;1;0;1;1;1;1;1;1;1
517;3;0;5;162;2;0;0;0;8;0;2;2;0;4;1;0;0;0;0;0;21;38;95;0;0;0;0;0,333333333;0;1;1;0;0;0;0;0;0;0;0;0;0;0;1;-1;1;1;-1;1;1
518;2;0;3;44;0;0;0;0;0;0;0;0;0;0;1;0;0;0;1;0;15;22;0;0;0;0;0,857142857;1;0;1;0;0;0;0,142857143;1;0;0;0;0;0;0;0;1;1;-1;1;-1;-1;1
519;4;0;3;55;0;0;0;0;2;0;1;1;0;9;1;0;1;0;0;0;12;22;13;0;0;0;0,375;0;0;1;0;0;0;0;1;0;0;0;0;0;0;0;1;0;1;1;0;0;1
520;1;0;2;33;0;0;0;0;0;0;0;0;0;0;1;0;0;0;1;0;21;5;0;0;0;0;0;0,785714286;0;1;0;0;0;1;1;0;0;0;0;1;0;0;1;1;-1;1;1;-1;1
521;3;1;3;44;0;0;0;0;0;0;0;0;0;0;1;0;0;0;1;0;20;17;0;1;0;0;0;0;0;1;0;0;0;0;0;0;0;0;0;0;0;0;1;1;1;1;1;1;1
522;4;1;3;49;0;0;0;0;0;0;0;0;0;0;1;1;0;0;0;0;19;23;0;0;0;0;0;0;0;1;0;0;0;0;0;0;0;0;0;0;0;0;1;1;1;1;1;1;1
523;3;1;3;55;0;0;0;0;0;0;0;0;0;8;1;1;0;0;0;0;19;29;0;0;0;0;0;0;0;1;1;0;0;1;0;0;0;0;0;0;0;0;1;0;1;1;1;-1;1
524;1;0;4;47;1;1;0;0;1;0;0;0;0;0;1;0;0;0;0;0;11;29;0;0;0;0;0;0,071428571;1;1;0;0;0;1;0;0;0;0;0;1;0;0;1;1;1;1;1;-1;1
525;3;1;7;71;0;0;0;1;0;0;0;0;0;0;1;0;0;0;0;0;26;38;0;0;1;0;0;1;1;0;0;1;0;0;1;0;1;0;0;0;0;0;1;0;1;0;-1;1;1
526;2;1;7;78;0;0;0;1;0;0;0;0;0;0;1;0;0;0;0;0;33;38;0;0;1;0;0;1;1;0;0;1;0;0;1;0;1;0;0;0;0;0;1;-1;1;0;-1;1;1
527;1;0;4;79;1;0;0;0;0;0;0;0;0;31;1;1;0;0;0;0;13;59;0;0;0;0;0;0;0;1;0;0;0;0;0;0;0;0;0;0;0;0;1;-1;1;1;1;1;1
528;1;0;4;79;1;0;0;0;0;0;0;0;0;24;1;1;0;0;0;0;13;59;0;0;0;0;0;0;0;1;0;0;0;0;0;0;0;0;0;0;0;0;1;-1;1;1;1;1;1
529;2;0;3;51;1;0;0;0;0;0;0;0;0;0;1;0;0;0;0;0;24;20;0;0;0;0;1;1;0;1;0;1;0;0;1;0;0;0;0;1;0;0;1;1;-1;0;1;-1;1
530;2;0;4;45;0;0;0;0;0;0;0;0;0;0;1;1;0;0;1;0;10;28;0;0;0;0;0;0,666666667;1;1;0;0;0;1;0;0;0;0;0;0;0;0;1;1;-1;1;0;-1;1
531;3;1;5;57;0;0;0;0;0;0;0;0;0;0;1;0;0;0;1;0;21;29;0;0;0;0;0;0;0;1;0;0;0;0;0;0;0;0;0;0;0;0;1;0;1;1;1;1;1
532;2;0;3;47;0;0;0;0;0;0;0;0;0;0;1;0;0;0;0;0;16;24;0;0;0;0;0;0,785714286;0;1;0;0;0;1;1;0;0;0;0;1;0;0;1;1;-1;1;1;-1;1
533;3;1;4;49;0;0;0;0;0;0;0;0;0;0;1;1;0;0;1;0;14;28;0;0;0;0;0;0,666666667;1;1;0;0;0;1;0;0;0;0;0;0;0;0;1;1;-1;1;0;-1;1
534;3;1;7;85;1;0;0;0;0;0;0;0;0;0;1;0;0;0;0;0;16;62;0;0;0;0;0;0;0;1;0;0;0;0;0;0;0;0;0;0;0;0;1;-1;1;1;1;1;1
535;3;1;3;61;1;0;0;0;0;0;0;0;0;0;1;0;0;0;0;0;28;26;0;0;0;0;1;1;0;1;0;1;0;0;1;0;0;0;0;1;0;0;1;0;-1;0;1;-1;1
536;2;0;4;73;1;0;0;0;0;0;0;0;0;21;1;1;0;0;0;0;13;53;0;0;0;1;1;1;0;1;0;0;0;0;1;0;0;0;0;1;0;0;1;0;-1;1;-1;-1;1
537;2;1;3;51;2;1;0;0;0;0;0;0;0;0;1;0;0;0;0;0;24;20;0;0;0;0;1;1;0;1;0;1;0;0;1;0;0;0;0;1;0;0;1;1;-1;0;1;-1;1
538;1;0;4;79;1;0;0;0;0;0;0;0;0;29;1;1;0;0;0;0;13;59;0;0;0;0;0;0;0;1;0;0;0;0;0;0;0;0;0;0;0;0;1;-1;1;1;1;1;1
539;1;0;4;79;1;0;0;0;0;0;0;0;0;28;1;1;0;0;0;0;13;59;0;0;0;0;0;0;0;1;0;0;0;0;0;0;0;0;0;0;0;0;1;-1;1;1;1;1;1
540;1;0;4;79;1;0;0;0;0;0;0;0;0;32;1;1;0;0;0;0;13;59;0;0;0;0;0;0;0;1;0;0;0;0;0;0;0;0;0;0;0;0;1;-1;1;1;1;1;1
541;1;0;4;79;1;0;0;0;0;0;0;0;0;33;1;1;0;0;0;0;13;59;0;0;0;0;0;0;0;1;0;0;0;0;0;0;0;0;0;0;0;0;1;-1;1;1;1;1;1
542;1;0;4;79;1;0;0;0;0;0;0;0;0;31;1;1;0;0;0;0;13;59;0;0;0;0;0;0;0;1;0;0;0;0;0;0;0;0;0;0;0;0;1;-1;1;1;1;1;1
543;3;0;3;64;0;0;0;0;0;0;0;0;0;0;1;0;0;0;1;0;33;24;0;0;0;0;1;1;0;1;0;0;0;0;1;0;0;0;0;0;0;0;1;0;-1;1;-1;-1;1
544;3;0;4;82;1;0;0;0;0;0;0;0;0;17;1;1;0;0;0;0;13;62;0;0;0;1;1;1;0;1;0;0;0;0;1;0;0;0;0;1;0;0;1;-1;-1;1;-1;-1;1
545;3;1;3;56;0;0;0;0;0;0;0;0;0;6;1;1;0;0;1;0;27;22;0;0;0;0;0,833333333;0,263157895;1;1;0;0;0;0;0;0;0;0;0;1;0;0;1;0;1;1;0;-1;1
546;2;0;8;80;0;0;0;0;0;0;0;0;0;0;1;0;0;0;0;0;13;60;0;0;0;0;1;0,045454546;1;1;0;0;0;0;0;0;0;0;0;1;0;0;1;-1;1;1;1;-1;1
547;4;0;5;87;1;0;0;0;0;0;2;0;0;11;1;0;0;0;1;0;13;33;33;0;0;1;1;1;1;1;0;0;0;0;1;0;0;0;0;0;0;0;1;-1;-1;1;-1;-1;1
548;3;0;4;78;0;0;0;0;0;0;0;0;0;0;1;0;0;0;1;0;33;38;0;0;0;0;1;1;0;1;0;0;0;0;1;0;0;0;0;0;0;0;1;-1;-1;1;-1;-1;1
549;4;0;4;103;2;0;0;0;0;0;0;0;0;33;1;1;1;0;0;0;13;47;35;0;2;0;0;0,035714286;1;1;0;0;0;0;1;0;0;0;0;1;0;0;1;-1;1;1;1;1;1
550;4;0;4;100;2;0;0;0;0;0;0;0;0;30;1;1;1;0;0;0;13;47;32;0;2;0;0;0,035714286;1;1;0;0;0;0;1;0;0;0;0;1;0;0;1;-1;1;1;1;1;1
551;4;0;4;101;2;0;0;0;0;0;0;0;0;31;1;1;1;0;0;0;13;47;33;0;2;0;0;0,035714286;1;1;0;0;0;0;1;0;0;0;0;1;0;0;1;-1;1;1;1;1;1
552;3;1;4;48;0;0;0;0;0;0;0;0;0;0;1;1;0;0;1;0;17;24;0;0;0;1;1;0;0;1;0;0;0;0;1;0;0;0;0;0;0;0;1;1;1;1;1;-1;1
553;4;1;4;119;3;0;0;0;1;0;2;1;0;7;1;0;0;0;1;0;14;23;74;0;1;0;0;0;0;0;0;0;0;0;1;0;0;0;0;0;1;0;1;-1;1;1;1;1;1
554;3;1;1;36;0;0;0;0;0;0;0;0;0;0;1;0;0;0;0;0;20;9;0;0;0;0;0;1;0;1;1;0;0;0;1;0;0;0;0;0;0;0;1;1;-1;1;-1;1;1
555;5;1;4;57;1;1;0;0;0;0;0;0;0;0;1;1;0;0;0;0;23;27;0;0;0;0;0;0;0;1;1;0;0;0;0;0;0;0;0;0;0;0;1;0;1;1;1;1;1
556;5;2;1;35;0;0;0;0;0;0;0;0;0;1;1;0;0;0;0;0;19;9;0;0;0;0;0;1;0;1;1;0;0;0;1;0;0;0;0;0;0;0;0;1;-1;1;-1;1;1
557;3;1;1;36;0;0;0;0;0;0;0;0;0;0;1;1;0;0;0;0;20;9;0;0;0;0;0;1;0;1;1;0;0;0;1;0;0;0;0;0;0;0;1;1;-1;1;-1;1;1
558;4;0;4;67;0;0;0;0;0;0;0;0;0;21;1;1;1;0;0;0;13;47;0;0;1;0;0;0,035714286;1;1;0;0;0;1;1;0;0;0;0;1;0;0;1;0;1;1;1;-1;1
559;4;0;4;102;2;0;0;0;0;0;0;0;0;32;1;1;1;0;0;0;13;47;34;0;2;0;0;0,035714286;1;1;0;0;0;0;1;0;0;0;0;1;0;0;1;-1;1;1;1;1;1
560;4;1;1;43;0;0;0;0;0;0;0;0;0;0;1;0;0;0;0;0;27;9;0;0;0;0;0;1;0;1;1;0;0;0;1;0;0;0;0;0;0;0;1;1;-1;1;-1;1;1
561;3;0;6;82;0;0;0;0;0;0;0;0;0;9;1;1;0;0;1;0;18;57;0;0;0;0;0;0,5;0;1;0;0;0;0;1;0;0;0;0;0;0;0;1;-1;0;1;1;1;1
562;2;0;3;55;0;0;0;0;0;0;0;0;0;0;1;0;0;0;0;0;15;33;0;0;1;0;1;1;0;1;0;0;0;0;1;0;0;0;0;0;0;0;1;0;-1;1;-1;-1;1
563;4;0;3;205;0;0;0;0;3;0;10;6;0;67;1;0;1;0;0;0;12;22;163;0;1;0;0,375;0;0;1;0;0;0;0;1;0;0;0;0;0;0;0;1;-1;1;1;0;0;1
564;2;0;5;53;0;0;0;0;1;0;0;0;0;0;1;0;0;0;1;0;11;35;0;1;0;0;0;0;0;1;0;0;0;0;0;0;0;0;0;1;0;0;1;1;1;1;1;1;1
565;5;1;4;91;1;0;0;0;0;0;1;0;0;12;1;0;0;0;0;0;21;29;33;0;0;0;0;0,642857143;1;1;0;0;0;0;0;0;0;0;0;0;0;0;1;-1;-1;1;0;1;1
566;3;0;2;38;0;0;0;0;0;0;0;0;0;0;1;0;0;0;0;0;14;17;0;0;0;0;0;0;0;0;0;0;0;0;1;0;0;0;0;0;1;0;1;1;1;1;1;1;1
567;5;2;6;87;1;0;0;0;0;0;0;0;0;0;1;1;0;0;0;0;26;54;0;0;0;0;0;0,008333333;1;1;0;0;0;0;0;0;0;0;0;0;0;1;1;-1;1;1;-1;1;1
568;2;0;5;139;0;0;0;0;0;0;2;1;0;37;1;1;0;0;0;0;21;60;50;0;0;0;0;0,625;0;1;0;0;0;0;0;0;0;0;0;0;0;0;1;-1;0;1;0;1;1
569;13;11;6;165;2;2;0;0;0;0;1;1;0;18;1;1;0;1;0;0;84;58;15;0;1;1;1;1;1;1;0;1;0;0;1;0;0;0;0;0;0;0;-1;-1;-1;0;-1;-1;1
570;3;0;1;43;0;0;0;0;0;0;0;0;0;0;1;0;0;0;0;0;19;17;0;0;0;0;1;0;0;1;0;1;0;0;0;0;0;0;0;0;0;0;1;1;1;0;1;-1;1
571;4;0;4;101;2;0;0;0;0;0;0;0;0;20;1;1;1;0;0;0;13;47;33;0;2;0;0;0,035714286;1;1;0;0;0;0;1;0;0;0;0;1;0;0;1;-1;1;1;1;1;1
572;3;0;5;81;0;0;0;0;0;0;0;0;0;1;1;1;0;0;1;0;28;46;0;0;0;0;0;0;0;1;0;0;0;0;0;0;0;0;0;0;0;0;1;-1;1;1;1;1;1
573;3;1;3;82;4;0;0;1;0;0;0;0;0;9;1;0;0;0;0;0;14;12;48;0;0;0;1;0,2;0;1;1;0;0;0;0;0;0;0;0;0;0;0;1;-1;1;1;1;-1;1
574;5;0;2;68;1;0;0;0;0;0;0;0;0;24;1;0;1;0;1;0;14;17;29;0;1;0;1;0,16;1;1;0;0;0;0;1;0;0;0;0;1;0;0;1;0;1;1;0;-1;1
575;5;0;2;66;1;0;0;0;0;0;0;0;0;22;1;0;1;0;1;0;14;17;27;0;1;0;1;0,16;1;1;0;0;0;0;1;0;0;0;0;1;0;0;1;0;1;1;0;-1;1
576;5;0;2;68;1;0;0;0;0;0;0;0;0;24;1;0;1;0;1;0;14;17;29;0;1;0;1;0,16;1;1;0;0;0;0;1;0;0;0;0;1;0;0;1;0;1;1;0;-1;1
577;1;0;2;25;0;0;0;0;0;0;0;0;0;0;1;1;0;0;0;0;12;6;0;0;0;0;0;0;0;1;0;0;0;0;0;0;0;0;0;0;0;0;1;1;1;1;1;1;1
578;2;1;4;48;0;0;0;0;0;0;0;0;0;4;1;1;0;0;0;0;22;19;0;0;0;0;0;0;0;1;0;0;0;1;0;0;0;0;0;0;0;1;1;1;1;1;1;-1;1
579;2;0;2;38;0;0;0;0;0;0;0;0;0;0;1;0;0;0;0;0;13;18;0;0;0;0;1;1;0;1;0;0;0;0;1;0;0;0;0;1;1;0;1;1;-1;1;1;-1;1
580;4;0;3;93;2;0;0;0;0;0;0;0;0;22;1;0;1;0;0;0;13;37;35;0;2;0;0;0,035714286;1;1;0;0;0;0;1;0;0;0;0;1;0;0;1;-1;1;1;1;1;1
581;3;1;8;79;1;0;0;0;0;0;0;0;0;6;1;1;0;0;1;0;19;53;0;0;0;0;0,923076923;1;0;1;0;0;0;0;1;0;0;0;0;0;0;0;1;-1;1;1;-1;-1;1
582;3;1;8;79;1;0;0;0;0;0;0;0;0;6;1;1;0;0;1;0;19;53;0;0;0;0;0,923076923;1;0;1;0;0;0;0;1;0;0;0;0;0;0;0;1;-1;1;1;-1;-1;1
583;4;1;4;57;1;0;0;0;0;0;0;0;0;0;1;0;0;0;0;0;21;29;0;0;0;0;0;0,642857143;1;1;0;0;0;1;0;0;0;0;0;0;0;0;1;0;-1;1;0;-1;1
584;3;1;3;95;1;0;0;0;3;0;2;1;0;1;1;0;0;0;1;0;18;19;50;0;0;0;0,125;0,15;1;1;0;1;0;0;0;0;0;0;0;0;0;0;1;-1;1;0;0;1;1
585;3;0;2;39;0;0;0;0;0;0;0;0;0;0;1;1;0;0;1;0;16;16;0;0;0;1;1;0,083333333;1;1;1;0;1;0;1;0;0;0;0;0;0;0;1;1;1;-1;1;-1;1
586;1;0;3;36;0;0;0;0;0;0;0;0;0;0;1;1;0;0;1;0;18;11;0;0;0;0;1;0,142857143;1;1;0;0;0;0;0;0;0;0;0;1;0;0;1;1;1;1;0;-1;1
587;3;0;2;42;0;0;0;0;0;0;0;0;0;0;1;0;0;0;0;0;12;23;0;0;0;0;0;1;0;1;1;0;0;1;1;0;0;0;0;0;0;0;1;1;-1;1;-1;-1;1
588;2;0;3;121;1;1;0;0;0;0;2;1;0;58;1;1;0;0;1;0;19;41;53;0;0;0;0;0,216216216;0;1;1;0;0;0;0;0;0;0;0;0;0;0;1;-1;1;1;0;1;1
589;2;0;1;27;0;0;0;0;0;0;0;0;0;0;1;0;0;0;0;0;16;4;0;0;0;0;0;0,642857143;1;1;1;0;0;1;0;0;0;0;0;0;0;0;1;1;-1;1;0;-1;1
590;1;0;5;46;0;0;0;0;0;0;0;0;0;0;1;0;0;0;1;0;19;20;0;0;0;0;0;0;0;1;0;0;0;0;0;0;0;0;0;0;0;0;1;1;1;1;1;1;1
591;2;1;4;41;0;0;0;0;0;0;0;0;0;0;1;0;0;0;1;0;21;13;0;0;0;0;0;0;0;1;0;0;0;0;0;0;0;0;0;0;0;0;1;1;1;1;1;1;1
592;5;1;2;133;1;0;0;0;0;0;7;6;0;14;1;0;0;0;0;0;20;11;94;0;0;0;0;0,642857143;1;1;0;0;0;0;0;0;0;0;0;0;0;0;1;-1;-1;1;0;1;1
593;5;2;1;49;0;0;0;0;0;0;0;0;0;1;1;1;0;0;0;0;30;12;0;0;0;0;0,75;0;0;1;0;0;0;0;0;0;0;0;0;0;0;0;1;1;1;1;1;-1;1
594;2;1;3;38;0;0;0;0;0;0;0;0;0;0;1;0;0;0;0;0;19;12;0;0;0;0;0;0,153846154;0;1;0;0;0;0;0;0;0;0;0;0;0;0;1;1;1;1;1;1;1
595;2;0;2;35;1;1;0;0;0;0;0;0;0;0;1;0;0;0;0;0;15;13;0;0;0;0;1;1;0;1;0;0;0;0;1;0;0;0;0;0;0;0;1;1;-1;1;-1;-1;1
596;1;0;3;49;1;1;0;0;0;0;0;0;0;0;1;1;0;0;0;0;10;32;0;0;0;0;0,909090909;0,125;0;1;0;0;0;0;0;0;0;0;0;1;0;0;1;1;1;1;1;-1;1
597;5;0;2;68;1;0;0;0;0;0;0;0;0;24;1;0;1;0;1;0;14;17;29;0;1;0;1;0,16;1;1;0;0;0;0;1;0;0;0;0;1;0;0;1;0;1;1;0;-1;1
598;3;0;3;67;0;0;0;0;0;0;0;0;0;0;1;1;0;0;0;0;19;41;0;0;0;0;0,5;0,066666667;1;1;1;0;0;0,5;0;0;0;0;0;1;0;0;1;0;1;1;0;-1;1
599;2;0;2;31;0;0;0;0;0;0;0;0;0;0;1;0;0;0;0;0;18;6;0;0;0;0;0,923076923;1;0;1;0;0;0;0;1;0;0;0;0;0;0;0;1;1;1;1;-1;-1;1
600;3;0;2;47;0;0;0;0;0;0;0;0;0;0;1;0;0;0;0;0;21;19;0;0;0;0;0,923076923;1;0;1;0;0;0;0;1;0;0;0;0;0;0;0;1;1;1;1;-1;-1;1
601;1;0;3;30;0;0;0;0;0;0;0;0;0;0;1;1;0;0;0;0;10;13;0;0;0;0;0;0;0;1;0;0;0;0;0;0;0;0;0;0;0;0;1;1;1;1;1;1;1
602;4;0;4;100;2;0;0;0;0;0;0;0;0;19;1;1;1;0;0;0;13;47;32;0;2;0;0;0,035714286;1;1;0;0;0;0;1;0;0;0;0;1;0;0;1;-1;1;1;1;1;1
603;1;0;3;32;0;0;0;0;0;0;0;0;0;2;1;0;0;0;0;0;13;12;0;0;0;0;0;0,285714286;0;1;0;0;0;0;0;0;0;0;0;0;0;0;1;1;1;1;-1;1;1
604;3;1;4;60;0;0;0;0;0;0;0;0;0;1;1;0;0;0;1;0;24;29;0;0;0;0;0,833333333;0,263157895;1;1;0;0;0;0;0;0;0;0;0;1;0;0;1;0;1;1;0;-1;1
605;2;0;4;51;0;0;0;0;0;0;0;0;0;0;1;1;0;0;1;0;17;27;0;0;0;0;1;0;0;1;0;0;0;0;0;0;0;0;0;0;0;0;1;1;1;1;1;-1;1
606;1;0;3;32;0;0;0;0;0;0;0;0;0;2;1;0;0;0;1;0;13;12;0;0;0;0;0;0,285714286;0;1;0;0;0;0;0;0;0;0;0;0;0;0;1;1;1;1;-1;1;1
607;4;1;3;57;0;0;0;0;1;0;0;0;0;0;1;0;0;0;1;0;17;33;0;0;0;0;1;1;1;1;0;0;0;0;1;0;0;0;0;1;0;0;1;0;-1;1;-1;-1;1
608;3;0;5;78;0;0;0;0;2;0;0;0;0;0;1;0;0;0;0;0;23;48;0;0;1;0;1;0,80952381;1;1;1;0;1;0;1;0;0;0;0;1;0;0;1;-1;0;-1;-1;-1;1
609;3;0;2;38;0;0;0;0;0;0;0;0;0;0;1;0;0;0;0;0;17;14;0;0;2;0;0,9;1;1;1;0;0;0;0,1;1;0;0;0;0;1;0;0;1;1;-1;1;-1;-1;1
610;2;0;2;38;0;0;0;0;0;0;0;0;0;0;1;0;0;0;0;0;17;14;0;0;0;0;0;0,083333333;0;1;0;0;0;0;0;0;0;0;0;0;0;0;1;1;1;1;1;1;1
611;2;0;3;54;0;0;0;0;0;0;0;0;0;0;1;0;0;0;0;0;24;23;0;0;0;0;0,909090909;0,384615385;1;1;0;0;0;0,090909091;0;0;0;0;0;1;0;0;1;0;0;1;0;-1;1
612;6;0;3;106;1;0;0;0;4;0;1;0;0;0;1;1;0;0;1;0;9;54;35;0;0;0;0;0,904761905;0;1;1;0;0;0;0;0;0;0;0;0;0;0;1;-1;-1;1;-1;1;1
613;4;1;2;39;0;0;0;0;0;0;0;0;0;0;1;0;0;0;0;0;18;14;0;0;0;0;0;0;0;1;0;0;0;0;0;0;0;0;0;0;0;0;1;1;1;1;1;1;1
614;4;0;4;101;2;0;0;0;0;0;0;0;0;20;1;1;1;0;0;0;12;47;34;0;2;0;0;0,035714286;1;1;0;0;0;0;1;0;0;0;0;1;0;0;1;-1;1;1;1;1;1
615;2;1;3;36;0;0;0;0;0;0;0;0;0;0;1;0;0;0;1;0;21;8;0;0;0;0;0;0;0;1;0;0;0;0;0;0;0;0;0;0;0;0;1;1;1;1;1;1;1
616;2;1;4;72;0;0;0;0;0;0;0;0;0;26;1;1;0;0;0;0;18;47;0;0;0;0;0;0;0;1;0;0;0;0;0;0;0;0;0;0;0;0;1;0;1;1;1;1;1
617;2;1;4;72;0;0;0;0;0;0;0;0;0;15;1;1;0;0;0;0;18;47;0;0;0;0;0;0;0;1;0;0;0;0;0;0;0;0;0;0;0;0;1;0;1;1;1;1;1
618;3;1;3;140;0;0;0;0;2;0;2;0;0;51;1;0;0;0;0;0;17;16;99;0;1;0;0;0;0;1;0;0;0;0;0;0;0;0;0;0;0;0;1;-1;1;1;1;1;1
619;3;0;6;80;0;0;0;0;1;0;0;0;0;0;1;1;0;0;0;0;23;50;0;0;1;0;0,933660934;0,945578231;1;1;1;0;1;0,002457003;1;0;0;0;0;1;0;0;1;-1;-1;-1;-1;-1;1
620;1;0;5;47;0;0;0;0;1;0;0;0;0;0;1;0;0;0;1;0;20;20;0;0;0;0;0;0;0;1;0;0;0;0;0;0;0;0;0;0;0;0;1;1;1;1;1;1;1
621;3;1;5;220;1;0;0;0;0;0;0;0;0;32;1;0;0;0;0;0;25;52;135;0;0;0;0;0;0;1;0;0;0;0;0;0;0;0;0;0;0;0;1;-1;1;1;1;1;1
622;1;0;6;66;1;1;0;0;0;0;0;0;0;0;1;0;0;0;0;0;17;42;0;0;0;1;1;0,25;1;1;0;0;0;0;1;0;0;0;0;0;0;0;1;0;0;1;0;-1;1
623;2;0;5;65;1;0;0;0;0;0;0;0;0;1;1;0;0;0;0;0;16;42;0;0;0;0;0,833333333;0,263157895;1;1;0;0;0;0;0;0;0;0;0;1;0;0;1;0;1;1;0;-1;1
624;2;1;3;39;0;0;0;0;0;0;0;0;0;0;1;1;0;0;1;0;22;10;0;0;0;0;1;0,142857143;1;1;0;0;0;0;0;0;0;0;0;1;0;0;1;1;1;1;0;-1;1
625;3;0;3;53;1;0;0;0;0;0;0;0;0;0;1;1;0;0;0;0;16;30;0;0;0;0;0,8;1;1;1;0;0;0;0,12;1;0;0;0;0;0;0;0;1;1;-1;1;-1;-1;1
626;2;0;3;58;1;0;0;0;0;0;0;0;0;0;1;0;0;0;0;0;15;36;0;0;1;0;0;0;0;1;0;0;0;0;0;0;0;0;0;0;0;0;1;0;1;1;1;1;1
627;6;1;8;142;3;0;0;0;0;0;0;0;0;26;1;1;0;0;1;0;15;120;0;0;0;0;0,002793296;0,038461539;0;1;1;0;0;0,952513967;0;0;1;0;0;1;0;0;1;-1;1;1;1;-1;1
628;2;1;3;60;0;0;0;0;0;0;0;0;0;0;1;0;0;0;0;0;39;14;0;0;0;0;0;0;0;1;0;0;0;0;0;0;0;0;0;0;0;0;1;0;1;1;1;1;1
629;6;1;8;142;3;0;0;0;0;0;0;0;0;23;1;1;0;0;1;0;15;120;0;0;0;0;0,002793296;0,038461539;0;1;1;0;0;0,952513967;0;0;1;0;0;1;0;0;1;-1;1;1;1;-1;1
630;6;1;8;142;3;0;0;0;0;0;0;0;0;25;1;1;0;0;1;0;15;120;0;0;0;0;0,002793296;0,038461539;0;1;1;0;0;0,952513967;0;0;1;0;0;1;0;0;1;-1;1;1;1;-1;1
631;6;1;8;142;3;0;0;0;0;0;0;0;0;21;1;1;0;0;1;0;15;120;0;0;0;0;0,002793296;0,038461539;0;1;1;0;0;0,952513967;0;0;1;0;0;1;0;0;1;-1;1;1;1;-1;1
632;1;0;3;33;0;0;0;0;0;0;0;0;0;4;1;0;0;0;0;0;15;11;0;0;0;0;1;0;0;1;0;0;0;0;0;0;0;0;0;1;0;0;1;1;1;1;1;-1;1
633;2;0;3;48;0;0;0;0;0;0;0;0;0;0;1;0;0;0;0;0;15;26;0;0;0;0;0;0,785714286;0;1;0;0;0;1;1;0;0;0;0;1;0;0;1;1;-1;1;1;-1;1
634;1;0;3;44;0;0;0;0;0;0;0;0;0;0;1;1;0;0;0;0;23;14;0;0;0;0;0;0,153846154;0;1;0;0;0;0;0;0;0;0;0;0;0;0;1;1;1;1;1;1;1
635;4;0;4;101;2;0;0;0;0;0;0;0;0;20;1;1;1;0;0;0;13;47;33;0;2;0;0;0,035714286;1;1;0;0;0;0;1;0;0;0;0;1;0;0;1;-1;1;1;1;1;1
636;2;0;3;36;0;0;0;0;0;0;0;0;0;1;1;0;0;0;0;0;13;16;0;0;1;0;0;0;0;1;0;0;0;0,454545455;0;0;0;0;0;0;0;0;1;1;1;1;1;0;1
637;3;1;3;66;0;0;0;0;1;0;2;0;0;1;1;0;0;0;0;0;17;16;25;0;1;0;0;0;0;1;0;0;0;0;0;0;0;0;0;0;0;0;1;0;1;1;1;1;1
638;3;1;5;82;1;0;0;0;0;0;0;0;0;0;1;1;0;0;0;0;22;53;0;0;0;1;0,923076923;1;0;1;0;0;0;0;1;0;0;0;0;0;0;0;1;-1;1;1;-1;-1;1
639;2;0;3;128;1;0;0;0;5;0;1;0;0;22;1;1;0;0;0;0;17;52;51;0;0;0;0;0,2;0;1;1;0;0;0;0;0;0;0;0;0;0;0;1;-1;1;1;0;1;1
640;3;1;3;47;0;0;0;0;0;0;0;0;0;0;1;0;0;0;0;0;18;22;0;0;0;0;0;0,153846154;0;1;0;0;0;0;0;0;0;0;0;0;0;0;1;1;1;1;1;1;1
641;3;1;3;48;0;0;0;0;0;0;0;0;0;0;1;0;0;0;0;0;19;22;0;0;0;0;0;0,153846154;0;1;0;0;0;0;0;0;0;0;0;0;0;0;1;1;1;1;1;1;1
642;3;1;3;140;0;0;0;0;2;0;2;0;0;41;1;0;0;0;0;0;17;16;99;0;1;0;0;0;0;1;0;0;0;0;0;0;0;0;0;0;0;0;1;-1;1;1;1;1;1
643;1;0;5;47;0;0;0;0;0;0;0;0;0;0;1;0;0;0;0;0;10;30;0;0;0;0;0,00729927;0,325;0;1;0;0;0;0,934306569;0;0;0;0;0;1;0;0;1;1;1;1;0;-1;1
644;3;0;3;47;0;0;0;0;0;0;1;0;0;0;1;0;0;0;1;0;12;21;6;0;0;0;0;0,666666667;1;1;0;1;0;0;0;0;0;0;0;0;0;0;1;1;-1;0;0;1;1
645;3;0;4;84;1;1;0;0;0;0;0;0;0;20;1;1;0;0;1;0;21;56;0;0;1;1;0,923076923;1;1;1;0;0;0;0;1;0;0;0;0;0;0;0;1;-1;1;1;-1;-1;1
646;3;1;5;63;1;0;0;0;0;0;0;0;0;0;1;0;0;0;1;0;20;36;0;0;0;0;0;0;0;1;0;0;0;0;0;0;0;0;0;0;0;0;1;0;1;1;1;1;1
647;2;0;2;44;0;0;0;0;0;0;0;0;0;3;1;1;0;0;0;0;16;21;0;0;1;0;0;0;0;1;1;0;0;0,962962963;0;0;0;0;0;0;0;0;1;1;1;1;1;-1;1
648;2;0;2;78;0;0;0;0;0;0;2;1;0;3;1;1;0;0;0;0;16;21;33;0;1;0;0;0;0;1;1;0;0;0;0;0;0;0;0;0;0;0;1;-1;1;1;1;1;1
649;5;1;5;120;1;0;0;0;1;0;0;0;0;23;1;1;0;0;1;0;23;90;0;0;2;1;0,857142857;1;1;1;0;1;0;0,071428571;1;0;0;0;0;0;0;0;1;-1;-1;0;-1;-1;1
650;2;0;2;39;0;0;0;0;0;0;0;0;0;0;1;0;0;0;1;0;19;13;0;0;0;0;0,923076923;1;0;1;0;0;0;0;1;0;0;0;0;0;0;0;1;1;1;1;-1;-1;1
651;5;1;5;118;1;0;0;0;0;0;0;0;0;23;1;1;0;0;1;0;23;88;0;0;1;1;0,75;1;1;1;0;0;0;0;1;0;0;0;0;0;0;0;1;-1;-1;1;-1;-1;1
652;3;1;4;64;0;0;0;0;1;0;0;0;0;0;1;0;0;0;0;0;17;40;0;0;0;0;1;1;1;1;0;1;0;0;1;0;0;0;0;0;0;0;1;0;-1;0;-1;-1;1
653;2;0;2;39;1;0;0;0;0;0;0;0;0;1;1;0;0;0;0;0;21;11;0;0;0;0;0;0,153846154;0;1;0;0;0;0;0;0;0;0;0;0;0;0;1;1;1;1;1;1;1
654;5;0;2;68;1;0;0;0;0;0;1;0;0;23;1;0;1;0;1;0;14;17;29;0;1;0;1;0,16;1;1;0;0;0;0;1;0;0;0;0;1;0;0;1;0;1;1;0;-1;1
655;5;0;2;67;1;0;0;0;0;0;0;0;0;23;1;0;1;0;1;0;14;17;28;0;1;0;1;0,16;1;1;0;0;0;0;1;0;0;0;0;1;0;0;1;0;1;1;0;-1;1
656;5;0;2;67;1;0;0;0;0;0;0;0;0;23;1;0;1;0;1;0;14;17;28;0;1;0;1;0,16;1;1;0;0;0;0;1;0;0;0;0;1;0;0;1;0;1;1;0;-1;1
657;2;1;2;40;0;0;0;0;0;0;0;0;0;0;1;0;0;0;0;0;25;8;0;0;0;0;0,933333333;1;0;1;0;0;0;0;1;0;0;0;0;0;0;0;1;1;1;1;-1;-1;1
658;4;0;2;38;0;0;0;0;0;0;0;0;0;11;1;0;1;0;1;0;14;17;0;0;1;0;1;0,16;1;1;0;0;0;0;1;0;0;0;0;1;0;0;1;1;1;1;0;-1;1
659;3;0;4;64;0;0;0;0;0;0;0;0;0;0;1;0;0;0;1;0;19;38;0;0;0;0;0,75;0;0;1;0;0;0;0;0;0;0;0;0;0;0;0;1;0;1;1;1;-1;1
660;2;1;7;81;1;1;0;0;0;0;0;0;0;13;1;1;0;0;0;0;23;51;0;0;1;0;0;0,25;0;1;0;0;0;0;0;0;0;0;0;0;0;0;1;-1;1;1;0;1;1
661;2;1;7;94;1;1;0;0;0;0;0;0;0;13;1;1;0;0;0;0;30;57;0;0;0;0;0;0,25;0;1;0;0;0;0;0;0;0;0;0;0;0;0;1;-1;1;1;0;1;1
662;1;0;3;28;0;0;0;0;0;0;0;0;0;0;1;0;0;0;0;0;11;10;0;0;0;0;0;0;0;1;0;0;0;0;0;0;0;0;0;0;0;0;1;1;1;1;1;1;1
663;3;0;4;77;0;0;0;0;1;1;0;0;0;5;1;1;0;0;0;0;29;41;0;0;1;1;0,923076923;1;0;1;0;0;0;0;1;0;0;0;0;0;0;0;1;-1;1;1;-1;-1;1
664;1;0;5;47;0;0;0;0;0;0;0;0;0;0;1;0;0;0;1;0;17;23;0;0;0;0;0,066666667;0,076923077;0;1;1;0;0;0,866666667;0;0;0;0;0;0;0;0;1;1;1;1;1;-1;1
665;2;0;3;45;0;0;0;0;0;0;0;0;0;0;1;0;0;0;1;0;17;21;0;0;0;0;0;0;0;1;0;0;0;0;0;0;0;0;0;0;0;0;1;1;1;1;1;1;1
666;3;0;4;54;1;1;0;0;0;0;0;0;0;0;1;1;0;0;1;0;17;30;0;0;0;0;0;0;0;1;0;0;0;0;0;0;0;0;0;0;0;0;1;0;1;1;1;1;1
667;2;1;6;59;1;0;0;0;0;0;0;0;0;0;1;0;0;0;0;0;17;35;0;0;0;0;0;0;0;1;0;0;0;0;0;0;0;0;0;0;0;0;1;0;1;1;1;1;1
668;3;1;3;58;0;0;0;0;1;0;0;0;0;0;1;0;0;0;1;0;18;33;0;0;0;1;0,923076923;1;0;1;0;0;0;0;1;0;0;0;0;0;0;0;1;0;1;1;-1;-1;1
669;4;1;1;40;0;0;0;0;0;0;0;0;0;0;1;0;0;0;1;0;24;9;0;0;0;0;0,923076923;1;0;1;0;0;0;0;1;0;0;0;0;0;0;0;1;1;1;1;-1;-1;1
670;3;1;3;62;0;0;0;0;0;0;0;0;0;0;1;0;0;0;0;0;33;22;0;0;0;0;0;0,0625;0;1;0;0;0;0;0;0;0;0;0;1;0;0;1;0;1;1;0;1;1
671;3;0;2;31;0;0;0;0;0;0;0;0;0;0;1;0;0;0;0;0;10;14;0;0;0;0;0;0,363636364;0;1;0;0;0;1;0;0;0;0;0;0;0;0;1;1;1;1;0;-1;1
672;3;0;3;37;0;0;0;0;0;0;0;0;0;1;1;0;0;0;1;0;9;21;0;0;0;0;0;0;0;1;0;0;0;0;0;0;0;0;0;0;0;0;1;1;1;1;1;1;1
673;4;0;4;89;2;0;0;0;0;0;0;0;0;21;1;1;1;0;0;0;13;34;34;0;2;0;0;0,035714286;1;1;0;0;0;0;1;0;0;0;0;1;0;0;1;-1;1;1;1;1;1
674;4;1;3;51;1;1;0;0;0;0;0;0;0;0;1;0;0;0;0;0;16;28;0;0;0;0;0,75;0;0;1;0;0;0;0;0;0;0;0;0;0;0;0;1;1;1;1;1;-1;1
675;1;0;4;48;0;0;0;0;0;0;0;0;0;0;1;0;0;0;0;0;16;25;0;0;0;0;0;0;0;1;0;0;0;0;0;0;0;0;0;0;0;0;1;1;1;1;1;1;1
676;3;0;6;64;0;0;0;0;0;0;0;0;0;0;1;1;0;0;1;0;16;41;0;0;0;0;1;0,909090909;0;1;0;0;0;0;1;1;0;0;0;0;0;0;1;0;-1;1;-1;-1;1
677;2;1;3;41;0;0;0;0;0;0;0;0;0;0;1;1;0;0;0;0;20;14;0;0;0;0;0;0;0;1;0;0;0;0;0;0;0;0;0;0;0;0;1;1;1;1;1;1;1
678;2;0;3;57;2;1;0;0;1;0;0;0;0;0;1;0;0;0;0;0;14;36;0;0;0;0;1;1;0;1;0;0;0;0;1;0;0;0;0;1;1;0;1;0;-1;1;-1;-1;1
679;3;1;8;79;1;0;0;0;0;0;0;0;0;6;1;1;0;0;1;0;19;53;0;0;0;0;0,923076923;1;0;1;0;0;0;0;1;0;0;0;0;0;0;0;1;-1;1;1;-1;-1;1
680;4;1;4;56;0;0;0;0;0;0;0;0;0;6;1;1;0;0;0;0;19;30;0;0;0;0;0;0,153846154;0;1;1;0;1;0,95890411;0;0;0;0;0;1;0;0;1;0;0;-1;1;-1;1
681;7;1;3;110;3;3;0;0;0;0;1;0;0;0;1;0;0;0;0;0;24;24;54;0;2;0;1;0,5;1;1;1;0;0;0;1;0;0;0;0;0;0;0;1;-1;1;1;0;-1;1
682;1;0;3;42;1;0;0;0;0;0;0;0;0;0;1;0;0;0;0;0;12;23;0;0;0;0;0,91416309;0,098039216;0;1;0;1;0;0,008583691;1;0;0;0;0;1;0;0;1;1;1;0;0;-1;1
683;2;0;2;52;0;0;0;0;0;0;0;0;0;0;1;0;0;0;0;0;25;20;0;0;0;0;0,923076923;1;0;1;0;0;0;0;1;0;0;0;0;0;0;0;1;1;1;1;-1;-1;1
684;2;1;0;30;2;2;0;0;0;0;0;0;0;3;1;0;0;1;0;0;22;1;0;0;0;0;0,911111111;1;1;1;0;0;0;0,088888889;1;0;0;0;0;1;0;0;1;1;-1;1;-1;-1;1
685;4;1;5;73;2;0;0;0;0;0;0;0;0;0;1;1;0;0;1;0;20;46;0;0;0;0;0;0;0;0;0;0;0;0,666666667;0;0;0;0;0;0;0;0;1;0;1;1;1;0;1
686;2;1;4;47;0;0;0;0;0;0;0;0;0;6;1;1;0;0;0;0;22;18;0;0;0;0;0;0;0;0;0;0;0;1;0;0;0;0;0;0;0;0;1;1;1;1;1;-1;1
687;4;0;2;63;1;0;0;0;0;0;0;0;0;0;1;1;0;0;1;0;24;32;0;0;1;1;0,471698113;0,976744186;0;1;0;0;0;0,037735849;1;0;0;0;0;0;0;0;1;0;-1;1;-1;0;1
688;2;0;1;26;0;0;0;0;0;0;0;0;0;0;1;0;0;0;0;0;11;8;0;0;0;0;0;0;0;1;1;0;0;0;0;0;0;0;0;0;0;0;1;1;1;1;1;1;1
689;4;0;3;197;0;0;0;0;5;0;16;14;0;12;1;0;1;0;0;0;12;22;155;0;1;0;0,375;0;0;1;0;0;0;0;1;0;0;0;0;0;0;0;1;-1;1;1;0;0;1
690;4;0;3;71;0;0;0;0;2;0;4;4;0;9;1;0;1;0;0;0;12;22;29;0;0;0;0,375;0;0;1;0;0;0;0;1;0;0;0;0;0;0;0;1;0;1;1;0;0;1
691;4;0;3;79;0;0;0;0;1;0;5;5;0;11;1;0;1;0;0;0;12;22;37;0;0;0;0,375;0;0;1;0;0;0;0;1;0;0;0;0;0;0;0;1;-1;1;1;0;0;1
692;4;0;3;59;0;0;0;0;2;0;2;2;0;9;1;0;1;0;0;0;12;22;17;0;0;0;0,375;0;0;1;0;0;0;0;1;0;0;0;0;0;0;0;1;0;1;1;0;0;1
693;4;0;3;164;0;0;0;0;4;0;10;9;0;9;1;0;1;0;0;0;12;22;122;0;1;0;0,375;0;0;1;0;0;0;0;1;0;0;0;0;0;0;0;1;-1;1;1;0;0;1
694;4;0;3;199;0;0;0;0;6;0;13;10;0;9;1;0;1;0;0;0;12;22;157;0;1;0;0,375;0;0;1;0;0;0;0;1;0;0;0;0;0;0;0;1;-1;1;1;0;0;1
695;4;0;3;57;0;0;0;0;1;0;1;1;0;9;1;0;1;0;0;0;12;22;15;0;0;0;0,375;0;0;1;0;0;0;0;1;0;0;0;0;0;0;0;1;0;1;1;0;0;1
696;4;0;3;222;0;0;0;0;7;0;19;11;0;9;1;0;1;0;0;0;12;22;180;0;1;0;0,375;0;0;1;0;0;0;0;1;0;0;0;0;0;0;0;1;-1;1;1;0;0;1
697;4;0;3;92;0;0;0;0;1;0;6;6;0;25;1;0;1;0;0;0;12;22;50;0;0;0;0,375;0;0;1;0;0;0;0;1;0;0;0;0;0;0;0;1;-1;1;1;0;0;1
698;4;0;3;86;0;0;0;0;0;0;5;5;0;11;1;0;1;0;0;0;12;22;44;0;0;0;0,375;0;0;1;0;0;0;0;1;0;0;0;0;0;0;0;1;-1;1;1;0;0;1
699;3;0;2;43;1;0;0;0;0;0;0;0;0;0;1;0;0;0;0;0;20;16;0;0;0;0;0;0,083333333;0;1;0;0;0;0;0;0;0;0;0;0;0;0;1;1;1;1;1;1;1
700;1;0;4;79;1;0;0;0;0;0;0;0;0;31;1;1;0;0;0;0;13;59;0;0;0;0;0;0;0;1;0;0;0;0;0;0;0;0;0;0;0;0;1;-1;1;1;1;1;1
701;1;0;3;39;0;0;0;0;0;0;0;0;0;0;1;0;0;0;1;0;15;17;0;0;0;0;0;0,785714286;0;1;0;0;0;1;1;0;0;0;0;1;0;0;1;1;-1;1;1;-1;1
702;1;0;2;33;0;0;0;0;0;0;0;0;0;0;1;1;0;0;0;0;22;4;0;0;0;0;0;0,071428571;0;1;0;0;0;1;0;0;0;0;0;1;0;0;1;1;1;1;1;-1;1
703;15;1;4;249;0;0;0;0;0;0;6;12;1;74;1;1;0;0;1;0;14;28;174;0;0;0;0;0,666666667;1;1;0;0;0;0;0;0;0;0;0;0;0;0;1;-1;-1;1;0;1;1
704;4;1;2;34;0;0;0;0;0;0;0;0;0;0;1;0;0;0;1;0;17;10;0;0;0;0;0;0;0;1;0;0;0;0;0;0;0;0;0;0;0;0;1;1;1;1;1;1;1
705;5;2;3;71;5;4;0;0;0;0;0;0;0;12;1;0;0;0;1;0;36;28;0;0;0;0;0;0;0;1;0;0;0;1;0;0;0;0;0;0;0;0;0;0;1;1;1;-1;1
706;2;1;4;46;1;0;0;0;0;0;0;0;0;0;1;1;0;0;0;0;17;22;0;0;0;0;0;0;0;1;0;0;0;0;0;0;0;0;0;0;0;0;1;1;1;1;1;1;1
707;2;0;3;53;0;0;0;0;0;0;0;0;0;0;1;0;0;0;0;0;10;36;0;0;0;0;1;0;0;1;1;0;0;0;0;0;0;0;0;1;0;0;1;1;1;1;1;-1;1
708;3;1;1;92;2;2;0;0;0;0;0;0;0;9;1;1;0;1;0;0;75;10;0;0;1;0;0;0;0;1;0;0;0;1;0;0;0;0;0;0;0;0;1;-1;1;1;1;-1;1
709;10;8;5;163;3;3;0;0;0;0;1;0;0;19;1;1;0;1;0;0;65;51;39;0;1;1;1;1;1;1;0;1;0;0;1;0;0;0;0;0;0;0;-1;-1;-1;0;-1;-1;1
710;2;0;3;43;0;0;0;0;0;0;0;0;0;0;1;0;0;0;1;0;17;19;0;0;1;0;0;0;0;1;0;0;0;1;0;0;0;0;0;0;0;0;1;1;1;1;1;-1;1
711;16;1;2;241;0;0;0;0;0;0;6;12;1;74;1;0;0;0;1;0;17;17;174;0;0;0;0;0,666666667;1;1;0;0;0;0;0;0;0;0;0;0;0;0;1;-1;-1;1;0;1;1
712;2;0;4;32;0;0;0;0;0;0;0;0;0;0;1;0;0;0;0;0;9;16;0;0;0;0;0,857142857;0,2;1;1;0;0;0;0,107142857;1;0;0;0;0;0;0;0;1;1;1;1;0;-1;1
713;1;0;6;80;1;0;0;0;0;0;0;0;0;0;1;1;0;0;1;0;26;47;0;0;0;0;0,933333333;1;0;1;0;0;0;0;1;0;0;0;0;0;0;0;1;-1;1;1;-1;-1;1
714;1;0;2;42;0;0;0;0;0;0;0;0;0;0;1;0;0;0;0;0;25;10;0;0;0;0;0,923076923;1;0;1;0;0;0;0;1;0;0;0;0;0;0;0;1;1;1;1;-1;-1;1
715;1;0;3;63;0;0;0;0;0;0;0;0;0;22;1;1;0;0;0;0;18;38;0;0;0;0;0;0;0;1;0;0;0;0;0;0;0;0;0;0;0;0;1;0;1;1;1;1;1
716;5;0;4;168;2;0;0;0;1;0;2;1;0;52;1;0;1;0;1;0;14;26;120;0;2;0;0;0;0;1;1;0;0;0;1;0;0;0;0;0;0;0;1;-1;1;1;1;1;1
717;1;0;3;57;0;0;0;0;0;0;0;0;0;19;1;1;0;0;0;0;12;38;0;0;0;0;0;0;0;1;0;0;0;0;0;0;0;0;0;0;0;0;1;0;1;1;1;1;1
718;3;0;3;37;1;0;0;0;0;0;0;0;0;12;1;0;1;0;1;0;12;18;0;0;0;0;0;0;0;1;0;0;0;1;1;0;0;0;0;0;0;0;1;1;1;1;1;-1;1
719;3;0;3;63;0;0;0;0;0;0;0;0;0;4;1;1;0;0;1;0;19;37;0;0;0;1;0,942857143;0,966666667;1;1;1;0;1;0,057142857;1;0;0;0;0;1;0;0;1;0;-1;-1;-1;-1;1
720;3;0;5;231;11;0;0;0;3;0;5;3;0;25;1;0;0;0;1;0;16;112;95;0;0;0;0,5;0,9375;0;1;0;0;0;0;1;0;0;0;0;1;0;0;1;-1;-1;1;-1;0;1
721;2;0;4;73;1;0;0;0;0;0;0;0;0;20;1;1;0;0;0;0;13;53;0;0;0;1;1;1;0;1;0;0;0;0;1;0;0;0;0;1;0;0;1;0;-1;1;-1;-1;1
722;1;0;2;37;2;2;0;0;0;0;0;0;0;2;1;1;0;0;0;0;23;7;0;0;0;0;0,846153846;0,333333333;0;1;0;0;0;0,153846154;1;0;0;0;0;1;0;0;1;1;0;1;0;-1;1
723;1;0;3;63;0;0;0;0;0;0;0;0;0;23;1;1;0;0;1;0;15;41;0;0;0;0;0,173913044;0,244186047;0;1;0;0;0;0,043478261;0;0;0;0;0;0;0;0;1;0;1;1;-1;1;1
724;1;0;3;63;0;0;0;0;0;0;0;0;0;17;1;1;0;0;1;0;15;41;0;0;0;0;0,173913044;0,244186047;0;1;0;0;0;0,043478261;0;0;0;0;0;0;0;0;1;0;1;1;-1;1;1
725;2;1;5;81;0;0;0;1;0;0;0;0;0;30;0;1;0;0;0;0;23;50;0;0;0;0;0;0;0;0;0;0;0;0;0;0;0;0;0;0;0;0;1;-1;1;1;1;1;1
726;2;1;5;81;0;0;0;1;0;0;0;0;0;28;0;1;0;0;0;0;23;50;0;0;0;0;0;0;0;0;0;0;0;0;0;0;0;0;0;0;0;0;1;-1;1;1;1;1;1
727;2;1;5;81;0;0;0;1;0;0;0;0;0;32;0;1;0;0;0;0;23;50;0;0;0;0;0;0;0;0;0;0;0;0;0;0;0;0;0;0;0;0;1;-1;1;1;1;1;1
728;2;1;5;81;0;0;0;1;0;0;0;0;0;30;0;1;0;0;0;0;23;50;0;0;0;0;0;0;0;0;0;0;0;0;0;0;0;0;0;0;0;0;1;-1;1;1;1;1;1
729;2;1;5;81;0;0;0;1;0;0;0;0;0;27;0;1;0;0;0;0;23;50;0;0;0;0;0;0;0;0;0;0;0;0;0;0;0;0;0;0;0;0;1;-1;1;1;1;1;1
730;3;0;4;42;0;0;0;1;0;0;0;0;0;11;1;0;1;0;0;0;14;21;0;0;0;0;0;0;0;1;0;0;0;0;1;0;0;0;0;0;0;0;1;1;1;1;1;1;1
731;1;0;2;29;1;1;0;0;0;0;0;0;0;4;1;1;0;0;1;0;18;4;0;0;0;0;0,846153846;0,333333333;0;1;0;0;0;0,153846154;1;0;0;0;0;1;0;0;1;1;0;1;0;-1;1
732;1;0;2;33;1;1;0;0;0;0;0;0;0;0;1;0;0;0;0;0;17;9;0;0;0;0;0,307692308;1;0;1;0;0;0;0;1;0;0;0;0;0;0;0;1;1;1;1;-1;1;1
733;4;0;3;47;1;0;0;0;0;0;0;0;0;12;1;0;1;0;1;0;12;28;0;0;0;0;0;0;0;1;0;0;0;1;1;0;0;0;0;0;0;0;1;1;1;1;1;-1;1
734;5;2;4;63;0;0;0;0;0;0;0;0;0;0;1;0;0;0;1;0;18;38;0;0;0;0;0,833333333;0,235294118;1;1;0;0;0;0;0;0;0;0;0;1;0;0;1;0;1;1;0;-1;1
735;1;0;4;52;1;0;0;0;0;0;0;0;0;0;1;0;0;0;0;0;19;26;0;0;0;0;0;0;0;1;0;0;0;0;0;0;0;0;0;0;0;0;1;1;1;1;1;1;1
736;9;8;5;171;4;3;0;0;3;0;2;1;0;22;1;1;0;1;0;0;65;51;47;0;1;1;1;1;1;1;0;1;0;0;1;0;0;0;0;0;0;0;-1;-1;-1;0;-1;-1;1
737;2;0;2;51;1;1;0;0;0;0;0;0;0;0;1;0;0;0;0;0;26;18;0;0;0;0;0;0,75;1;1;0;0;0;0;1;0;0;0;0;0;0;0;1;1;0;1;-1;1;1
738;2;0;2;51;1;1;0;0;0;0;0;0;0;0;1;0;0;0;0;0;26;18;0;0;0;0;0;0,4;0;1;0;0;0;0;0;0;0;0;0;0;0;0;1;1;0;1;0;1;1
739;3;0;5;231;11;0;0;0;3;0;5;3;0;25;1;0;0;0;1;0;16;112;95;0;0;0;0,5;0,9375;0;1;0;0;0;0;1;0;0;0;0;1;0;0;1;-1;-1;1;-1;0;1
740;3;0;5;231;11;0;0;0;3;0;5;3;0;25;1;0;0;0;1;0;16;112;95;0;0;0;0,5;0,9375;0;1;0;0;0;0;1;0;0;0;0;1;0;0;1;-1;-1;1;-1;0;1
741;3;0;5;142;11;0;0;0;1;0;1;0;0;7;1;0;0;0;1;0;16;111;7;0;0;0;0,5;0,9375;0;1;0;0;0;0;1;0;0;0;0;1;0;0;1;-1;-1;1;-1;0;1
742;3;0;5;134;11;0;0;0;0;0;0;0;0;5;1;0;0;0;1;0;16;111;0;0;0;0;0,5;0,9375;0;1;0;0;0;0;1;0;0;0;0;1;0;0;1;-1;-1;1;-1;0;1
743;3;0;5;231;11;0;0;0;3;0;5;3;0;25;1;0;0;0;1;0;16;112;95;0;0;0;0,5;0,9375;0;1;0;0;0;0;1;0;0;0;0;1;0;0;1;-1;-1;1;-1;0;1
744;8;0;5;215;1;0;0;0;4;0;7;0;0;21;1;0;0;0;0;0;16;44;147;0;2;0;0,833333333;0,263157895;1;1;0;0;0;0;0;0;0;0;0;1;0;0;1;-1;1;1;0;-1;1
745;2;0;3;36;0;0;0;0;0;0;0;0;0;0;1;0;0;0;1;0;18;11;0;0;0;0;0;0;0;1;0;0;0;0;0;0;0;0;0;0;0;0;1;1;1;1;1;1;1
746;2;0;7;138;0;0;0;0;0;0;2;1;0;22;1;1;0;0;0;0;18;55;57;0;0;0;0,375;0,714285714;0;1;0;0;0;0;1;0;0;0;0;0;0;0;1;-1;-1;1;0;0;1
747;1;0;3;43;0;0;0;0;1;0;0;0;0;0;1;1;0;0;0;0;11;25;0;0;0;0;1;1;0;1;0;0;0;0;1;0;0;0;0;0;0;0;1;1;-1;1;-1;-1;1
748;1;0;4;51;0;0;0;0;0;0;0;0;0;0;1;0;0;0;0;0;20;24;0;0;0;0;0;0;0;0;0;0;0;0;1;0;0;0;0;0;1;0;1;1;1;1;1;1;1
749;1;0;4;82;2;2;0;0;0;0;0;0;0;22;1;1;0;0;0;0;24;51;0;0;0;1;0,666666667;0,954545455;1;1;0;0;0;0,166666667;1;0;0;0;0;0;0;0;1;-1;-1;1;-1;-1;1
750;1;0;2;27;1;1;0;0;0;0;0;0;0;3;1;1;0;0;1;0;16;4;0;0;0;0;0,846153846;0,333333333;0;1;0;0;0;0,153846154;1;0;0;0;0;1;0;0;1;1;0;1;0;-1;1
751;1;0;7;59;0;0;0;0;0;0;0;0;0;0;1;0;0;0;1;0;18;34;0;0;0;0;0;0,074074074;1;1;0;0;0;0;0;0;0;0;0;0;0;0;1;0;1;1;1;1;1
752;4;0;5;91;0;0;0;0;0;0;1;1;0;2;1;0;0;0;0;0;16;44;23;0;1;0;0,833333333;0,263157895;1;1;0;0;0;0;0;0;0;0;0;1;0;0;1;-1;1;1;0;-1;1
753;2;0;5;70;1;0;0;0;0;0;0;0;0;0;1;1;0;0;1;0;11;52;0;0;1;0;1;0,076923077;0;1;1;0;0;0;0;0;0;0;0;0;0;0;1;0;1;1;0;-1;1
754;2;0;3;50;0;0;0;0;0;0;0;0;0;0;1;1;0;0;0;0;23;20;0;0;0;0;0;0,785714286;0;1;0;0;0;1;1;0;0;0;0;1;0;0;1;1;-1;1;1;-1;1
755;1;0;5;47;0;0;0;0;0;0;0;0;0;0;1;0;0;0;1;0;17;23;0;0;0;0;0,066666667;0,076923077;0;1;1;0;0;0,866666667;0;0;0;0;0;0;0;0;1;1;1;1;1;-1;1
756;8;0;5;216;1;0;0;0;5;0;7;0;0;21;1;0;0;0;0;0;16;44;148;0;2;0;0,833333333;0,263157895;1;1;0;0;0;0;0;0;0;0;0;1;0;0;1;-1;1;1;0;-1;1
757;3;0;4;169;2;0;0;0;1;0;2;1;0;41;1;0;0;0;1;0;15;26;120;0;2;0;0;0;0;1;1;0;0;0;0;0;0;0;0;0;0;0;1;-1;1;1;1;1;1
758;2;0;2;30;0;0;0;0;0;0;0;0;0;0;1;0;0;0;0;0;15;8;0;0;0;0;1;1;0;1;0;0;0;0;1;0;0;0;0;0;0;0;1;1;-1;1;-1;-1;1
759;2;0;2;30;0;0;0;0;0;0;0;0;0;0;1;0;0;0;1;0;15;8;0;0;0;0;1;1;0;1;0;0;0;0;1;0;0;0;0;0;0;0;1;1;-1;1;-1;-1;1
760;2;0;2;29;0;0;0;0;0;0;0;0;0;0;1;0;0;0;1;0;15;7;0;0;0;0;1;1;0;1;0;0;0;0;1;0;0;0;0;0;0;0;1;1;-1;1;-1;-1;1
761;2;0;2;28;0;0;0;0;0;0;0;0;0;0;1;0;0;0;0;0;15;6;0;0;0;0;1;1;0;1;0;0;0;0;1;0;0;0;0;0;0;0;1;1;-1;1;-1;-1;1
762;3;1;5;77;1;0;0;0;0;0;0;0;0;0;1;1;0;0;0;0;28;42;0;0;0;0;0;0;0;1;0;0;0;0;0;0;0;0;0;0;0;0;1;-1;1;1;1;1;1
763;2;0;4;50;0;0;0;0;0;0;0;0;0;0;1;0;0;0;0;0;18;25;0;0;0;0;0;1;0;1;1;0;0;1;1;0;0;0;0;0;0;0;1;1;-1;1;-1;-1;1
764;2;0;9;89;1;1;0;0;1;0;0;0;0;0;1;0;0;0;1;0;15;67;0;0;1;0;0;0;0;1;0;0;0;0;0;0;0;0;0;0;0;0;1;-1;1;1;1;1;1
765;3;0;3;51;0;0;0;0;0;0;0;0;0;0;1;0;0;0;0;0;12;32;0;0;1;0;0;0,4;1;1;0;0;0;0;0;0;0;0;0;0;0;1;1;1;1;1;0;1;1
766;4;2;2;66;0;0;0;0;0;0;0;0;0;18;1;1;0;0;0;0;25;34;0;0;0;0;0;0,785714286;0;1;0;0;0;1;1;0;0;0;0;1;0;0;0;0;-1;1;1;-1;1
767;1;0;2;32;0;0;0;0;0;0;0;0;0;0;1;1;0;0;0;0;19;6;0;0;0;0;0;0,916666667;0;1;0;0;0;0;1;0;0;0;0;0;0;0;1;1;-1;1;0;1;1
768;14;0;4;252;1;1;0;0;0;0;6;12;1;74;1;0;0;0;0;0;21;24;174;0;0;0;0;0,642857143;1;1;0;0;0;0;0;0;0;0;0;0;0;0;1;-1;-1;1;0;1;1
769;1;0;2;22;0;0;0;0;0;0;0;0;0;0;1;0;0;0;1;0;11;4;0;0;0;0;0;0;0;1;0;0;0;0;0;0;0;0;0;0;0;0;1;1;1;1;1;1;1
770;1;0;5;54;0;0;0;0;0;0;0;0;0;0;1;0;0;0;1;0;18;29;0;0;0;0;0;0,074074074;1;1;0;0;0;0;0;0;0;0;0;0;0;0;1;0;1;1;1;1;1
771;2;0;2;43;0;0;0;0;0;0;0;0;0;0;1;0;0;0;0;0;15;21;0;0;0;0;1;0,142857143;1;1;0;0;0;0;0;0;0;0;0;1;0;0;1;1;1;1;0;-1;1
772;2;0;2;33;0;0;0;0;0;0;0;0;0;1;1;0;0;0;0;0;21;5;0;0;0;0;0;0;0;1;0;0;0;1;0;0;0;0;0;0;0;0;1;1;1;1;1;-1;1
773;1;0;2;33;0;0;0;0;0;0;0;0;0;0;1;0;0;0;1;0;22;4;0;0;0;0;0,941176471;1;0;1;0;0;0;0;1;0;0;0;0;0;0;0;1;1;1;1;-1;-1;1
774;4;2;2;66;0;0;0;0;0;0;0;0;0;21;1;1;0;0;0;0;25;34;0;0;0;0;0;0,785714286;0;1;0;0;0;1;1;0;0;0;0;1;0;0;0;0;-1;1;1;-1;1
775;2;1;5;92;0;0;0;0;0;0;0;0;0;29;1;1;0;0;1;0;23;62;0;0;0;0;0;0;0;1;0;0;0;0;0;0;0;0;0;0;0;0;1;-1;1;1;1;1;1
776;3;1;6;221;0;0;0;0;0;0;1;0;0;5;1;1;0;0;0;0;14;47;152;0;0;0;0;0;0;1;0;1;0;0;0;0;0;0;0;0;0;0;1;-1;1;0;1;1;1
777;1;0;4;52;1;0;0;0;0;0;0;0;0;0;1;1;0;0;0;0;21;24;0;0;0;0;0;0;0;1;1;0;0;1;0;0;0;0;0;0;0;0;1;1;1;1;1;-1;1
778;2;1;2;58;1;1;0;0;0;0;0;0;0;0;1;1;0;0;0;0;43;8;0;0;0;0;0;0;0;1;1;0;0;1;0;0;0;0;0;0;0;0;1;0;1;1;1;-1;1
779;2;1;2;59;1;1;0;0;0;0;0;0;0;0;0;1;0;0;0;0;43;8;0;0;0;0;0;0;0;0;1;0;0;1;0;0;0;0;0;0;0;0;1;0;1;1;1;-1;1
780;4;2;2;66;0;0;0;0;0;0;0;0;0;24;1;1;0;0;0;0;25;34;0;0;0;0;0;0,785714286;0;1;0;0;0;1;1;0;0;0;0;1;0;0;0;0;-1;1;1;-1;1
781;4;2;2;66;0;0;0;0;0;0;0;0;0;17;1;1;0;0;0;0;25;34;0;0;0;0;0;0,785714286;0;1;0;0;0;1;1;0;0;0;0;1;0;0;0;0;-1;1;1;-1;1
782;2;0;2;46;1;0;0;0;0;0;0;0;0;1;1;0;0;0;0;0;15;24;0;0;0;0;0,909090909;0,261904762;1;1;1;0;1;0,090909091;0;0;0;0;0;1;0;0;1;1;1;-1;0;-1;1
783;1;0;4;43;1;1;0;0;0;0;0;0;0;0;1;1;0;0;0;0;20;16;0;0;0;0;1;1;0;1;0;0;0;0;1;0;0;0;0;1;0;0;1;1;-1;1;-1;-1;1
784;3;1;8;91;0;0;0;0;0;0;0;0;0;0;1;1;0;0;0;0;27;57;0;0;0;0;0,103448276;1;1;1;0;0;0;0,206896552;0;0;0;0;0;0;0;0;1;-1;-1;1;-1;0;1
785;2;1;2;48;1;1;0;0;0;0;0;0;0;2;1;1;0;1;1;0;37;4;0;0;0;0;0;0;0;1;0;0;0;0,975;0;0;0;0;0;0;0;0;1;1;1;1;1;-1;1
786;1;0;3;58;1;1;0;0;0;0;0;0;0;19;1;1;0;0;0;0;14;37;0;0;0;0;0;0;0;1;1;0;0;1;0;0;0;0;0;0;0;0;1;0;1;1;1;-1;1
787;3;0;4;60;0;0;0;0;0;0;0;0;0;12;1;1;1;0;0;0;14;39;0;0;0;0;0;0;0;1;0;0;0;1;1;0;0;0;0;0;0;0;1;0;1;1;1;-1;1
788;2;1;3;51;3;3;0;0;0;0;0;0;0;0;1;0;0;0;0;0;29;15;0;0;1;0;1;0,555555556;1;1;1;0;0;0;1;0;0;0;0;0;0;0;1;1;1;1;0;-1;1
789;2;0;2;47;0;0;0;0;0;0;0;0;0;0;1;0;0;0;1;0;26;14;0;0;0;0;0,933333333;1;0;1;0;0;0;0;1;0;0;0;0;0;0;0;1;1;1;1;-1;-1;1
790;3;1;2;42;0;0;0;0;0;0;0;0;0;0;1;0;0;0;0;0;18;17;0;0;0;0;0;0;0;0;0;0;0;0;1;0;0;0;0;0;1;0;1;1;1;1;1;1;1
791;2;0;3;44;0;0;0;0;0;0;0;0;0;0;1;0;0;0;1;0;13;24;0;0;1;1;0,9;1;1;1;0;1;0;0,1;1;0;0;0;0;1;0;0;1;1;-1;0;-1;-1;1
792;3;1;4;52;0;0;0;0;0;0;0;0;0;0;1;0;0;0;0;0;18;27;0;0;0;0;0,066666667;0,076923077;0;1;1;0;0;0,866666667;0;0;0;0;0;0;0;0;1;1;1;1;1;-1;1
793;1;0;3;26;1;1;0;0;0;0;0;0;0;0;1;0;0;0;1;0;9;10;0;0;0;0;0;0;0;1;0;0;0;0;0;0;0;0;0;0;0;0;1;1;1;1;1;1;1
794;2;0;4;73;1;0;0;0;0;0;0;0;0;18;1;1;0;0;0;0;13;53;0;0;0;1;1;1;0;1;0;0;0;0;1;0;0;0;0;1;0;0;1;0;-1;1;-1;-1;1
795;2;1;3;49;0;0;0;0;0;0;0;0;0;0;1;1;0;0;0;0;27;15;0;0;0;0;0;0;0;1;0;0;0;0;0;0;0;0;0;0;0;0;1;1;1;1;1;1;1
796;2;0;2;54;0;0;0;0;0;0;0;0;0;0;1;0;0;0;0;0;25;22;0;0;0;0;0,923076923;1;0;1;0;0;0;0;1;0;0;0;0;0;0;0;1;0;1;1;-1;-1;1
797;3;0;4;58;0;0;0;0;0;0;0;0;0;0;1;0;0;0;0;0;15;36;0;0;1;0;1;0;0;1;0;0;0;0;0;0;0;0;0;1;0;0;1;0;1;1;1;-1;1
798;4;1;5;94;1;0;0;0;1;0;0;0;0;18;1;1;0;0;1;0;18;69;0;0;0;0;0;0,2;0;1;1;0;0;0;0;0;0;0;0;0;0;0;1;-1;1;1;0;1;1
799;3;1;2;60;2;0;0;0;0;0;0;0;0;0;1;0;0;0;0;0;26;27;0;0;0;0;0;0,153846154;0;1;0;0;0;0;0;0;0;0;0;0;0;0;1;0;1;1;1;1;1
800;2;0;2;52;0;0;0;0;0;0;0;0;0;0;1;0;0;0;0;0;25;20;0;0;0;0;0,923076923;1;0;1;0;0;0;0;1;0;0;0;0;0;0;0;1;1;1;1;-1;-1;1
801;3;1;2;28;0;0;0;0;0;0;0;0;0;0;1;0;0;0;1;0;17;4;0;0;0;0;1;0,142857143;1;1;0;0;0;0;0;0;0;0;0;1;0;0;1;1;1;1;0;-1;1
802;2;0;3;47;0;0;0;0;0;0;0;0;0;0;1;0;0;0;0;0;14;26;0;0;0;0;0;0;0;1;1;0;0;0;0;0;0;0;0;0;1;0;1;1;1;1;1;1;1
803;2;0;2;51;0;0;0;0;0;0;0;0;0;0;1;0;0;0;0;0;25;19;0;0;0;0;0,923076923;1;0;1;0;0;0;0;1;0;0;0;0;0;0;0;1;1;1;1;-1;-1;1
804;2;0;2;52;0;0;0;0;0;0;0;0;0;0;1;0;0;0;0;0;25;20;0;0;0;0;0,923076923;1;0;1;0;0;0;0;1;0;0;0;0;0;0;0;1;1;1;1;-1;-1;1
805;1;0;4;64;0;0;0;0;0;0;0;0;0;14;1;1;0;0;0;0;14;43;0;0;0;0;0;0;0;1;1;0;0;1;0;0;0;0;0;0;0;0;1;0;1;1;1;-1;1
806;15;1;2;240;0;0;0;0;0;0;6;12;1;77;1;1;0;0;0;0;17;16;174;0;1;0;0;0;0;1;0;0;0;0;0;0;0;0;0;0;0;0;1;-1;1;1;1;1;1
807;14;0;2;236;0;0;0;0;0;0;6;12;1;77;1;1;0;0;0;0;13;16;174;0;1;0;0;0;0;1;0;0;0;0;0;0;0;0;0;0;0;0;1;-1;1;1;1;1;1
808;3;0;5;67;0;0;0;0;0;0;0;0;0;0;1;0;0;0;0;0;16;44;0;0;0;0;0,833333333;0,263157895;1;1;0;0;0;0;0;0;0;0;0;1;0;0;1;0;1;1;0;-1;1
809;3;1;3;66;0;0;0;0;0;0;0;0;0;0;1;1;0;0;0;0;36;23;0;0;0;0;0;0;0;1;0;0;0;0;0;0;0;0;0;0;0;0;1;0;1;1;1;1;1
810;3;1;2;39;0;0;0;0;0;0;0;0;0;0;1;0;0;0;0;0;26;6;0;0;0;0;0,777777778;0,222222222;0;1;0;0;0;0,222222222;0;0;0;0;0;1;0;0;1;1;1;1;0;-1;1
811;3;1;5;63;0;0;0;0;0;0;0;0;0;0;1;0;0;0;0;0;12;44;0;0;0;0;0,923076923;1;0;1;0;0;0;0;1;0;0;0;0;0;0;0;1;0;1;1;-1;-1;1
812;1;0;4;79;1;0;0;0;0;0;0;0;0;24;1;1;0;0;0;0;13;59;0;0;0;0;0;0;0;1;0;0;0;0;0;0;0;0;0;0;0;0;1;-1;1;1;1;1;1
813;3;0;2;38;0;0;0;0;0;0;0;0;0;0;1;0;0;0;0;0;15;16;0;0;0;0;1;1;0;1;0;0;0;0;1;0;0;0;0;0;0;0;1;1;-1;1;-1;-1;1
814;3;0;2;40;0;0;0;0;0;0;0;0;0;0;1;0;0;0;1;0;15;18;0;0;0;0;1;1;0;1;0;0;0;0;1;0;0;0;0;0;0;0;1;1;-1;1;-1;-1;1
815;3;0;2;39;0;0;0;0;0;0;0;0;0;0;1;0;0;0;1;0;15;17;0;0;0;0;1;1;0;1;0;0;0;0;1;0;0;0;0;0;0;0;1;1;-1;1;-1;-1;1
816;3;0;2;40;0;0;0;0;0;0;0;0;0;0;1;0;0;0;0;0;15;18;0;0;0;0;1;1;0;1;0;0;0;0;1;0;0;0;0;0;0;0;1;1;-1;1;-1;-1;1
817;4;1;2;42;0;0;0;0;0;0;0;0;0;0;1;0;0;0;1;0;20;15;0;0;0;0;1;0,095238095;0;1;0;0;0;0;0;0;0;0;0;1;0;0;1;1;1;1;1;-1;1
818;4;0;1;57;0;0;0;0;0;0;2;1;0;5;1;1;0;0;0;0;11;11;27;0;1;0;0;0;0;1;0;0;0;0;0;0;0;0;0;0;0;0;1;0;1;1;1;1;1
819;3;0;3;50;0;0;0;0;0;0;0;0;0;0;1;0;0;0;1;0;13;30;0;0;0;0;0;0;0;1;1;0;0;0;0;0;0;0;0;0;1;0;1;1;1;1;1;1;1
820;1;0;3;29;0;0;0;0;0;0;0;0;0;0;1;0;0;0;1;0;12;10;0;0;0;0;1;0,142857143;1;1;0;0;0;0;0;0;0;0;0;1;0;0;1;1;1;1;0;-1;1
821;4;1;5;77;1;0;0;0;0;0;0;0;0;4;1;1;0;0;0;0;17;53;0;0;0;0;1;1;1;1;0;1;0;0;1;0;0;0;0;0;0;0;1;-1;-1;0;-1;-1;1
822;3;0;4;64;0;0;0;0;0;0;1;0;0;3;1;1;0;0;0;0;17;26;13;0;1;0;0,833333333;0,263157895;1;1;0;0;0;0;0;0;0;0;0;1;0;0;1;0;1;1;0;-1;1
823;3;1;4;64;0;0;0;0;0;0;0;0;0;0;1;0;0;0;1;0;24;33;0;0;0;0;1;1;0;1;0;0;0;0;1;0;0;0;0;0;0;0;1;0;-1;1;-1;-1;1
824;3;1;4;64;0;0;0;0;0;0;0;0;0;0;1;0;0;0;1;0;24;33;0;0;0;0;1;1;0;1;0;0;0;0;1;0;0;0;0;0;0;0;1;0;-1;1;-1;-1;1
825;1;0;3;35;0;0;0;0;0;0;0;0;0;0;1;0;0;0;0;0;12;16;0;0;0;0;0;0;0;1;0;0;0;0;0;0;0;0;0;0;0;0;1;1;1;1;1;1;1
826;1;0;3;41;0;0;0;0;0;0;0;0;0;0;1;0;0;0;1;0;20;14;0;0;0;0;0;0,785714286;0;1;0;0;0;1;1;0;0;0;0;1;0;0;1;1;-1;1;1;-1;1
827;1;0;3;38;0;0;0;0;0;0;0;0;0;0;1;0;0;0;1;0;20;11;0;0;0;0;0;0,785714286;0;1;0;0;0;1;1;0;0;0;0;1;0;0;1;1;-1;1;1;-1;1
828;2;0;5;56;1;0;0;0;0;0;0;0;0;0;1;0;0;0;0;0;17;32;0;0;0;0;0;0;0;1;0;0;0;0;0;0;0;0;0;0;0;0;1;0;1;1;1;1;1
829;1;0;3;39;0;0;0;0;0;0;0;0;0;0;1;0;0;0;0;0;18;14;0;0;0;0;0;0;0;1;0;0;0;0;0;0;0;0;0;0;0;0;1;1;1;1;1;1;1
830;2;0;3;45;0;0;0;0;0;0;0;0;0;0;1;0;0;0;1;0;17;21;0;0;1;1;1;1;1;1;0;0;0;0;1;0;0;0;0;0;0;0;1;1;-1;1;-1;-1;1
831;4;0;6;121;2;0;0;0;0;0;1;0;0;12;1;1;0;0;0;0;24;56;33;0;0;0;0;0,642857143;1;1;0;0;0;0;0;0;0;0;0;0;0;0;1;-1;-1;1;0;1;1
832;1;0;4;45;0;0;0;0;0;0;0;0;0;0;1;0;0;0;1;0;18;20;0;0;1;0;0;0;0;1;0;0;0;0;0;0;0;0;0;0;0;0;1;1;1;1;1;1;1
833;2;1;2;34;0;0;0;0;0;0;0;0;0;0;1;0;0;0;1;0;23;4;0;0;0;0;1;0,142857143;1;1;0;0;0;0;0;0;0;0;0;1;0;0;1;1;1;1;0;-1;1
834;1;0;3;38;1;0;0;0;0;0;0;0;0;0;1;0;0;0;0;0;15;16;0;0;0;0;0,923076923;1;0;1;0;0;0;0;1;0;0;0;0;0;0;0;1;1;1;1;-1;-1;1
835;2;1;2;53;0;0;0;0;0;0;1;0;0;5;1;1;0;0;1;0;16;4;25;0;0;0;0;0;0;1;0;0;0;0;0;0;0;0;0;0;0;0;1;1;1;1;1;1;1
836;1;0;3;62;0;0;0;0;0;0;0;0;0;20;1;1;0;0;0;0;17;38;0;0;0;0;0;0;0;1;0;0;0;0;0;0;0;0;0;0;0;0;1;0;1;1;1;1;1
837;2;0;5;57;1;0;0;0;0;0;0;0;0;3;1;1;0;0;1;0;15;35;0;0;1;0;0;0;0;1;0;0;0;0;0;0;0;0;0;0;0;0;1;0;1;1;1;1;1
838;3;0;8;132;1;0;0;0;4;0;2;1;0;1;1;1;0;0;0;0;8;68;48;0;0;0;0;0;0;1;1;0;0;0;0;0;0;0;0;0;0;0;1;-1;1;1;1;1;1
839;2;0;4;73;1;0;0;0;0;0;0;0;0;20;1;1;0;0;0;0;13;53;0;0;0;1;1;1;0;1;0;0;0;0;1;0;0;0;0;1;0;0;1;0;-1;1;-1;-1;1
840;2;0;4;73;1;0;0;0;0;0;0;0;0;23;1;1;0;0;0;0;13;53;0;0;0;1;1;1;0;1;0;0;0;0;1;0;0;0;0;1;0;0;1;0;-1;1;-1;-1;1
841;2;0;5;63;0;0;0;0;0;0;1;0;0;0;1;0;0;0;1;0;12;36;7;0;0;0;0;1;0;1;1;0;0;0;1;0;0;0;0;0;0;0;1;0;-1;1;-1;1;1
842;4;0;3;50;0;0;0;0;0;0;1;1;0;9;1;0;1;0;0;0;12;22;8;0;0;0;0,375;0;0;1;0;0;0;0;1;0;0;0;0;0;0;0;1;1;1;1;0;0;1
843;4;0;3;221;0;0;0;0;5;0;17;7;0;42;1;0;1;0;0;0;12;22;179;0;1;0;0,375;0;0;1;0;0;0;0;1;0;0;0;0;0;0;0;1;-1;1;1;0;0;1
844;4;0;3;197;0;0;0;0;4;0;10;4;0;49;1;0;1;0;0;0;12;22;155;0;1;0;0,375;0;0;1;0;0;0;0;1;0;0;0;0;0;0;0;1;-1;1;1;0;0;1
845;4;0;3;225;0;0;0;0;4;0;17;11;0;54;1;0;1;0;0;0;12;22;183;0;1;0;0,375;0;0;1;0;0;0;0;1;0;0;0;0;0;0;0;1;-1;1;1;0;0;1
846;4;1;4;173;2;0;0;0;1;0;2;1;0;41;1;0;0;0;1;0;19;26;120;0;2;0;0;0;0;1;1;0;0;0;0;0;0;0;0;0;0;0;1;-1;1;1;1;1;1
847;4;0;3;205;0;0;0;0;6;0;16;8;0;9;1;0;1;0;0;0;12;22;163;0;1;0;0,375;0;0;1;0;0;0;0;1;0;0;0;0;0;0;0;1;-1;1;1;0;0;1
848;4;0;3;69;0;0;0;0;4;0;3;3;0;9;1;0;1;0;0;0;12;22;27;0;0;0;0,375;0;0;1;0;0;0;0;1;0;0;0;0;0;0;0;1;0;1;1;0;0;1
849;2;0;5;62;1;0;0;0;0;0;0;0;0;4;1;1;0;0;0;0;24;31;0;0;0;0;0,5;0;0;1;1;0;0;0,5;0;0;0;0;0;1;0;0;1;0;1;1;1;-1;1
850;2;0;3;35;0;0;0;0;0;0;0;0;0;0;1;1;0;0;0;0;8;20;0;0;0;0;0;0;0;1;0;0;0;0;0;0;0;0;0;0;0;0;1;1;1;1;1;1;1
851;2;0;5;69;1;0;0;0;0;0;0;0;0;0;1;0;0;0;0;0;23;39;0;0;0;0;0;0;0;1;0;0;0;0;0;0;0;0;0;0;0;0;1;0;1;1;1;1;1
852;3;1;2;46;0;0;0;0;0;0;0;0;0;0;1;1;0;0;1;0;20;19;0;0;0;0;0;0;0;1;0;0;0;0;0;0;0;0;0;0;0;0;1;1;1;1;1;1;1
853;3;0;4;62;1;0;0;0;0;0;0;0;0;3;1;1;0;0;1;0;15;40;0;0;1;0;0;0;0;1;0;0;0;0;0;0;0;0;0;0;0;0;1;0;1;1;1;1;1
854;2;1;5;58;0;0;0;0;0;0;0;0;0;0;1;0;0;0;0;0;23;28;0;0;0;0;0;0;0;1;0;0;0;0;0;0;0;0;0;0;0;0;1;0;1;1;1;1;1
855;2;1;4;49;1;1;0;0;0;0;0;0;0;0;1;0;0;0;1;0;19;23;0;0;0;0;0,375;0;0;1;0;0;0;0,1875;0;0;0;0;0;0;0;0;1;1;1;1;0;0;1
856;3;1;3;55;0;0;0;0;0;0;0;0;0;0;1;0;0;0;0;0;12;36;0;0;0;0;1;0,142857143;1;1;0;0;0;0;0;0;0;0;0;1;0;0;1;0;1;1;0;-1;1
857;3;1;5;76;1;0;0;0;0;0;0;0;0;0;1;1;0;0;0;0;28;41;0;0;0;0;0;0;0;1;0;0;0;0;0;0;0;0;0;0;0;0;1;-1;1;1;1;1;1
858;3;1;2;37;0;0;0;0;0;0;0;0;0;0;1;0;0;0;0;0;22;8;0;0;0;0;0;0,785714286;0;1;0;0;0;1;1;0;0;0;0;1;0;0;1;1;-1;1;1;-1;1
859;1;0;3;25;0;0;0;0;0;0;0;0;0;0;1;0;0;0;0;0;9;9;0;0;0;0;0;0;0;1;0;0;0;0;0;0;0;0;0;0;0;0;1;1;1;1;1;1;1
860;3;1;2;38;0;0;0;0;0;0;0;0;0;0;1;0;0;0;0;0;15;16;0;0;0;0;0;0;0;0;0;0;0;0;1;0;0;0;0;0;0;0;1;1;1;1;1;1;1
861;2;0;3;50;0;0;0;0;1;0;0;0;0;0;1;0;0;0;0;0;19;24;0;0;0;0;0;0,333333333;0;1;1;0;0;0;0;0;0;0;0;0;0;0;1;1;1;1;-1;1;1
862;3;1;6;220;0;0;0;0;0;0;1;0;0;5;1;1;0;0;0;0;14;46;152;0;0;0;0;0;0;1;0;1;0;0;0;0;0;0;0;0;0;0;1;-1;1;0;1;1;1
863;4;0;3;132;0;0;0;0;2;0;10;8;0;11;1;0;1;0;0;0;12;22;90;0;1;0;0,375;0;0;1;0;0;0;0;1;0;0;0;0;0;0;0;1;-1;1;1;0;0;1
864;4;0;3;182;0;0;0;0;6;0;11;7;0;9;1;0;1;0;0;0;12;22;140;0;1;0;0,375;0;0;1;0;0;0;0;1;0;0;0;0;0;0;0;1;-1;1;1;0;0;1
865;4;0;3;57;0;0;0;0;1;0;1;1;0;9;1;0;1;0;0;0;12;22;15;0;0;0;0,375;0;0;1;0;0;0;0;1;0;0;0;0;0;0;0;1;0;1;1;0;0;1
866;4;0;3;187;0;0;0;0;6;0;11;7;0;10;1;0;1;0;0;0;12;22;145;0;1;0;0,375;0;0;1;0;0;0;0;1;0;0;0;0;0;0;0;1;-1;1;1;0;0;1
867;4;0;4;49;0;0;0;0;0;0;0;0;0;0;1;1;0;0;0;0;15;27;0;0;0;0;0;0;0;1;1;0;0;0;0;0;0;0;0;0;0;0;1;1;1;1;1;1;1
868;1;0;3;62;0;0;0;0;0;0;0;0;0;18;1;1;0;0;0;0;17;38;0;0;0;0;0;0;0;1;0;0;0;0;0;0;0;0;0;0;0;0;1;0;1;1;1;1;1
869;1;0;3;58;0;0;0;0;0;0;0;0;0;21;1;1;0;0;0;0;14;37;0;0;0;0;0;0;0;1;0;0;0;0;0;0;0;0;0;0;0;0;1;0;1;1;1;1;1
870;2;0;2;33;0;0;0;0;0;0;0;0;0;0;1;0;0;0;0;0;15;11;0;0;0;0;0,469026549;0,625;0;1;0;0;0;0,008849558;0;0;0;0;0;0;0;0;1;1;-1;1;0;0;1
871;2;1;3;33;0;0;0;0;0;0;0;0;0;0;1;0;0;0;1;0;16;10;0;0;0;0;1;0,142857143;1;1;0;0;0;0;0;0;0;0;0;1;0;0;1;1;1;1;0;-1;1
872;2;1;3;38;0;0;0;0;0;0;0;0;0;0;1;0;0;0;0;0;18;13;0;0;0;0;0;0,3125;0;1;0;0;0;1;0;0;0;0;0;1;0;0;1;1;0;1;0;-1;1
873;5;3;2;76;0;0;0;0;0;0;0;0;0;0;1;1;0;0;0;0;45;24;0;0;1;0;0;0;0;1;0;0;0;0;0;0;0;0;0;0;0;0;0;-1;1;1;1;1;1
874;5;3;2;76;0;0;0;0;0;0;0;0;0;0;1;1;0;0;0;0;45;24;0;0;1;0;0;0;0;1;0;0;0;0;0;0;0;0;0;0;0;0;0;-1;1;1;1;1;1
875;6;1;3;66;1;0;0;0;0;0;0;0;0;1;1;0;0;0;1;0;18;41;0;0;0;1;0,923076923;1;0;1;0;0;0;0;1;0;0;0;0;0;0;0;1;0;1;1;-1;-1;1
876;1;0;2;36;0;0;0;0;0;0;0;0;0;0;1;0;0;0;0;0;19;10;0;0;0;0;0;0;0;1;0;0;0;0;0;0;0;0;0;0;0;1;1;1;1;1;1;1;1
877;3;0;3;52;1;0;0;0;0;0;0;0;0;0;1;0;0;0;1;0;17;28;0;0;0;0;0;0,75;0;1;0;0;0;0;1;0;0;0;0;0;0;0;1;1;0;1;-1;1;1
878;3;0;3;60;0;0;0;0;0;0;0;0;0;0;1;0;0;0;0;0;29;24;0;0;0;0;1;1;0;1;0;1;0;0;1;0;0;1;0;0;0;0;1;0;1;0;-1;-1;1
879;2;0;4;54;0;0;0;0;0;0;0;0;0;0;1;0;0;0;1;0;24;23;0;0;0;0;0;0;0;1;1;0;0;1;0;0;0;0;0;0;0;0;1;0;1;1;1;-1;1
880;2;1;9;96;2;0;0;0;0;0;0;0;0;1;1;0;0;0;0;0;16;73;0;0;0;0;0;0;0;0;0;0;0;0;1;0;0;0;0;0;1;0;1;-1;1;1;1;1;1
881;2;0;3;146;1;0;0;0;7;0;2;2;0;4;1;0;0;0;0;0;19;24;95;0;0;0;0;0,333333333;0;1;1;0;0;0;0;0;0;0;0;0;0;0;1;-1;1;1;-1;1;1
882;3;0;2;39;0;0;0;0;0;0;0;0;0;0;1;0;0;0;0;0;18;14;0;0;0;0;0;0,785714286;0;1;0;0;0;1;1;0;0;0;0;1;0;0;1;1;-1;1;1;-1;1
883;3;1;4;44;0;0;0;0;0;0;0;0;0;0;1;0;0;0;1;0;14;23;0;0;0;0;0;0,642857143;1;1;0;0;0;1;0;0;0;0;0;0;0;0;1;1;-1;1;0;-1;1
884;1;0;6;60;0;0;0;0;0;0;0;0;0;0;1;0;0;0;0;0;24;29;0;0;0;0;0,066666667;0,076923077;0;1;1;0;0;0,866666667;0;0;0;0;0;0;0;0;1;0;1;1;1;-1;1
885;2;0;2;50;0;0;0;0;0;0;0;0;0;0;1;0;0;0;0;0;28;15;0;0;0;0;0,923076923;1;0;1;0;0;0;0;1;0;0;0;0;0;0;0;1;1;1;1;-1;-1;1
886;3;1;4;63;0;0;0;0;0;0;0;0;0;0;1;0;0;0;1;0;27;29;0;0;0;0;0;0;0;1;0;0;0;0;0;0;0;0;0;0;0;0;1;0;1;1;1;1;1
887;2;0;3;34;0;0;0;0;0;0;0;0;0;0;1;0;0;0;0;0;9;18;0;0;0;0;0;0;0;1;0;0;0;0;0;0;0;0;0;0;0;0;1;1;1;1;1;1;1
888;2;0;4;81;3;0;0;0;0;0;0;0;0;0;1;0;0;0;1;0;13;61;0;0;1;0;0;0;0;1;0;0;0;0;0;0;0;0;0;0;0;0;1;-1;1;1;1;1;1
889;1;0;3;58;2;2;0;0;1;0;0;0;0;0;1;0;0;0;0;0;29;22;0;0;0;0;0,923076923;1;0;1;0;0;0;0;1;0;0;0;0;0;0;0;1;0;1;1;-1;-1;1
890;2;0;4;72;1;0;0;0;0;0;0;0;0;0;1;1;0;0;0;0;27;38;0;0;0;0;1;1;0;1;0;1;0;0;1;0;0;0;0;1;0;0;1;0;-1;0;-1;-1;1
891;4;1;5;226;11;0;0;0;3;0;5;3;0;24;1;0;0;0;1;0;20;111;87;0;0;0;0,5;0,9375;0;1;0;0;0;0;1;0;0;0;0;1;0;0;1;-1;-1;1;-1;0;1
892;3;0;2;44;0;0;0;0;0;0;0;0;0;0;1;0;0;0;0;0;23;14;0;0;0;0;0;0;0;1;0;0;0;0;0;0;0;0;0;0;0;0;1;1;1;1;1;1;1
893;2;0;6;65;1;0;0;0;0;0;0;0;0;0;1;0;0;0;1;0;18;40;0;0;0;0;0;0;0;1;1;0;0;1;0;0;0;0;0;0;0;0;1;0;1;1;1;-1;1
894;2;0;3;43;0;0;0;0;0;0;0;0;0;0;1;0;0;0;1;0;11;25;0;0;0;0;0,923076923;1;0;1;0;0;0;0;1;0;0;0;0;0;0;0;1;1;1;1;-1;-1;1
895;3;1;1;41;0;0;0;0;0;0;0;0;0;0;1;0;0;0;0;0;24;10;0;0;0;0;0,923076923;1;0;1;0;0;0;0;1;0;0;0;0;0;0;0;1;1;1;1;-1;-1;1
896;2;0;6;70;0;0;0;0;0;0;0;0;0;0;1;0;0;0;0;0;24;39;0;0;0;0;0,066666667;0,076923077;0;1;1;0;0;0,866666667;0;0;0;0;0;0;0;0;1;0;1;1;1;-1;1
897;2;1;2;66;1;1;0;0;0;0;0;0;0;0;0;1;0;0;0;0;37;21;0;0;0;0;0;0;0;0;1;0;0;1;0;0;0;0;0;0;0;0;1;0;1;1;1;-1;1
898;1;0;2;30;1;1;0;0;0;0;0;0;0;0;1;0;0;0;0;0;17;6;0;0;0;0;1;0,142857143;0;1;0;0;0;0;0;0;0;0;0;1;0;0;1;1;1;1;0;-1;1
899;15;1;4;219;0;0;0;0;0;0;6;10;0;62;1;0;0;0;1;0;14;23;174;0;0;0;0;0,642857143;1;1;0;0;0;0;0;0;0;0;0;0;0;0;1;-1;-1;1;0;1;1
900;2;1;4;38;0;0;0;0;0;0;0;0;0;0;1;0;0;0;1;0;14;17;0;0;0;0;0;0,642857143;1;1;1;0;0;1;0;0;0;0;0;0;0;0;1;1;-1;1;0;-1;1
901;1;0;2;25;0;0;0;0;0;0;0;0;0;0;1;0;0;0;1;0;13;5;0;0;0;0;0;0;0;1;0;0;0;0;0;0;0;0;0;0;0;0;1;1;1;1;1;1;1
902;5;0;3;131;0;0;0;0;0;0;2;0;0;30;1;0;0;0;1;0;18;32;73;0;1;0;0,952380952;0,040540541;0;1;0;0;0;0;0;0;0;0;0;0;0;0;1;-1;1;1;1;-1;1
903;4;1;6;75;0;0;0;0;0;0;0;0;0;0;1;0;0;0;0;0;31;37;0;0;0;0;0;0;0;1;0;0;0;0;0;0;0;0;0;0;0;0;1;0;1;1;1;1;1
904;4;1;3;49;0;0;0;0;0;0;0;0;0;0;1;0;0;0;0;0;16;26;0;0;0;0;0,777777778;0,222222222;0;1;0;0;0;0,222222222;0;0;0;0;0;1;0;0;1;1;1;1;0;-1;1
905;2;1;11;133;0;0;0;0;0;0;0;0;0;31;1;1;0;0;0;0;18;108;0;0;0;0;0,75;0,590909091;0;1;0;0;0;0,166666667;1;0;0;0;0;1;0;0;1;-1;-1;1;0;-1;1
906;2;1;11;133;0;0;0;0;0;0;0;0;0;30;1;1;0;0;0;0;18;108;0;0;0;0;0,75;0,590909091;0;1;0;0;0;0,166666667;1;0;0;0;0;1;0;0;1;-1;-1;1;0;-1;1
907;2;0;1;38;0;0;0;0;0;0;0;0;0;0;1;1;0;0;0;0;14;17;0;0;0;0;0,923076923;1;0;1;0;0;0;0;1;0;0;0;0;0;0;0;1;1;1;1;-1;-1;1
908;2;0;4;73;1;0;0;0;0;0;0;0;0;22;1;1;0;0;0;0;13;53;0;0;0;1;1;1;0;1;0;0;0;0;1;0;0;0;0;1;0;0;1;0;-1;1;-1;-1;1
909;2;0;4;73;1;0;0;0;0;0;0;0;0;24;1;1;0;0;0;0;13;53;0;0;0;1;1;1;0;1;0;0;0;0;1;0;0;0;0;1;0;0;1;0;-1;1;-1;-1;1
910;2;0;4;73;1;0;0;0;0;0;0;0;0;24;1;1;0;0;0;0;13;53;0;0;0;1;1;1;0;1;0;0;0;0;1;0;0;0;0;1;0;0;1;0;-1;1;-1;-1;1
911;2;0;4;82;3;0;0;0;0;0;0;0;0;0;1;0;0;0;0;0;13;62;0;0;1;0;0;0;0;1;0;0;0;0;0;0;0;0;0;0;0;0;1;-1;1;1;1;1;1
912;3;0;4;58;0;0;0;0;0;0;0;0;0;0;1;1;0;0;0;0;24;27;0;0;0;0;0;0,642857143;1;1;0;0;0;1;0;0;0;0;0;0;0;0;1;0;-1;1;0;-1;1
913;4;0;3;112;0;0;0;0;1;0;2;1;0;33;1;0;1;0;0;0;12;22;70;0;1;0;0,375;0;0;1;0;0;0;0;1;0;0;0;0;0;0;0;1;-1;1;1;0;0;1
914;4;0;3;176;0;0;0;0;3;0;10;6;0;46;1;0;1;0;0;0;12;22;134;0;1;0;0,375;0;0;1;0;0;0;0;1;0;0;0;0;0;0;0;1;-1;1;1;0;0;1
915;2;0;3;48;0;0;0;0;0;0;0;0;0;1;1;0;0;0;1;0;21;20;0;0;0;0;0;0,785714286;0;1;0;0;0;1;1;0;0;0;0;1;0;0;1;1;-1;1;1;-1;1
916;3;0;3;52;1;0;0;0;0;0;0;0;0;0;1;0;0;0;0;0;21;24;0;0;0;0;1;1;0;1;0;0;0;0;1;0;0;0;0;0;0;0;1;1;-1;1;-1;-1;1
917;4;1;6;75;0;0;0;0;0;0;0;0;0;0;1;0;0;0;0;0;31;37;0;0;0;0;0;0;0;1;0;0;0;0;0;0;0;0;0;0;0;0;1;0;1;1;1;1;1
918;1;0;2;25;1;1;0;0;0;0;0;0;0;0;1;0;0;0;0;0;10;8;0;0;0;0;0,307692308;1;0;1;0;0;0;0;0;0;0;0;0;0;0;0;1;1;1;1;-1;1;1
919;2;0;3;153;0;0;0;0;0;0;4;3;0;47;1;1;0;0;0;0;19;44;82;0;0;0;0;0,625;0;1;0;0;0;0;0;0;0;0;0;0;0;0;1;-1;-1;1;0;1;1
920;2;0;2;34;0;0;0;0;0;0;0;0;0;0;1;0;0;0;1;0;13;14;0;0;0;0;0;0;0;1;0;0;0;0;0;0;0;0;0;0;0;0;1;1;1;1;1;1;1
921;3;1;3;45;0;0;0;0;0;0;0;0;0;0;1;0;0;0;0;0;18;20;0;0;1;0;0;0;0;1;1;0;0;1;0;0;0;0;0;0;0;0;1;1;1;1;1;-1;1
922;2;0;4;61;1;0;0;0;0;0;0;0;0;0;1;0;0;0;0;0;19;35;0;0;0;0;0;0;0;1;0;0;0;0;0;0;0;0;0;0;0;0;1;0;1;1;1;1;1
923;2;0;4;52;1;1;0;0;0;0;0;0;0;0;1;1;0;0;0;0;20;25;0;0;0;0;1;1;0;1;0;0;0;0;1;0;0;0;0;1;0;0;1;1;-1;1;-1;-1;1
924;2;1;3;58;1;1;0;0;0;0;0;0;0;1;1;1;0;0;0;0;34;17;0;0;0;0;0;0;0;1;1;0;0;1;0;0;0;0;0;0;0;0;1;0;1;1;1;-1;1
925;2;1;3;59;1;1;0;0;0;0;0;0;0;1;0;1;0;0;0;0;34;17;0;0;0;0;0;0;0;0;1;0;0;1;0;0;0;0;0;0;0;0;1;0;1;1;1;-1;1
926;6;0;5;56;0;0;0;0;0;0;0;0;0;10;1;0;1;0;0;0;13;36;0;0;0;0;0,017857143;0,15;0;1;1;0;0;0,946428571;1;0;0;0;0;1;0;0;1;0;0;1;1;-1;1
927;3;1;4;67;1;0;0;0;0;0;0;0;0;0;1;0;0;0;1;0;22;38;0;0;1;1;1;1;0;1;0;0;0;0;1;0;0;0;0;0;0;0;1;0;-1;1;-1;-1;1
928;4;2;5;92;3;3;0;0;0;0;0;0;0;5;1;1;0;1;0;0;50;35;0;0;1;0;0,5;1;0;1;0;0;0;0;1;0;0;0;0;0;0;0;0;-1;-1;1;-1;0;1
929;2;0;2;47;1;0;0;0;0;0;0;0;0;0;1;1;0;0;0;0;20;20;0;0;0;0;0,923076923;1;0;1;0;0;0;0;1;0;0;0;0;0;0;0;1;1;1;1;-1;-1;1
930;1;0;2;37;1;0;0;0;0;0;0;0;0;0;1;1;0;0;0;0;20;10;0;0;0;0;0,923076923;1;0;1;0;0;0;0;1;0;0;0;0;0;0;0;1;1;1;1;-1;-1;1
931;5;2;3;173;2;0;0;0;2;0;2;1;0;41;1;0;0;0;0;0;22;23;120;0;2;0;0;0;0;1;1;0;0;0;0;0;0;0;0;0;0;0;1;-1;1;1;1;1;1
932;4;0;5;107;1;0;0;0;3;0;1;0;0;11;1;1;1;0;1;0;13;46;40;0;0;0;0;0;0;1;1;0;0;0;1;0;0;0;0;0;0;0;1;-1;1;1;1;1;1
933;3;1;3;41;0;0;0;0;0;0;0;0;0;0;1;0;0;0;1;0;16;18;0;0;0;0;0;0;0;0;0;0;0;0;1;0;0;0;0;0;0;0;1;1;1;1;1;1;1
934;4;1;3;49;0;0;0;0;0;0;0;0;0;0;1;0;0;0;1;0;22;20;0;0;0;0;0;0;0;1;0;0;0;0;0;0;0;0;0;0;0;0;1;1;1;1;1;1;1
935;5;0;3;140;0;0;0;0;0;0;3;2;0;30;1;0;0;0;1;0;18;32;82;0;1;0;0,952380952;0,040540541;0;1;0;0;0;0;0;0;0;0;0;0;0;0;1;-1;1;1;1;-1;1
936;4;0;3;50;0;0;0;1;0;0;0;0;0;15;1;1;1;0;0;0;15;28;0;0;0;0;0;0,785714286;0;1;0;0;0;1;1;0;0;0;0;1;0;0;1;1;-1;1;1;-1;1
937;6;1;3;62;0;0;0;0;0;0;0;0;0;4;1;1;0;0;1;0;15;40;0;0;0;1;0,923076923;1;1;1;0;0;0;0;1;0;0;0;0;0;0;0;1;0;1;1;-1;-1;1
938;3;1;3;54;1;0;0;0;0;0;0;0;0;1;1;0;0;0;0;0;19;28;0;0;0;0;0,923076923;1;0;1;0;0;0;0;1;0;0;0;0;0;0;0;1;0;1;1;-1;-1;1
939;4;1;2;67;0;0;0;0;0;0;0;0;0;0;1;1;0;0;0;0;27;33;0;0;1;0;0,888888889;0;0;1;0;0;0;0,111111111;0;0;0;0;0;0;0;1;1;0;1;1;1;-1;1
940;2;0;4;47;2;1;0;0;0;0;0;0;0;0;1;0;0;0;0;0;14;26;0;0;0;0;0;0;0;1;0;0;0;0;0;0;0;0;0;0;0;0;1;1;1;1;1;1;1
941;1;0;4;46;1;0;0;0;0;0;0;0;0;0;1;0;0;0;0;0;17;22;0;0;0;0;0;0,153846154;0;1;0;0;0;0;0;0;0;0;0;0;0;0;1;1;1;1;1;1;1
942;3;1;2;39;0;0;0;0;0;0;0;0;0;0;1;0;0;0;0;0;15;17;0;0;0;0;0,923076923;1;0;1;0;0;0;0;1;0;0;0;0;0;0;0;1;1;1;1;-1;-1;1
943;3;1;4;52;1;0;0;0;0;0;0;0;0;0;1;0;0;0;1;0;20;25;0;0;0;0;1;0,166666667;0;1;0;0;0;0;1;0;0;0;0;1;0;0;1;1;1;1;1;-1;1
944;2;0;5;75;0;0;0;0;0;0;1;0;0;3;1;0;0;0;0;0;12;36;19;0;0;0;0;0,882352941;1;1;1;0;0;0;0;0;0;0;0;0;0;0;1;0;-1;1;-1;1;1
945;2;0;5;76;0;0;0;0;0;0;1;0;0;3;1;0;0;0;0;0;12;42;14;0;0;0;0;0,882352941;1;1;1;0;0;0;0;0;0;0;0;0;0;0;1;-1;-1;1;-1;1;1
946;2;1;5;59;0;0;0;0;0;0;0;0;0;0;1;0;0;0;1;0;27;25;0;0;0;0;0;0;0;1;0;0;0;0;0;0;0;0;0;0;0;0;1;0;1;1;1;1;1
947;3;1;6;77;1;0;0;0;0;0;0;0;0;0;1;1;0;0;0;0;15;55;0;0;0;0;0;0;0;1;0;0;0;0;0;0;0;0;0;0;0;0;1;-1;1;1;1;1;1
948;2;0;4;56;0;0;0;0;0;0;0;0;0;0;1;0;0;0;0;0;24;25;0;0;0;0;0;1;0;1;1;0;0;1;1;0;0;0;0;0;0;0;1;0;-1;1;-1;-1;1
949;5;0;3;94;0;0;0;0;0;0;0;0;0;32;1;1;0;0;1;0;10;77;0;0;0;0;0;1;1;1;0;0;0;0;1;0;0;0;0;0;0;0;1;-1;1;1;-1;1;1
950;5;0;3;94;0;0;0;0;0;0;0;0;0;24;1;1;0;0;1;0;10;77;0;0;0;0;0;1;1;1;0;0;0;0;1;0;0;0;0;0;0;0;1;-1;1;1;-1;1;1
951;3;1;4;67;0;0;0;0;2;0;0;0;0;1;1;0;0;0;0;0;15;45;0;0;1;0;1;1;0;1;0;0;0;0;1;0;0;0;0;0;0;0;1;0;-1;1;-1;-1;1
952;4;0;5;119;1;0;0;0;3;0;2;1;0;11;1;1;1;0;1;0;13;46;52;0;0;0;0;0;0;1;1;0;0;0;1;0;0;0;0;0;0;0;1;-1;1;1;1;1;1
953;2;0;1;32;1;1;0;0;0;0;0;0;0;1;1;1;0;0;0;0;18;7;0;0;0;0;0;0;0;1;0;0;0;0;0;0;0;0;0;0;1;0;1;1;1;1;1;1;1
954;3;0;6;76;2;0;0;0;0;0;0;0;0;0;1;0;0;0;1;0;21;48;0;0;0;0;0;0,071428571;1;1;0;0;0;1;0;0;0;0;0;1;0;0;1;-1;1;1;1;-1;1
955;2;0;1;32;1;1;0;0;0;0;0;0;0;1;1;1;0;0;0;0;18;7;0;0;0;0;0;0;0;1;0;0;0;0;0;0;0;0;0;0;1;0;1;1;1;1;1;1;1
956;2;0;1;32;1;1;0;0;0;0;0;0;0;1;1;1;0;0;0;0;18;7;0;0;0;0;0;0;0;1;0;0;0;1;0;0;0;0;0;0;1;0;1;1;1;1;1;-1;1
957;6;2;5;73;1;0;0;0;0;0;0;0;0;1;1;0;0;0;0;0;19;47;0;0;1;0;0,888888889;0;0;1;0;0;0;0,111111111;0;0;0;0;0;0;0;1;0;0;1;1;1;-1;1
958;2;1;4;91;2;0;0;1;0;0;0;0;0;21;1;1;0;0;0;0;20;64;0;0;1;0;0;0;0;0;0;0;0;0;0;0;0;0;0;0;0;0;1;-1;1;1;1;1;1
959;2;0;6;72;1;0;0;0;1;0;0;0;0;2;1;0;0;0;1;0;13;52;0;0;0;0;0,9;1;1;1;0;0;0;0,1;1;0;0;0;0;1;0;0;1;0;-1;1;-1;-1;1
960;2;0;5;75;1;0;0;0;0;0;0;0;0;0;1;0;0;0;0;0;12;56;0;0;1;0;0;0;0;1;1;0;0;0;0;0;1;0;0;0;0;0;1;0;1;1;1;1;1
961;3;1;5;77;1;0;0;0;0;0;0;0;0;1;1;0;0;0;0;0;26;44;0;0;0;0;0;0,083333333;0;1;0;0;0;0;0;0;0;0;0;0;0;0;1;-1;1;1;1;1;1
962;2;0;3;52;1;0;0;0;0;0;0;0;0;1;1;0;0;0;0;0;14;31;0;0;1;0;0,923076923;1;0;1;0;0;0;0;1;0;0;0;0;0;0;0;1;1;1;1;-1;-1;1
963;3;0;2;36;0;0;0;0;0;0;0;0;0;0;1;1;0;0;0;0;14;15;0;0;0;0;0,923076923;1;0;1;0;0;0;0;1;0;0;0;0;0;0;0;1;1;1;1;-1;-1;1
964;14;0;4;248;0;0;0;0;0;0;6;12;1;76;1;0;0;0;1;0;15;26;174;0;1;0;0,857142857;1;1;1;0;0;0;0;1;0;0;0;0;1;0;0;1;-1;-1;1;-1;-1;1
965;2;0;1;42;0;0;0;0;0;0;0;0;0;0;1;0;0;0;0;0;22;13;0;0;0;0;0,6;1;1;1;0;0;0;0;1;0;0;0;0;1;0;0;1;1;-1;1;-1;0;1
966;3;1;6;104;2;0;0;0;0;0;0;0;0;0;0;0;0;0;0;0;21;68;6;0;1;0;0;0;0;0;0;0;0;0;0;0;0;0;0;0;0;0;1;-1;1;1;1;1;1
967;2;1;2;46;1;0;0;0;0;0;0;0;0;0;1;0;0;0;0;0;26;13;0;0;0;0;0;0,153846154;0;1;0;0;0;0;0;0;0;0;0;0;0;0;1;1;1;1;1;1;1
968;2;0;4;49;0;0;0;0;0;0;0;0;0;2;1;0;0;0;0;0;12;30;0;0;0;0;1;1;0;1;0;0;0;0;1;0;0;0;0;1;1;0;1;1;-1;1;1;-1;1
969;2;0;2;37;0;0;0;0;0;0;0;0;0;3;1;0;0;0;0;0;12;18;0;0;0;0;0;0;0;1;0;0;0;0;0;0;0;0;0;0;0;0;1;1;1;1;1;1;1
970;3;1;2;41;0;0;0;0;0;0;0;0;0;3;1;0;0;0;0;0;16;18;0;0;0;0;0;0;0;1;0;0;0;0;0;0;0;0;0;0;0;0;1;1;1;1;1;1;1
971;1;0;2;28;0;0;0;0;0;0;0;0;0;3;1;0;0;0;0;0;12;9;0;0;0;0;0;0;0;1;0;0;0;0;0;0;0;0;0;0;0;0;1;1;1;1;1;1;1
972;1;0;6;88;0;0;0;0;0;0;0;0;0;24;1;1;0;0;1;0;22;59;0;0;0;0;0;0,1;0;1;0;0;0;0;0;0;0;0;0;0;0;0;1;-1;1;1;1;1;1
973;2;0;3;46;1;0;0;0;0;0;0;0;0;0;1;1;0;0;0;0;12;27;0;0;0;0;0;0;0;1;0;0;0;0;0;0;0;0;0;0;0;0;1;1;1;1;1;1;1
974;3;1;2;56;1;0;0;0;0;0;0;0;0;0;1;0;0;0;0;0;26;23;0;0;0;0;0;0,153846154;0;1;0;0;0;0;0;0;0;0;0;0;0;0;1;0;1;1;1;1;1
975;1;0;2;27;0;0;0;0;0;0;0;0;0;0;1;0;0;0;0;0;14;6;0;0;0;0;0;0;0;1;0;0;0;0;0;0;0;0;0;0;0;0;1;1;1;1;1;1;1
976;2;0;3;32;0;0;0;0;0;0;0;0;0;0;1;0;0;0;0;0;17;8;0;0;0;0;0,923076923;1;0;1;0;0;0;0;1;0;0;0;0;0;0;0;1;1;1;1;-1;-1;1
977;3;1;9;110;0;0;0;0;1;0;0;0;0;0;1;1;0;0;1;0;26;77;0;0;0;1;0,6;1;1;1;0;0;0;0,2;1;0;0;0;0;0;0;0;1;-1;-1;1;-1;-1;1
978;3;0;2;41;0;0;0;0;0;0;0;0;0;1;1;0;0;0;0;0;20;14;0;0;0;0;0,923076923;1;0;1;0;0;0;0;1;0;0;0;0;0;0;0;1;1;1;1;-1;-1;1
979;3;1;4;65;1;0;0;0;0;0;0;0;0;0;1;1;0;0;0;0;25;33;0;0;0;0;0;0;0;1;1;0;0;1;0;0;0;0;0;0;0;0;1;0;1;1;1;-1;1
980;4;0;5;115;1;0;0;0;3;0;2;1;0;11;1;1;1;0;1;0;13;46;48;0;0;0;0;0;0;1;1;0;0;0;1;0;0;0;0;0;0;0;1;-1;1;1;1;1;1
981;4;1;2;58;0;0;0;0;0;0;0;0;0;0;1;0;0;0;0;0;18;33;0;0;1;0;0,888888889;0,090909091;0;1;0;0;0;0,111111111;0;0;0;0;0;0;0;1;1;0;1;1;0;-1;1
982;3;1;4;58;1;0;0;0;0;0;0;0;0;4;1;1;0;0;0;0;22;29;0;0;0;0;1;1;0;1;0;1;0;0;1;0;0;0;0;1;0;0;1;0;-1;0;-1;-1;1
983;3;1;4;59;1;0;0;0;0;0;0;0;0;4;1;1;0;0;0;0;22;30;0;0;0;0;1;1;0;1;0;1;0;0;1;0;0;0;0;1;0;0;1;0;-1;0;-1;-1;1
984;3;1;5;67;0;0;0;0;0;0;0;0;0;0;1;0;0;0;0;0;23;37;0;0;0;0;0;0;0;1;0;0;0;0;0;0;0;0;0;0;0;0;1;0;1;1;1;1;1
985;2;0;3;44;1;1;0;0;0;0;0;0;0;1;1;1;0;0;0;0;13;24;0;0;0;0;0;0;0;0;0;0;0;0;1;0;0;0;0;0;1;0;1;1;1;1;1;1;1
986;3;1;1;40;0;0;0;0;0;0;0;0;0;0;1;0;0;0;0;0;20;13;0;0;0;0;0;0,052631579;0;1;0;0;0;1;0;0;0;0;0;0;0;0;1;1;1;1;1;-1;1
987;3;1;3;57;1;0;0;0;0;0;0;0;0;0;1;0;0;0;0;0;19;31;0;0;0;0;1;1;0;1;0;0;0;0;1;0;0;0;0;0;0;0;1;0;-1;1;-1;-1;1
988;2;0;2;36;0;0;0;0;0;0;0;0;0;0;1;0;0;0;0;0;15;14;0;0;0;0;0;0,0625;0;1;0;0;0;0;0;0;0;0;0;1;0;0;1;1;1;1;0;1;1
989;4;1;5;80;2;0;0;0;0;0;0;0;0;0;1;0;0;0;0;0;26;47;0;0;0;0;0;0;0;1;0;0;0;0;0;0;0;0;0;0;0;0;1;-1;1;1;1;1;1
990;3;1;8;78;1;0;0;0;0;0;0;0;0;6;1;1;0;0;1;0;19;52;0;0;0;0;0,923076923;1;0;1;0;0;0;0;1;0;0;0;0;0;0;0;1;-1;1;1;-1;-1;1
991;2;0;2;39;0;0;0;0;0;0;0;0;0;0;1;1;0;0;0;0;16;16;0;0;0;0;0,923076923;1;0;1;0;0;0;0;1;0;0;0;0;0;0;0;1;1;1;1;-1;-1;1
992;3;0;3;40;0;0;0;1;0;0;0;0;0;13;1;1;1;0;0;0;13;20;0;0;0;0;1;0,142857143;0;1;0;0;0;0;1;0;0;0;0;1;0;0;1;1;1;1;1;-1;1
993;3;0;3;40;0;0;0;1;0;0;0;0;0;13;1;1;1;0;0;0;13;20;0;0;0;0;1;0,142857143;0;1;0;0;0;0;1;0;0;0;0;1;0;0;1;1;1;1;1;-1;1
994;2;0;3;42;1;0;0;0;0;0;0;0;0;0;1;0;0;0;1;0;17;18;0;0;0;0;0;0,75;0;1;0;0;0;0;1;0;0;0;0;0;0;0;1;1;0;1;-1;1;1
995;2;0;5;88;0;0;0;0;0;0;0;0;0;0;1;0;0;0;0;0;25;56;0;0;0;0;0,5;0,017241379;0;1;0;0;0;0,5;0;0;0;0;0;0;0;0;1;-1;1;1;1;-1;1
996;2;0;7;125;0;0;0;0;0;0;0;0;0;42;1;1;0;0;0;0;15;103;0;0;0;0;0;1;0;1;1;0;0;1;1;0;0;0;0;0;0;0;1;-1;-1;1;-1;-1;1
997;3;1;3;53;0;0;0;0;0;0;0;0;0;0;1;0;0;0;0;0;21;25;0;0;0;0;0;0;0;1;0;0;0;0;0;0;0;0;0;0;0;0;1;1;1;1;1;1;1
998;4;0;5;114;1;0;0;0;3;0;1;1;0;11;1;1;1;0;1;0;13;46;47;0;0;0;0;0;0;1;1;0;0;0;1;0;0;0;0;0;0;0;1;-1;1;1;1;1;1
999;4;0;5;66;0;0;0;0;0;0;0;0;0;10;1;1;1;0;1;0;13;46;0;0;0;0;0;0;0;1;1;0;0;0;1;0;0;0;0;0;0;0;1;0;1;1;1;1;1
1000;2;0;2;36;0;0;0;0;0;0;0;0;0;4;1;1;0;0;0;0;13;16;0;0;0;0;0;0;0;1;0;0;0;0;0;0;0;0;0;0;0;0;1;1;1;1;1;1;1
1001;2;0;2;51;0;0;0;0;0;0;1;0;0;0;1;0;0;0;0;0;12;24;7;0;0;0;0;1;0;1;1;0;0;0;1;0;0;0;0;0;0;0;1;1;-1;1;-1;1;1
1002;2;0;4;73;1;0;0;0;0;0;0;0;0;23;1;1;0;0;0;0;13;53;0;0;0;1;1;1;0;1;0;0;0;0;1;0;0;0;0;1;0;0;1;0;-1;1;-1;-1;1
1003;2;0;4;73;1;0;0;0;0;0;0;0;0;21;1;1;0;0;0;0;13;53;0;0;0;1;1;1;0;1;0;0;0;0;1;0;0;0;0;1;0;0;1;0;-1;1;-1;-1;1
1004;2;0;4;73;1;0;0;0;0;0;0;0;0;19;1;1;0;0;0;0;13;53;0;0;0;1;1;1;0;1;0;0;0;0;1;0;0;0;0;1;0;0;1;0;-1;1;-1;-1;1
1005;2;0;4;73;1;0;0;0;0;0;0;0;0;28;1;1;0;0;0;0;13;53;0;0;0;1;1;1;0;1;0;0;0;0;1;0;0;0;0;1;0;0;1;0;-1;1;-1;-1;1
1006;3;0;2;37;0;0;0;0;0;0;0;0;0;0;1;1;0;0;0;0;14;16;0;0;0;0;0,923076923;1;0;1;0;0;0;0;1;0;0;0;0;0;0;0;1;1;1;1;-1;-1;1
1007;2;0;5;78;0;0;0;0;0;0;0;0;0;22;1;1;0;0;1;0;14;57;0;0;0;0;0;0;0;1;0;0;0;0;0;0;0;0;0;0;0;0;1;-1;1;1;1;1;1
1008;2;0;5;78;0;0;0;0;0;0;0;0;0;23;1;1;0;0;1;0;14;57;0;0;0;0;0;0;0;1;0;0;0;0;0;0;0;0;0;0;0;0;1;-1;1;1;1;1;1
1009;2;0;5;78;0;0;0;0;0;0;0;0;0;23;1;1;0;0;1;0;14;57;0;0;0;0;0;0;0;1;0;0;0;0;0;0;0;0;0;0;0;0;1;-1;1;1;1;1;1
1010;4;0;3;119;0;0;0;0;1;0;9;8;0;9;1;0;1;0;0;0;12;22;77;0;0;0;0,375;0;0;1;0;0;0;0;1;0;0;0;0;0;0;0;1;-1;1;1;0;0;1
1011;4;0;3;89;0;0;0;0;1;0;1;1;0;33;1;0;1;0;0;0;12;22;47;0;0;0;0,375;0;0;1;0;0;0;0;1;0;0;0;0;0;0;0;1;-1;1;1;0;0;1
1012;4;0;3;69;0;0;0;0;1;0;3;3;0;11;1;0;1;0;0;0;12;22;27;0;0;0;0,375;0;0;1;0;0;0;0;1;0;0;0;0;0;0;0;1;0;1;1;0;0;1
1013;4;0;3;60;0;0;0;0;1;0;2;2;0;12;1;0;1;0;0;0;12;22;18;0;0;0;0,375;0;0;1;0;0;0;0;1;0;0;0;0;0;0;0;1;0;1;1;0;0;1
1014;3;0;2;39;0;0;0;0;0;0;0;0;0;0;1;0;0;0;0;0;15;17;0;0;0;0;1;1;0;1;0;0;0;0;1;0;0;0;0;0;0;0;1;1;-1;1;-1;-1;1
1015;2;0;8;85;2;0;0;0;0;0;0;0;0;0;1;0;0;0;1;0;13;65;0;0;1;0;0;0;0;1;0;0;0;0;0;0;0;0;0;0;0;0;1;-1;1;1;1;1;1
1016;4;0;3;111;0;0;0;0;2;0;7;6;0;9;1;0;1;0;0;0;12;22;69;0;0;0;0,375;0;0;1;0;0;0;0;1;0;0;0;0;0;0;0;1;-1;1;1;0;0;1
1017;3;0;2;38;0;0;0;0;0;0;0;0;0;0;1;0;0;0;0;0;14;17;0;0;0;0;0,923076923;1;0;1;0;0;0;0;1;0;0;0;0;0;0;0;1;1;1;1;-1;-1;1
1018;1;0;3;46;0;0;0;0;0;0;0;0;0;0;1;1;0;0;0;0;26;13;0;0;0;0;0;0,785714286;0;1;0;0;0;1;1;0;0;0;0;1;0;0;1;1;-1;1;1;-1;1
1019;4;0;3;133;0;0;0;0;3;0;9;5;0;21;1;0;1;0;0;0;12;22;91;0;1;0;0,375;0;0;1;0;0;0;0;1;0;0;0;0;0;0;0;1;-1;1;1;0;0;1
1020;4;0;3;113;0;0;0;0;2;0;7;6;0;9;1;0;1;0;0;0;12;22;71;0;1;0;0,375;0;0;1;0;0;0;0;1;0;0;0;0;0;0;0;1;-1;1;1;0;0;1
1021;4;0;3;190;0;0;0;0;6;0;15;7;0;9;1;0;1;0;0;0;12;22;148;0;1;0;0,375;0;0;1;0;0;0;0;1;0;0;0;0;0;0;0;1;-1;1;1;0;0;1
1022;4;0;3;49;0;0;0;0;1;0;1;1;0;9;1;0;1;0;0;0;12;22;7;0;0;0;0,375;0;0;1;0;0;0;0;1;0;0;0;0;0;0;0;1;1;1;1;0;0;1
1023;5;1;4;58;0;0;0;0;0;0;0;0;0;0;1;1;0;0;0;0;24;27;0;0;0;0;0;0;0;1;1;0;0;0;0;0;0;0;0;0;0;0;1;0;1;1;1;1;1
1024;2;0;2;39;0;0;0;0;0;0;0;0;0;4;1;1;0;0;0;0;16;16;0;0;0;0;0;0;0;0;0;0;0;0;1;0;0;0;0;0;0;0;1;1;1;1;1;1;1
1025;2;0;5;49;0;0;0;0;0;0;0;0;0;0;1;0;0;0;0;0;17;25;0;0;0;0;0,066666667;0,076923077;0;1;1;0;0;0,866666667;0;0;0;0;0;0;0;0;1;1;1;1;1;-1;1
1026;1;0;4;35;0;0;0;0;0;0;0;0;0;0;1;1;0;0;0;0;10;18;0;0;1;0;0;0,285714286;0;1;0;0;0;0;0;0;0;0;0;0;0;0;1;1;1;1;-1;1;1
1027;4;0;3;81;0;0;0;0;1;0;6;6;0;13;1;0;1;0;0;0;12;22;39;0;0;0;0,375;0;0;1;0;0;0;0;1;0;0;0;0;0;0;0;1;-1;1;1;0;0;1
1028;4;0;3;65;0;0;0;0;1;0;4;4;0;11;1;0;1;0;0;0;12;22;23;0;0;0;0,375;0;0;1;0;0;0;0;1;0;0;0;0;0;0;0;1;0;1;1;0;0;1
1029;2;0;1;39;0;0;0;0;0;0;0;0;0;0;1;0;0;0;0;0;24;8;0;0;0;0;0;1;0;1;1;0;0;0;1;0;0;0;0;0;0;0;1;1;-1;1;-1;1;1
1030;4;0;3;56;0;0;0;0;1;0;2;2;0;9;1;0;1;0;0;0;12;22;14;0;0;0;0,375;0;0;1;0;0;0;0;1;0;0;0;0;0;0;0;1;0;1;1;0;0;1
1031;2;0;2;55;0;0;0;0;0;0;1;0;0;2;1;0;0;0;0;0;21;15;11;0;1;0;1;1;0;1;0;0;0;0;1;0;0;0;0;0;0;0;1;0;-1;1;-1;-1;1
1032;1;0;2;32;0;0;0;0;0;0;0;0;0;0;1;1;0;0;0;0;14;11;0;0;0;0;0,923076923;1;0;1;0;0;0;0;1;0;0;0;0;0;0;0;1;1;1;1;-1;-1;1
1033;2;0;2;42;0;0;0;0;0;0;0;0;0;0;1;1;0;0;0;0;14;21;0;0;0;0;0,923076923;1;0;1;0;0;0;0;1;0;0;0;0;0;0;0;1;1;1;1;-1;-1;1
1034;1;0;2;39;0;0;0;0;0;0;0;0;0;0;1;0;0;0;0;0;28;4;0;0;0;0;0,923076923;1;0;1;0;0;0;0;1;0;0;0;0;0;0;0;1;1;1;1;-1;-1;1
1035;4;1;5;90;1;0;0;0;1;0;0;0;0;0;1;1;0;0;0;0;17;66;0;0;0;0;1;1;1;1;0;1;0;0;1;0;0;0;0;0;0;0;1;-1;-1;0;-1;-1;1
1036;1;0;2;28;1;1;0;0;0;0;0;0;0;0;1;0;0;0;0;0;12;9;0;0;0;0;0;0;0;1;0;0;0;0;0;0;0;0;0;0;0;0;1;1;1;1;1;1;1
1037;1;0;2;28;0;0;0;0;0;0;0;0;0;0;1;0;0;0;1;0;14;7;0;0;0;0;1;0,363636364;1;1;0;0;0;0;0;0;0;0;0;0;0;0;1;1;0;1;0;-1;1
1038;2;0;3;97;2;0;0;0;5;0;1;0;0;6;1;1;0;0;1;0;13;25;51;0;0;0;0;0,333333333;0;1;1;0;0;0;0;0;0;0;0;0;0;0;1;-1;1;1;-1;1;1
1039;2;0;5;137;1;0;0;0;3;0;1;0;0;16;1;1;0;0;1;0;14;87;28;0;0;0;0,040540541;1;1;1;0;1;0;0;0;0;0;0;0;0;0;0;1;-1;-1;0;-1;1;1
1040;4;0;4;92;0;0;0;0;0;0;1;0;0;12;1;1;0;0;0;0;24;27;33;0;0;0;0;0,642857143;1;1;0;0;0;0;0;0;0;0;0;0;0;0;1;-1;-1;1;0;1;1
1041;4;1;2;43;0;0;0;0;0;0;0;0;0;0;1;0;0;0;1;0;15;21;0;0;0;1;1;0,166666667;0;1;0;0;0;0;1;0;0;0;0;0;0;0;1;1;1;1;0;-1;1
1042;3;1;2;53;0;0;0;0;0;0;0;0;0;0;1;0;0;0;0;0;20;26;0;0;0;0;0;0;0;1;1;0;0;0;0;0;0;0;0;0;1;0;1;1;1;1;1;1;1
1043;3;1;3;45;0;0;0;0;0;0;0;0;0;4;1;1;0;0;1;0;17;21;0;0;0;0;0;0;0;1;0;0;0;1;0;0;0;0;0;0;0;0;1;1;1;1;1;-1;1
1044;4;2;1;41;0;0;0;0;0;0;0;0;0;0;1;1;0;0;0;0;22;12;0;0;0;0;0;0;0;0;0;0;0;0;1;0;0;0;0;0;1;0;1;1;1;1;1;1;1
1045;1;0;3;43;0;0;0;0;0;0;0;0;0;0;1;1;0;0;0;0;6;30;0;0;0;0;0,923076923;1;0;1;0;0;0;0;1;0;0;0;0;0;0;0;1;1;1;1;-1;-1;1
1046;3;0;3;48;0;0;0;0;0;0;0;0;0;0;1;0;0;0;0;0;15;20;5;0;0;0;0;0,642857143;1;1;0;0;0;0;0;0;0;0;0;0;0;0;1;1;-1;1;0;1;1
1047;4;0;3;79;0;0;0;0;0;0;2;0;0;12;1;0;0;0;0;0;15;20;36;0;0;0;0;0,642857143;1;1;0;0;0;0;0;0;0;0;0;0;0;0;1;-1;-1;1;0;1;1
1048;3;1;4;64;1;0;0;0;0;0;0;0;0;0;1;0;0;0;0;0;16;41;0;0;1;0;1;1;1;1;0;0;0;0;1;0;0;0;0;0;0;0;1;0;-1;1;-1;-1;1
1049;2;1;3;60;0;0;0;0;0;0;0;0;0;0;1;0;0;0;0;0;29;24;0;0;0;0;0,923076923;1;0;1;0;0;0;0;1;0;0;0;0;0;0;0;1;0;1;1;-1;-1;1
1050;4;2;3;63;0;0;0;0;0;0;0;0;0;0;1;1;0;0;0;0;20;26;9;0;0;0;0;0;0;0;0;0;0;0;1;0;0;0;0;0;1;0;1;0;1;1;1;1;1
1051;3;1;5;56;0;0;0;0;0;0;0;0;0;0;1;0;0;0;0;0;21;28;0;0;0;0;0;0;0;1;0;0;0;0;0;0;0;0;0;0;0;0;1;0;1;1;1;1;1
1052;2;1;5;59;1;0;0;0;0;0;0;0;0;0;1;0;0;0;0;0;23;29;0;0;0;0;0,066666667;0,076923077;0;1;1;0;0;0,866666667;0;0;0;0;0;0;0;0;1;0;1;1;1;-1;1
1053;5;1;2;41;0;0;0;0;0;0;0;0;0;0;1;0;0;0;1;0;12;22;0;0;0;1;1;1;0;1;0;0;0;0;1;0;0;0;0;1;0;0;1;1;-1;1;-1;-1;1
1054;2;0;4;66;0;0;0;0;0;0;0;0;0;10;1;1;0;0;0;0;25;34;0;0;0;0;0;0,785714286;0;1;0;0;0;1;1;0;0;0;0;1;0;0;1;0;-1;1;1;-1;1
1055;1;0;3;42;0;0;0;1;0;0;0;0;0;1;1;1;0;0;0;0;14;21;0;0;0;0;1;0,142857143;1;1;0;0;0;0;0;0;0;0;0;1;0;0;1;1;1;1;0;-1;1
1056;1;0;6;88;0;0;0;0;0;0;0;0;0;20;1;1;0;0;1;0;22;59;0;0;0;0;0;0,1;0;1;0;0;0;0;0;0;0;0;0;0;0;0;1;-1;1;1;1;1;1
1057;1;0;6;88;0;0;0;0;0;0;0;0;0;25;1;1;0;0;1;0;22;59;0;0;0;0;0;0,1;0;1;0;0;0;0;0;0;0;0;0;0;0;0;1;-1;1;1;1;1;1
1058;3;1;4;60;1;0;0;0;0;0;0;0;0;4;1;1;0;0;0;0;22;31;0;0;0;0;1;1;0;1;0;1;0;0;1;0;0;0;0;1;0;0;1;0;-1;0;-1;-1;1
1059;4;1;3;48;0;0;0;0;0;0;0;0;0;6;1;1;0;0;1;0;19;22;0;0;0;1;1;1;0;1;0;0;0;0;1;0;0;0;0;1;0;0;1;1;-1;1;-1;-1;1
1060;3;0;2;50;0;0;0;0;0;0;0;0;0;0;1;0;0;0;0;0;19;24;0;0;0;0;0;0;0;1;0;1;0;0;0;0;0;0;0;0;0;0;1;1;1;0;1;1;1
1061;1;0;4;43;1;0;0;0;0;0;0;0;0;0;1;1;0;0;0;0;17;19;0;0;0;0;1;1;0;1;0;0;0;0;1;0;0;0;0;0;0;0;1;1;-1;1;-1;-1;1
1062;4;1;3;52;0;0;0;0;0;0;0;0;0;1;1;0;0;0;0;0;18;27;0;0;0;0;0,923076923;1;0;1;0;0;0;0;1;0;0;0;0;0;0;0;1;1;1;1;-1;-1;1
1063;2;0;2;49;0;0;0;0;0;0;0;0;0;0;1;0;0;0;0;0;28;14;0;0;0;0;0,923076923;1;0;1;0;0;0;0;1;0;0;0;0;0;0;0;1;1;1;1;-1;-1;1
1064;2;0;4;102;2;1;0;0;3;0;2;1;0;1;1;0;0;0;0;0;17;29;48;0;0;0;0;0;0;1;1;0;0;0;0;0;0;0;0;0;0;0;1;-1;1;1;1;1;1
1065;4;1;5;62;0;0;0;0;0;0;0;0;0;6;1;1;0;0;0;0;19;36;0;0;0;0;0;0;0;1;0;0;0;0;0;0;0;0;0;0;0;0;1;0;1;1;1;1;1
1066;4;1;5;73;0;0;0;0;1;0;0;0;0;6;1;1;0;0;0;0;19;47;0;0;0;0;0,923076923;1;0;1;0;0;0;0;1;0;0;0;0;0;0;0;1;0;1;1;-1;-1;1
1067;4;1;7;132;0;0;0;0;3;0;0;0;0;6;1;1;0;0;0;0;19;106;0;0;0;0;0,923076923;1;0;1;0;0;0;0;1;0;0;0;0;0;0;0;1;-1;1;1;-1;-1;1
1068;4;1;9;137;0;0;0;0;3;0;0;0;0;6;1;1;0;0;0;0;19;111;0;0;0;0;0,923076923;1;0;1;0;0;0;0;1;0;0;0;0;0;0;0;1;-1;1;1;-1;-1;1
1069;5;1;2;52;0;0;0;0;0;0;0;0;0;6;1;1;0;0;1;0;19;26;0;0;0;0;0;1;0;1;0;0;0;0;1;0;0;0;0;0;0;0;1;1;-1;1;-1;1;1
1070;2;0;3;141;2;0;0;0;7;0;2;2;0;8;1;1;0;0;1;0;13;25;95;0;0;0;0;0,333333333;0;1;1;0;0;0;0;0;0;0;0;0;0;0;1;-1;1;1;-1;1;1
1071;3;1;3;50;0;0;0;0;0;0;0;0;0;7;1;1;0;0;1;0;21;22;0;0;0;1;1;1;0;1;0;0;0;0;1;0;0;0;0;1;0;0;1;1;-1;1;-1;-1;1
1072;3;1;2;42;0;0;0;0;0;0;0;0;0;1;1;0;0;0;0;0;17;18;0;0;0;0;0;0;0;1;0;0;0;0;0;0;0;0;0;0;0;0;1;1;1;1;1;1;1
1073;3;0;2;73;1;0;0;0;0;0;1;0;0;3;1;0;0;0;0;0;21;15;29;0;1;0;1;1;0;1;0;0;0;0;1;0;0;0;0;0;0;0;1;0;-1;1;-1;-1;1
1074;1;0;4;69;0;0;0;0;0;0;0;0;0;20;1;1;0;0;0;0;21;41;0;0;0;0;0,307692308;1;0;1;0;0;0;0;0;0;0;0;0;0;0;0;1;0;1;1;-1;1;1
1075;2;0;3;38;0;0;0;0;0;0;0;0;0;0;1;0;0;0;1;0;23;8;0;0;0;0;0;0;0;1;0;0;0;0;0;0;0;0;0;0;0;0;1;1;1;1;1;1;1
1076;3;0;5;95;1;0;0;0;0;0;1;0;0;14;1;0;0;0;0;0;13;41;33;0;0;0;0,857142857;1;1;1;0;0;0;0;1;0;0;0;0;1;0;0;1;-1;-1;1;-1;-1;1
1077;2;0;2;37;0;0;0;0;0;0;0;0;0;0;1;0;0;0;0;0;14;16;0;0;0;0;0;0;0;1;0;0;0;0;0;0;0;0;0;0;0;0;1;1;1;1;1;1;1
1078;2;0;5;53;0;0;0;0;0;0;0;0;0;0;1;0;0;0;0;0;17;29;0;0;0;0;0,923076923;1;0;1;0;0;0;0;1;0;0;0;0;0;0;0;1;1;1;1;-1;-1;1
1079;2;0;3;84;0;0;0;0;0;0;1;0;0;21;1;1;0;0;0;0;19;44;13;0;0;0;0;0,625;0;1;0;0;0;0;0;0;0;0;0;0;0;0;1;-1;-1;1;0;1;1
1080;3;2;2;32;0;0;0;0;0;0;0;0;0;5;1;1;0;0;0;0;15;10;0;0;0;0;1;1;0;1;1;0;0;0;1;0;0;0;0;0;0;0;0;1;-1;1;-1;-1;1
1081;5;1;3;88;0;0;0;0;0;0;0;0;0;22;1;1;0;0;1;0;20;61;0;0;0;1;1;0,083333333;1;1;1;0;1;0;1;0;0;0;0;0;0;0;1;-1;1;-1;1;-1;1
1082;5;1;2;87;0;0;0;0;0;0;0;0;0;22;1;1;0;0;1;0;20;60;0;0;0;1;1;0,083333333;1;1;1;0;1;0;1;0;0;0;0;0;0;0;1;-1;1;-1;1;-1;1
1083;2;0;4;73;1;0;0;0;0;0;0;0;0;22;1;1;0;0;0;0;13;53;0;0;0;1;1;1;0;1;0;0;0;0;1;0;0;0;0;1;0;0;1;0;-1;1;-1;-1;1
1084;2;1;3;47;0;0;0;0;0;0;0;0;0;0;1;1;0;0;0;0;10;30;0;0;0;0;0,923076923;1;0;1;0;0;0;0;1;0;0;0;0;0;0;0;1;1;1;1;-1;-1;1
1085;2;0;4;73;1;0;0;0;0;0;0;0;0;19;1;1;0;0;0;0;13;53;0;0;0;1;1;1;0;1;0;0;0;0;1;0;0;0;0;1;0;0;1;0;-1;1;-1;-1;1
1086;3;1;4;114;2;0;0;0;5;0;1;0;0;2;1;0;0;0;0;0;24;31;51;0;1;0;0;0,333333333;0;1;1;0;0;0;0;0;0;0;0;0;0;0;1;-1;1;1;-1;1;1
1087;2;0;4;73;1;0;0;0;0;0;0;0;0;24;1;1;0;0;0;0;13;53;0;0;0;1;1;1;0;1;0;0;0;0;1;0;0;0;0;1;0;0;1;0;-1;1;-1;-1;1
1088;3;0;2;37;0;0;0;0;0;0;0;0;0;0;1;0;0;0;0;0;14;16;0;0;0;0;0,923076923;1;0;1;0;0;0;0;1;0;0;0;0;0;0;0;1;1;1;1;-1;-1;1
1089;2;0;2;52;1;1;0;0;0;0;0;0;0;0;1;0;0;0;0;0;18;27;0;0;0;0;0;1;0;1;1;0;0;1;1;0;0;0;0;0;0;0;1;1;-1;1;-1;-1;1
1090;1;0;2;28;0;0;0;0;0;0;0;0;0;0;1;0;0;0;1;0;15;6;0;0;0;0;0;0;0;1;0;0;0;0;0;0;0;0;0;0;0;0;1;1;1;1;1;1;1
1091;3;0;4;59;1;0;0;0;0;0;0;0;0;1;1;0;0;0;0;0;26;26;0;0;0;0;0,933333333;1;0;1;0;0;0;0;1;0;0;0;0;0;0;0;1;0;1;1;-1;-1;1
1092;1;0;3;30;1;1;0;0;0;0;0;0;0;0;1;0;0;0;0;0;11;12;0;0;0;0;0;0;0;1;0;0;0;0;0;0;0;0;0;0;0;0;1;1;1;1;1;1;1
1093;2;0;5;108;0;0;0;0;2;0;0;0;0;16;1;1;0;0;1;0;14;87;0;0;0;0;0,040540541;0,966666667;1;1;0;1;0;0,081081081;0;0;0;0;0;0;0;0;1;-1;-1;0;-1;1;1
1094;2;0;4;70;0;0;0;0;0;1;0;0;0;15;1;1;0;0;0;0;22;41;0;0;0;0;0;0;0;1;1;0;0;1;0;0;0;0;0;0;0;0;1;0;1;1;1;-1;1
1095;2;0;8;89;0;0;0;0;1;0;0;0;0;1;1;0;0;0;0;0;17;65;0;0;1;0;0,75;0,222222222;1;1;0;0;0;0,125;0;0;0;0;0;0;0;0;1;-1;1;1;0;-1;1
1096;1;0;4;79;1;0;0;0;0;0;0;0;0;28;1;1;0;0;0;0;13;59;0;0;0;0;0;0;0;1;0;0;0;0;0;0;0;0;0;0;0;0;1;-1;1;1;1;1;1
1097;1;0;4;79;1;0;0;0;0;0;0;0;0;29;1;1;0;0;0;0;13;59;0;0;0;0;0;0;0;1;0;0;0;0;0;0;0;0;0;0;0;0;1;-1;1;1;1;1;1
1098;1;0;4;79;1;0;0;0;0;0;0;0;0;33;1;1;0;0;0;0;13;59;0;0;0;0;0;0;0;1;0;0;0;0;0;0;0;0;0;0;0;0;1;-1;1;1;1;1;1
1099;1;0;4;79;1;0;0;0;0;0;0;0;0;29;1;1;0;0;0;0;13;59;0;0;0;0;0;0;0;1;0;0;0;0;0;0;0;0;0;0;0;0;1;-1;1;1;1;1;1
1100;2;0;2;37;0;0;0;0;0;0;0;0;0;0;1;0;0;0;1;0;13;17;0;0;0;0;0;0;0;1;0;0;0;0;0;0;0;0;0;0;0;0;1;1;1;1;1;1;1
1101;2;0;6;63;0;0;0;0;0;1;0;0;0;3;1;1;0;0;0;0;12;44;0;0;0;0;0,066666667;0,076923077;0;1;1;0;0;0,866666667;0;0;0;0;0;0;0;0;1;0;1;1;1;-1;1
1102;1;0;5;52;1;0;0;0;0;0;0;0;0;0;1;0;0;0;0;0;15;30;0;0;0;0;0,5;0;0;1;0;0;0;0,5;0;0;0;0;0;1;0;0;1;1;1;1;1;-1;1
1103;1;0;5;54;1;0;0;0;0;0;0;0;0;6;1;1;0;0;0;0;19;28;0;0;0;0;0,923076923;1;0;1;0;0;0;0;1;0;0;0;0;0;0;0;1;0;1;1;-1;-1;1
1104;1;0;8;85;1;0;0;0;0;0;0;0;0;0;1;1;0;0;0;0;18;60;0;0;0;0;0;0;0;1;0;0;0;0;0;0;0;0;0;0;0;0;1;-1;1;1;1;1;1
1105;2;0;2;43;0;0;0;0;0;0;0;0;0;0;1;0;0;0;1;0;22;14;0;0;0;0;0,941176471;1;0;1;0;0;0;0;1;0;0;0;0;0;0;0;1;1;1;1;-1;-1;1
1106;2;0;3;84;0;0;0;0;0;0;1;0;0;18;1;1;0;0;0;0;19;44;13;0;0;0;0;0,625;0;1;0;0;0;0;0;0;0;0;0;0;0;0;1;-1;-1;1;0;1;1
1107;6;1;2;57;0;0;0;0;0;0;0;0;0;0;1;0;0;0;1;0;14;36;0;0;0;0;0,923076923;1;0;1;0;0;0;0;1;0;0;0;0;0;0;0;1;0;1;1;-1;-1;1
1108;2;0;4;41;0;0;0;0;0;0;0;0;0;2;1;0;0;0;1;0;15;19;0;0;0;1;1;1;1;1;0;0;0;0;1;0;0;0;0;0;0;0;1;1;-1;1;-1;-1;1
1109;3;1;2;52;0;0;0;0;0;0;1;0;0;10;1;1;0;0;0;0;14;17;13;0;0;0;0,743589744;1;1;1;0;0;0;0;1;0;0;0;0;0;0;1;1;1;-1;1;-1;-1;1
1110;2;0;4;48;0;0;0;0;0;0;0;0;0;2;1;0;0;0;1;0;15;26;0;0;0;0;0,857142857;1;1;1;0;0;0;0,142857143;1;0;0;0;0;1;0;0;1;1;-1;1;-1;-1;1
1111;3;1;5;59;0;0;0;0;0;0;0;0;0;0;1;0;0;0;1;0;16;36;0;0;0;0;0;1;0;1;1;0;0;1;1;0;0;0;0;0;0;0;1;0;-1;1;-1;-1;1
1112;3;1;4;158;2;0;0;0;7;0;2;2;0;4;1;0;0;0;0;0;24;31;95;0;1;0;0;0,333333333;0;1;1;0;0;0;0;0;0;0;0;0;0;0;1;-1;1;1;-1;1;1
1113;3;1;4;62;1;0;0;0;1;0;0;0;0;0;1;0;0;0;0;0;24;31;0;0;1;0;0;0,333333333;0;1;1;0;0;0;0;0;0;0;0;0;0;0;1;0;1;1;-1;1;1
1114;1;0;2;33;1;1;0;0;0;0;0;0;0;0;1;0;0;0;0;0;14;12;0;0;0;0;0;0;0;1;0;0;0;0;0;0;0;0;0;0;0;0;1;1;1;1;1;1;1
1115;2;0;2;40;0;0;0;0;0;0;0;0;0;0;1;0;0;0;0;0;17;16;0;0;0;0;0,923076923;1;0;1;0;0;0;0;1;0;0;0;0;0;0;0;1;1;1;1;-1;-1;1
1116;2;0;3;133;2;0;0;0;7;0;2;2;0;8;1;1;0;0;1;0;13;25;87;0;0;0;0;0,333333333;0;1;1;0;0;0;0;0;0;0;0;0;0;0;1;-1;1;1;-1;1;1
1117;1;0;6;57;1;0;0;0;0;0;0;0;0;1;1;1;0;0;1;0;16;34;0;0;0;0;0;0;0;1;0;0;0;0;0;0;0;0;0;0;0;0;1;0;1;1;1;1;1
1118;4;0;3;200;0;0;0;0;0;0;3;2;0;54;1;1;0;0;0;0;10;52;130;0;2;0;1;0,076923077;0;1;0;0;0;0;0;0;0;0;0;0;0;0;1;-1;1;1;0;-1;1
1119;1;0;3;39;1;0;0;0;0;0;0;0;0;0;1;0;0;0;0;0;15;17;0;0;0;0;0,923076923;1;0;1;0;0;0;0;1;0;0;0;0;0;0;0;1;1;1;1;-1;-1;1
1120;2;0;3;48;1;0;0;0;0;0;0;0;0;0;1;0;0;0;0;0;15;26;0;0;0;0;0,923076923;1;0;1;0;0;0;0;1;0;0;0;0;0;0;0;1;1;1;1;-1;-1;1
1121;2;0;3;49;1;0;0;0;0;0;0;0;0;0;1;0;0;0;0;0;15;27;0;0;0;0;0,923076923;1;0;1;0;0;0;0;1;0;0;0;0;0;0;0;1;1;1;1;-1;-1;1
1122;5;4;2;55;0;0;0;0;0;0;0;0;0;2;1;1;0;1;0;0;36;12;0;0;0;1;1;1;0;1;1;0;1;0;1;0;0;0;0;0;0;0;-1;0;-1;-1;-1;-1;1
1123;6;4;2;70;0;0;0;0;0;0;0;0;0;2;1;1;0;1;0;0;36;27;0;0;0;1;1;1;0;1;1;0;1;0;1;0;0;0;0;0;0;0;-1;0;-1;-1;-1;-1;1
1124;2;1;2;31;0;0;0;0;0;0;0;0;0;0;1;0;0;0;0;0;15;9;0;0;0;0;0;0;0;1;0;0;0;0;0;0;0;0;0;0;0;0;1;1;1;1;1;1;1
1125;3;1;4;63;1;0;0;0;0;0;0;0;0;4;1;1;0;0;0;0;22;34;0;0;0;0;1;1;0;1;0;1;0;0;1;0;0;0;0;1;0;0;1;0;-1;0;-1;-1;1
1126;3;1;4;150;2;0;0;0;7;0;2;2;0;4;1;0;0;0;0;0;24;31;87;0;1;0;0;0,333333333;0;1;1;0;0;0;0;0;0;0;0;0;0;0;1;-1;1;1;-1;1;1
1127;2;0;2;47;0;0;0;0;0;0;1;0;0;10;1;1;0;0;0;0;9;17;13;0;0;0;0,743589744;1;1;1;0;0;0;0;1;0;0;0;0;0;0;1;1;1;-1;1;-1;-1;1
1128;1;0;4;36;0;0;0;0;0;0;0;0;0;0;1;0;0;0;0;0;14;15;0;0;0;0;0;0,363636364;0;1;0;0;0;1;0;0;0;0;0;0;0;0;1;1;1;1;0;-1;1
1129;3;1;4;58;1;1;0;0;0;0;0;0;0;0;1;0;0;0;1;0;19;32;0;0;0;0;0,375;0;0;1;0;0;0;0,1875;0;0;0;0;0;0;0;0;1;0;1;1;0;0;1
1130;3;0;4;57;1;0;0;0;0;0;0;0;0;0;1;0;0;0;1;0;11;39;0;0;0;0;0;1;0;1;0;0;0;0;1;0;0;0;0;0;0;0;1;0;-1;1;-1;1;1
1131;4;0;3;168;0;0;0;0;5;0;13;7;0;9;1;0;1;0;0;0;12;22;126;0;1;0;0,375;0;0;1;0;0;0;0;1;0;0;0;0;0;0;0;1;-1;1;1;0;0;1
1132;4;0;3;72;0;0;0;0;1;0;5;5;0;11;1;0;1;0;0;0;12;22;30;0;0;0;0,375;0;0;1;0;0;0;0;1;0;0;0;0;0;0;0;1;0;1;1;0;0;1
1133;4;0;3;93;0;0;0;0;3;0;3;3;0;9;1;0;1;0;0;0;12;22;51;0;0;0;0,375;0;0;1;0;0;0;0;1;0;0;0;0;0;0;0;1;-1;1;1;0;0;1
1134;2;0;4;67;1;0;0;0;0;0;0;0;0;0;1;1;0;0;1;0;15;45;0;0;0;0;0;0,083333333;0;1;0;0;0;0;0;0;0;0;0;0;0;0;1;0;1;1;1;1;1
1135;3;0;2;38;0;0;0;0;0;0;0;0;0;0;1;0;0;0;0;0;15;16;0;0;0;0;1;1;0;1;0;0;0;0;1;0;0;0;0;0;0;0;1;1;-1;1;-1;-1;1
1136;2;0;4;48;0;0;0;0;0;0;0;0;0;0;1;1;0;0;0;0;14;27;0;0;0;0;0;0;0;1;0;0;0;0;0;0;0;0;0;0;0;0;1;1;1;1;1;1;1
1137;1;0;3;37;1;1;0;0;0;0;0;0;0;0;1;0;0;0;1;0;22;8;0;0;0;0;0;0;0;0;0;0;0;0;0;0;0;0;0;1;0;0;1;1;1;1;1;1;1
1138;4;0;3;116;0;0;0;0;2;0;5;0;0;9;1;0;1;0;0;0;12;22;74;0;1;0;0,375;0;0;1;0;0;0;0;1;0;0;0;0;0;0;0;1;-1;1;1;0;0;1
1139;4;0;3;46;0;0;0;0;0;0;0;0;0;9;1;0;1;0;0;0;12;22;4;0;0;0;0,375;0;0;1;0;0;0;0;1;0;0;0;0;0;0;0;1;1;1;1;0;0;1
1140;2;0;4;49;0;0;0;0;1;0;0;0;0;2;1;0;0;0;1;0;15;27;0;0;0;0;1;1;1;1;0;0;0;0;1;0;0;0;0;1;0;0;1;1;-1;1;-1;-1;1
1141;1;0;4;45;0;0;0;0;0;0;0;0;0;0;1;0;0;0;0;0;19;19;0;0;0;0;0;0;0;1;0;0;0;0;0;0;0;0;0;0;0;0;1;1;1;1;1;1;1
1142;2;0;3;52;0;0;0;0;0;0;0;0;0;0;1;1;0;0;1;0;17;28;0;0;0;0;0;0;0;1;1;0;0;0;0;0;0;0;0;0;1;0;1;1;1;1;1;1;1
1143;2;0;5;122;0;0;0;0;0;0;2;1;0;25;1;0;0;0;0;0;17;40;57;0;0;0;0,375;0,692307692;0;1;0;0;0;0;0;0;0;0;0;0;0;0;1;-1;-1;1;0;0;1
1144;3;1;4;86;1;0;0;0;0;0;0;0;0;0;1;0;0;0;1;0;19;43;16;0;1;0;0,4375;0;0;1;0;0;0;0;0;0;0;0;0;0;0;0;1;-1;1;1;0;0;1
1145;2;0;3;46;0;0;0;0;0;0;0;0;0;0;1;0;0;0;1;0;14;25;0;0;0;0;1;0;0;1;0;0;0;0;0;0;0;0;0;0;0;0;1;1;1;1;1;-1;1
1146;7;3;10;199;3;0;0;0;1;0;2;1;0;24;1;0;0;1;1;0;31;103;57;0;0;0;0,375;0,714285714;0;1;0;0;0;0;1;0;0;0;0;0;0;0;-1;-1;-1;1;0;0;1
1147;2;0;2;41;0;0;0;0;0;0;0;0;0;0;1;0;0;0;0;0;19;15;0;0;0;0;1;1;0;1;0;0;0;0;1;0;0;0;0;0;0;0;1;1;-1;1;-1;-1;1
1148;3;0;4;56;0;0;0;0;0;0;0;0;0;0;1;0;0;0;0;0;18;31;0;0;0;0;0;0;0;1;0;0;0;0;0;0;0;0;0;0;0;0;1;0;1;1;1;1;1
1149;2;0;2;42;0;0;0;0;0;0;0;0;0;0;1;0;0;0;0;0;13;22;0;0;1;0;0,5;0;0;1;0;0;0;0,5;0;0;0;0;0;1;0;0;1;1;1;1;1;-1;1
1150;4;1;6;98;1;0;0;0;0;0;1;0;0;6;1;1;0;0;0;0;29;44;17;0;1;0;0,375;0;0;1;0;0;0;0;0;0;0;0;0;0;0;0;1;-1;1;1;0;0;1
1151;2;0;4;48;0;0;0;0;0;0;0;0;0;0;1;1;0;0;1;0;15;26;0;0;0;0;0;1;0;1;1;0;0;1;1;0;0;0;0;0;0;0;1;1;-1;1;-1;-1;1
1152;4;2;4;75;5;5;0;0;0;0;0;0;0;13;1;1;0;0;1;0;36;32;0;0;0;0;0,375;0;0;1;0;0;0;0,1875;0;0;0;0;0;0;0;0;0;0;1;1;0;0;1
1153;2;0;2;48;1;0;0;0;0;0;0;0;0;0;1;0;0;0;0;0;21;20;0;0;0;0;0,333333333;0,25;0;1;0;0;0;0;0;0;0;0;0;0;0;0;1;1;1;1;0;0;1
1154;1;0;4;41;0;0;0;0;0;0;0;0;0;0;1;0;0;0;1;0;11;23;0;0;0;1;1;1;0;1;0;0;0;0;1;0;0;0;0;0;0;0;1;1;-1;1;-1;-1;1
1155;4;2;4;84;1;0;0;0;0;0;4;0;0;0;1;0;0;0;0;0;17;28;31;0;2;0;1;1;1;1;0;0;0;0;1;0;0;0;0;0;0;0;0;-1;-1;1;-1;-1;1
1156;4;2;4;103;5;4;0;0;0;0;0;0;0;14;1;1;0;0;1;0;36;43;16;0;1;0;0,4375;0;0;1;0;0;0;0;0;0;0;0;0;0;0;0;0;-1;1;1;0;0;1
1157;2;0;6;71;1;0;0;0;0;0;0;0;0;0;1;1;0;0;1;0;16;48;0;0;0;0;0;1;0;1;1;0;0;1;1;0;0;0;0;0;0;0;1;0;-1;1;-1;-1;1
1158;6;0;5;52;0;0;0;0;0;0;0;0;0;0;1;0;0;0;1;0;6;39;0;0;1;1;0,25;0,966666667;0;1;0;0;0;0,25;1;0;0;0;0;1;0;0;1;1;-1;1;-1;0;1
1159;2;0;4;40;0;0;0;0;0;0;0;0;0;1;1;1;0;0;0;0;17;16;0;0;0;0;0;0,785714286;0;1;0;0;0;1;1;0;0;0;0;1;0;0;1;1;-1;1;1;-1;1
1160;2;0;5;46;0;0;0;0;0;0;0;0;0;1;1;1;0;0;0;0;17;22;0;0;0;0;0;0,785714286;0;1;0;0;0;1;1;0;0;0;0;1;0;0;1;1;-1;1;1;-1;1
1161;3;0;2;55;1;1;0;0;0;0;0;0;0;4;1;1;0;0;0;0;20;28;0;0;0;0;0;0,363636364;0;1;0;0;0;1;0;0;0;0;0;0;0;0;1;0;1;1;0;-1;1
1162;2;1;2;77;1;0;0;0;3;0;1;0;0;1;1;0;0;0;0;0;19;10;40;0;0;0;0;0,333333333;1;1;0;0;0;0;0;0;0;0;0;0;0;0;1;-1;1;1;0;1;1
1163;2;1;2;36;0;0;0;0;0;0;0;0;0;0;1;0;0;0;0;0;19;10;0;0;0;0;0;0,333333333;1;1;0;0;0;0;0;0;0;0;0;0;0;0;1;1;1;1;0;1;1
1164;2;0;2;29;0;0;0;0;0;0;0;0;0;0;1;0;0;0;0;0;15;7;0;0;0;0;1;1;0;1;0;0;0;0;1;0;0;0;0;0;0;0;1;1;-1;1;-1;-1;1
1165;1;0;2;22;0;0;0;0;0;0;0;0;0;0;1;0;0;0;0;0;11;4;0;0;0;0;0;0,785714286;0;1;0;0;0;1;1;0;0;0;0;1;0;0;1;1;-1;1;1;-1;1
1166;4;2;2;36;0;0;0;0;0;0;0;0;0;5;1;1;0;0;1;0;15;14;0;0;0;0;0;0,071428571;1;1;0;0;0;0;0;0;0;0;0;0;0;0;0;1;1;1;1;1;1
1167;3;1;3;56;0;0;0;0;0;0;0;0;0;0;1;0;0;0;0;0;26;23;0;0;0;0;0,148148148;0,857142857;1;1;0;0;0;0,185185185;0;0;0;0;0;0;0;0;1;0;-1;1;-1;0;1
1168;3;1;6;72;0;0;0;0;0;0;0;0;0;0;1;0;0;0;1;0;19;46;0;0;0;0;0;0;0;0;0;0;0;0;1;0;0;0;0;0;1;0;1;0;1;1;1;1;1
1169;2;0;4;82;3;0;0;0;0;0;0;0;0;0;1;0;0;0;0;0;13;62;0;0;1;0;0;0;0;1;0;0;0;0;0;0;0;0;0;0;0;0;1;-1;1;1;1;1;1
1170;2;0;5;67;1;0;0;0;0;0;0;0;0;0;1;1;0;0;0;0;12;48;0;0;0;0;0,857142857;1;1;1;0;0;0;0,142857143;1;0;0;0;0;1;0;0;1;0;-1;1;-1;-1;1
1171;4;0;6;75;1;0;0;0;5;0;0;0;0;12;1;1;0;0;0;0;11;57;0;0;0;0;0;0;0;1;0;0;0;1;0;0;0;0;0;0;0;0;1;0;1;1;1;-1;1
1172;4;2;4;86;5;4;0;0;0;0;0;0;0;14;1;1;0;0;1;0;36;43;0;0;0;0;0,4375;0;0;1;0;0;0;0,125;0;0;0;0;0;0;0;0;0;-1;1;1;0;0;1
1173;2;0;5;102;0;0;0;0;3;0;0;0;0;16;1;1;0;0;1;0;14;81;0;0;1;0;0,040540541;1;1;1;0;1;0;0,081081081;0;0;0;0;0;0;0;0;1;-1;-1;0;-1;1;1
1174;2;1;2;89;1;0;0;0;3;0;2;1;0;1;1;0;0;0;0;0;19;10;52;0;0;0;0;0,333333333;1;1;0;0;0;0;0;0;0;0;0;0;0;0;1;-1;1;1;0;1;1
1175;2;0;5;69;0;0;0;0;0;0;0;0;0;1;1;0;0;0;0;0;16;46;0;0;1;0;0;1;0;1;0;0;0;0;1;0;0;0;0;0;0;0;1;0;-1;1;-1;1;1
1176;3;1;1;38;0;0;0;0;0;0;0;0;0;4;1;0;0;0;0;0;23;8;0;0;0;0;1;1;0;1;0;1;0;0;1;0;0;0;0;0;0;0;1;1;-1;0;-1;-1;1
1177;2;0;4;73;1;0;0;0;0;0;0;0;0;20;1;1;0;0;0;0;13;53;0;0;0;1;1;1;0;1;0;0;0;0;1;0;0;0;0;1;0;0;1;0;-1;1;-1;-1;1
1178;2;1;0;45;0;0;0;0;0;0;0;0;0;0;1;1;0;0;0;0;37;1;0;0;0;1;1;0,333333333;0;1;1;0;1;0;1;0;0;0;0;1;0;0;1;1;1;-1;0;-1;1
1179;2;0;4;44;0;0;0;0;0;0;0;0;0;0;1;1;0;0;0;0;10;27;0;0;1;0;0;0,285714286;0;1;0;0;0;0;0;0;0;0;0;0;0;0;1;1;1;1;-1;1;1
1180;3;1;5;73;0;0;0;0;0;0;0;0;0;1;1;0;0;0;0;0;20;46;0;0;1;0;0;1;0;1;0;0;0;0;1;0;0;0;0;0;0;0;1;0;-1;1;-1;1;1
1181;2;0;5;82;0;0;0;0;1;0;1;0;0;4;1;0;0;0;0;0;12;46;16;0;0;0;0;0,882352941;1;1;1;0;0;0;0;0;0;0;0;0;0;0;1;-1;-1;1;-1;1;1
1182;2;0;5;82;0;0;0;0;1;0;1;0;0;3;1;0;0;0;0;0;12;48;14;0;0;0;0;0,882352941;1;1;1;0;0;0;0;0;0;0;0;0;0;0;1;-1;-1;1;-1;1;1
1183;2;0;5;81;0;0;0;0;1;0;1;0;0;3;1;0;0;0;0;0;12;42;19;0;0;0;0;0,882352941;1;1;1;0;0;0;0;0;0;0;0;0;0;0;1;-1;-1;1;-1;1;1
1184;1;0;5;46;0;0;0;0;0;0;0;0;0;0;1;1;0;0;1;0;11;28;0;0;0;1;1;1;0;1;0;0;0;0;1;0;0;0;0;0;0;0;1;1;-1;1;-1;-1;1
1185;3;1;3;52;1;0;0;0;0;0;0;0;0;0;1;0;0;0;1;0;19;26;0;0;0;0;0,923076923;1;0;1;0;0;0;0;1;0;0;0;0;0;0;0;1;1;1;1;-1;-1;1
1186;1;0;2;30;1;1;0;0;0;0;0;0;0;0;1;0;0;0;0;0;13;10;0;0;0;0;0;0,736842105;1;1;0;0;0;1;1;0;0;0;0;0;0;0;1;1;0;1;-1;-1;1
1187;2;0;6;65;0;0;0;0;1;0;0;0;0;4;1;1;0;0;1;0;20;38;0;0;0;0;0;0;0;0;0;0;0;0;1;0;0;0;0;0;1;0;1;0;1;1;1;1;1
1188;2;0;4;73;1;0;0;0;0;0;0;0;0;19;1;1;0;0;0;0;13;53;0;0;0;1;1;1;0;1;0;0;0;0;1;0;0;0;0;1;0;0;1;0;-1;1;-1;-1;1
1189;3;0;5;56;1;1;0;0;0;0;0;0;0;0;1;0;0;0;1;0;14;35;0;0;0;0;0,5;0;0;1;1;0;0;0,5;0;0;0;0;0;1;0;0;1;0;1;1;1;-1;1
1190;2;0;4;51;0;0;0;0;0;0;0;0;0;0;1;0;0;0;1;0;11;33;0;0;0;1;1;1;0;1;0;0;0;0;1;0;0;0;0;0;0;0;1;1;-1;1;-1;-1;1
1191;2;0;3;53;0;0;0;0;0;0;0;0;0;0;1;1;0;0;0;0;26;20;0;0;0;0;0;0,785714286;0;1;0;0;0;1;1;0;0;0;0;1;0;0;1;1;-1;1;1;-1;1
1192;2;0;3;53;0;0;0;0;0;0;0;0;0;0;1;1;0;0;0;0;26;20;0;0;0;0;0;0,785714286;0;1;0;0;0;1;1;0;0;0;0;1;0;0;1;1;-1;1;1;-1;1
1193;2;0;2;51;0;0;0;0;0;0;0;0;0;0;1;1;0;0;0;0;17;27;0;0;0;0;0;0;0;1;0;0;0;0;0;0;0;0;0;0;0;0;1;1;1;1;1;1;1
1194;4;0;3;84;0;0;0;0;0;0;0;0;0;22;1;1;0;0;1;0;16;61;0;0;0;1;1;0,083333333;1;1;1;0;1;0;1;0;0;0;0;0;0;0;1;-1;1;-1;1;-1;1
1195;4;0;2;83;0;0;0;0;0;0;0;0;0;22;1;1;0;0;1;0;16;60;0;0;0;1;1;0,083333333;1;1;1;0;1;0;1;0;0;0;0;0;0;0;1;-1;1;-1;1;-1;1
1196;5;0;3;94;0;0;0;0;0;0;0;0;0;22;1;1;0;0;1;0;16;71;0;0;0;1;1;0,083333333;1;1;1;0;1;0;1;0;0;0;0;0;0;0;1;-1;1;-1;1;-1;1
1197;4;1;6;80;3;2;0;0;1;0;0;0;0;0;1;1;0;0;0;0;26;47;0;0;0;0;0;0,285714286;0;1;0;1;0;0;0;0;0;0;0;0;0;0;1;-1;-1;0;1;1;1
1198;4;1;5;77;0;0;0;0;0;0;0;0;0;6;1;1;0;0;0;0;19;51;0;0;0;0;0;0;0;1;0;0;0;0;0;0;0;0;0;0;0;0;1;-1;1;1;1;1;1
1199;2;0;2;36;0;0;0;0;0;0;0;0;0;3;1;1;0;0;0;0;13;16;0;0;0;0;0;0;0;1;0;0;0;0;0;0;0;0;0;0;0;0;1;1;1;1;1;1;1
1200;4;0;3;151;0;0;0;0;1;0;3;2;0;50;1;0;1;0;0;0;12;22;109;0;1;0;0,375;0;0;1;0;0;0;0;1;0;0;0;0;0;0;0;1;-1;1;1;0;0;1
1201;4;0;3;66;0;0;0;0;2;0;2;2;0;9;1;0;1;0;0;0;12;22;24;0;0;0;0,375;0;0;1;0;0;0;0;1;0;0;0;0;0;0;0;1;0;1;1;0;0;1
1202;4;0;3;54;0;0;0;0;1;0;1;1;0;9;1;0;1;0;0;0;12;22;12;0;0;0;0,375;0;0;1;0;0;0;0;1;0;0;0;0;0;0;0;1;0;1;1;0;0;1
1203;4;0;3;65;0;0;0;0;3;0;2;2;0;9;1;0;1;0;0;0;12;22;23;0;0;0;0,375;0;0;1;0;0;0;0;1;0;0;0;0;0;0;0;1;0;1;1;0;0;1
1204;4;0;3;61;0;0;0;0;1;0;3;3;0;11;1;0;1;0;0;0;12;22;19;0;0;0;0,375;0;0;1;0;0;0;0;1;0;0;0;0;0;0;0;1;0;1;1;0;0;1
1205;4;0;3;61;0;0;0;0;1;0;1;1;0;9;1;0;1;0;0;0;12;22;19;0;0;0;0,375;0;0;1;0;0;0;0;1;0;0;0;0;0;0;0;1;0;1;1;0;0;1
1206;4;0;3;106;0;0;0;0;3;0;5;4;0;9;1;0;1;0;0;0;12;22;64;0;1;0;0,375;0;0;1;0;0;0;0;1;0;0;0;0;0;0;0;1;-1;1;1;0;0;1
1207;4;0;3;171;0;0;0;0;3;0;10;6;0;43;1;0;1;0;0;0;12;22;129;0;1;0;0,375;0;0;1;0;0;0;0;1;0;0;0;0;0;0;0;1;-1;1;1;0;0;1
1208;1;0;4;64;0;0;0;0;0;0;0;0;0;23;1;1;0;0;0;0;14;43;0;0;0;0;0;0;0;1;1;0;0;1;0;0;0;0;0;0;0;0;1;0;1;1;1;-1;1
1209;1;0;4;64;0;0;0;0;0;0;0;0;0;19;1;1;0;0;0;0;14;43;0;0;0;0;0;0;0;1;1;0;0;1;0;0;0;0;0;0;0;0;1;0;1;1;1;-1;1
1210;2;0;2;43;1;1;0;0;0;0;0;0;0;0;1;0;0;0;0;0;14;22;0;0;0;0;0;0;0;1;0;0;0;0;0;0;0;0;0;0;0;0;1;1;1;1;1;1;1
1211;1;0;2;27;1;1;0;0;0;0;0;0;0;0;1;1;0;0;0;0;14;6;0;0;0;0;0;0;0;1;0;0;0;0;0;0;0;0;0;0;0;0;1;1;1;1;1;1;1
1212;4;0;3;137;0;0;0;0;4;0;8;4;0;9;1;0;1;0;0;0;12;22;95;0;1;0;0,375;0;0;1;0;0;0;0;1;0;0;0;0;0;0;0;1;-1;1;1;0;0;1
1213;4;0;4;72;0;0;0;0;1;0;0;0;0;10;1;0;1;0;0;0;13;52;0;0;0;0;0;0;0;0;0;0;0;0;1;0;0;0;0;0;1;0;1;0;1;1;1;1;1
1214;3;1;4;67;0;0;0;0;0;1;0;0;0;2;1;1;0;0;1;0;28;32;0;0;0;0;0,818181818;0,066666667;1;1;0;0;0;0;0;0;0;0;0;1;0;0;1;0;1;1;1;-1;1
1215;3;0;6;95;0;0;0;0;1;0;0;0;0;0;1;0;0;0;1;0;10;78;0;0;0;0;1;1;0;1;0;0;0;0;1;0;0;0;0;0;0;0;1;-1;-1;1;-1;-1;1
1216;3;0;4;114;1;0;0;0;0;0;1;0;0;15;1;0;0;0;1;0;13;42;51;0;1;0;0;0;0;1;0;0;0;0;0;0;0;0;0;0;0;0;1;-1;1;1;1;1;1
1217;3;1;5;77;0;0;0;0;0;0;0;0;0;4;1;1;0;0;1;0;18;52;0;0;0;1;1;1;0;1;0;1;0;0;1;0;0;0;0;1;0;0;1;-1;-1;0;-1;-1;1
1218;3;1;2;45;1;0;0;0;0;0;0;0;0;0;1;1;0;0;0;0;21;17;0;0;0;0;0,875;1;1;1;0;0;0;0;1;0;0;0;0;0;0;0;1;1;-1;1;-1;-1;1
1219;1;0;4;64;0;0;0;0;0;0;0;0;0;21;1;1;0;0;0;0;14;43;0;0;0;0;0;0;0;1;1;0;0;1;0;0;0;0;0;0;0;0;1;0;1;1;1;-1;1
1220;2;0;2;36;1;1;0;0;0;0;0;0;0;0;1;1;0;0;0;0;14;15;0;0;0;0;0;0;0;1;0;0;0;0;0;0;0;0;0;0;0;0;1;1;1;1;1;1;1
1221;4;1;5;74;1;0;0;0;0;0;0;0;0;0;1;1;0;0;0;0;27;40;0;0;0;0;1;1;1;1;1;0;0;0;1;0;0;0;0;1;0;0;1;0;-1;1;-1;-1;1
1222;3;1;3;47;0;0;0;0;0;0;0;0;0;0;1;0;0;0;0;0;19;21;0;0;0;0;0;1;0;1;1;0;0;1;1;0;0;0;0;0;0;0;1;1;-1;1;-1;-1;1
1223;2;0;5;199;0;0;0;0;3;0;3;2;0;54;1;1;0;0;1;0;14;81;96;0;1;0;0,040540541;0,965517241;1;1;0;1;0;0;0;0;0;0;0;0;0;0;1;-1;-1;0;-1;1;1
1224;1;0;4;64;0;0;0;0;0;0;0;0;0;23;1;1;0;0;0;0;14;43;0;0;0;0;0;0;0;1;1;0;0;1;0;0;0;0;0;0;0;0;1;0;1;1;1;-1;1
1225;4;0;5;75;0;0;0;0;0;0;0;0;0;0;1;0;0;0;1;0;19;49;0;0;0;0;0;0;0;1;0;0;0;0;0;0;0;0;0;0;0;0;1;0;1;1;1;1;1
1226;4;2;4;66;1;0;0;0;0;0;0;0;0;4;1;1;0;0;0;0;26;33;0;0;0;0;1;1;0;1;0;1;0;0;1;0;0;0;0;1;0;0;1;0;-1;0;-1;-1;1
1227;3;1;5;74;1;0;0;0;0;0;0;0;0;0;1;1;0;0;1;0;21;46;0;0;0;0;1;1;0;1;0;0;0;0;1;0;0;0;0;0;0;0;1;0;-1;1;-1;-1;1
1228;2;0;2;43;0;0;0;0;0;0;0;0;0;1;1;0;0;0;0;0;21;15;0;0;0;0;1;1;0;1;0;0;0;0;1;0;0;0;0;0;0;0;1;1;-1;1;-1;-1;1
1229;2;0;3;39;0;0;0;0;0;0;0;0;0;0;1;1;0;0;1;0;10;22;0;0;0;0;0;1;0;1;1;0;0;1;1;0;0;0;0;0;0;0;1;1;-1;1;-1;-1;1
1230;3;0;3;41;0;0;0;0;0;0;0;0;0;0;1;0;0;0;0;0;14;20;0;0;0;0;0;0,153846154;0;1;0;0;0;0;0;0;0;0;0;0;0;0;1;1;1;1;1;1;1
1231;5;1;4;72;0;0;0;0;0;0;0;0;0;3;1;1;0;0;1;0;22;43;0;0;0;1;0,875;0,133333333;0;1;0;0;0;0,0625;1;0;1;0;0;0;0;0;1;0;0;1;1;-1;1
1232;2;0;3;46;2;1;0;0;0;0;0;0;0;0;1;0;0;0;0;0;16;23;0;0;0;0;0;0,2;1;1;0;0;0;1;0;0;0;0;0;0;0;0;1;1;1;1;0;-1;1
1233;2;0;4;53;0;0;0;0;0;0;0;0;0;1;1;0;0;0;1;0;8;38;0;0;0;1;1;1;0;1;0;0;0;0;1;0;0;0;0;0;0;0;1;1;-1;1;-1;-1;1
1234;1;0;6;76;0;0;0;0;0;0;0;0;0;21;1;1;0;0;1;0;11;58;0;0;0;0;0;0;0;1;0;0;0;1;0;0;0;0;0;0;0;0;1;-1;1;1;1;-1;1
1235;4;1;4;65;0;0;0;0;0;0;0;0;0;0;1;1;0;0;0;0;29;29;0;0;0;0;0;0;0;1;0;0;0;0;0;0;0;0;0;0;0;0;1;0;1;1;1;1;1
1236;2;0;3;50;0;0;0;0;0;0;0;0;0;0;1;0;0;0;1;0;20;23;0;0;0;0;0;0,785714286;0;1;0;0;0;1;1;0;0;0;0;1;0;0;1;1;-1;1;1;-1;1
1237;3;1;5;72;0;0;0;0;0;0;1;0;0;4;1;1;0;0;1;0;16;41;7;0;0;0;0;1;0;1;1;0;0;0;1;0;0;0;0;0;0;0;1;0;-1;1;-1;1;1
1238;2;0;5;60;0;0;0;0;0;0;0;0;0;4;1;1;0;0;1;0;12;41;0;0;0;0;0;1;0;1;1;0;0;1;1;0;0;0;0;0;0;0;1;0;-1;1;-1;-1;1
1239;3;1;5;64;0;0;0;0;0;0;0;0;0;4;1;1;0;0;1;0;16;41;0;0;0;0;0;1;0;1;1;0;0;1;1;0;0;0;0;0;0;0;1;0;-1;1;-1;-1;1
1240;3;0;4;56;1;0;0;0;0;0;0;0;0;0;1;0;0;0;1;0;23;26;0;0;0;0;1;1;0;1;0;0;0;0;1;0;0;0;0;0;0;0;1;0;-1;1;-1;-1;1
1241;3;1;4;46;0;0;0;0;0;0;0;0;0;0;1;0;0;0;1;0;12;27;0;0;2;0;0,785714286;0,058823529;0;1;0;0;0;0;0;0;0;0;0;0;0;0;1;1;1;1;0;-1;1
1242;4;1;6;97;1;0;0;0;0;0;0;0;0;6;1;1;0;0;0;0;29;44;16;0;1;0;0,375;0;0;1;0;0;0;0;0;0;0;0;0;0;0;0;1;-1;1;1;0;0;1
1243;3;1;3;53;0;0;0;0;0;0;0;0;0;4;1;1;0;0;0;0;25;21;0;0;0;0;0;0;0;1;0;0;0;1;0;0;0;0;0;0;0;1;1;1;1;1;1;-1;1
1244;2;0;5;66;0;0;0;0;0;0;0;0;0;0;1;0;0;0;1;0;19;40;0;0;0;0;0;0;0;1;0;0;0;0;0;0;0;0;0;0;0;0;1;0;1;1;1;1;1
1245;2;0;2;36;0;0;0;0;0;0;0;0;0;0;1;0;0;0;0;0;11;18;0;0;0;0;0;0;0;1;0;0;0;0;0;0;0;0;0;0;0;0;1;1;1;1;1;1;1
1246;1;0;3;34;0;0;0;0;0;0;0;0;0;0;1;0;0;0;1;0;18;9;0;0;0;0;0;0,785714286;0;1;0;0;0;1;1;0;0;0;0;1;0;0;1;1;-1;1;1;-1;1
1247;3;0;4;61;0;0;0;0;0;0;0;0;0;0;1;1;0;0;0;0;25;29;0;0;0;0;0;0;0;1;0;0;0;0;0;0;0;0;0;0;0;0;1;0;1;1;1;1;1
1248;2;0;3;122;0;0;0;0;0;0;2;1;0;45;1;1;0;0;0;0;12;45;57;0;0;0;0,375;0,714285714;0;1;0;0;0;0;1;0;0;0;0;0;0;0;1;-1;-1;1;0;0;1
1249;3;1;5;73;0;0;0;0;0;0;0;0;0;0;1;0;0;0;0;0;20;46;0;0;1;0;0,714285714;0,03125;1;1;1;0;1;0,114285714;0;0;0;0;0;1;0;0;1;0;1;-1;1;-1;1
1250;2;0;3;43;0;0;0;0;0;0;0;0;0;0;1;0;0;0;0;0;14;22;0;0;0;0;1;0;0;1;0;0;0;0;0;0;0;0;0;0;0;0;1;1;1;1;1;-1;1
1251;2;0;3;46;0;0;0;0;0;0;0;0;0;0;1;0;0;0;0;0;14;25;0;0;0;0;1;0;0;1;0;0;0;0;0;0;0;0;0;0;0;0;1;1;1;1;1;-1;1
1252;2;0;3;153;0;0;0;0;0;0;4;3;0;40;1;1;0;0;0;0;19;44;82;0;0;0;0;0,625;0;1;0;0;0;0;0;0;0;0;0;0;0;0;1;-1;-1;1;0;1;1
1253;2;0;3;153;0;0;0;0;0;0;4;3;0;39;1;1;0;0;0;0;19;44;82;0;0;0;0;0,625;0;1;0;0;0;0;0;0;0;0;0;0;0;0;1;-1;-1;1;0;1;1
1254;14;0;3;242;0;0;0;0;0;0;6;12;1;74;1;0;0;0;0;0;15;20;174;0;0;0;0;0,642857143;1;1;0;0;0;0;0;0;0;0;0;0;0;0;1;-1;-1;1;0;1;1
1255;2;0;4;58;1;0;0;0;0;1;0;0;0;2;1;1;0;0;0;0;17;34;0;0;0;0;0;1;0;1;0;1;0;0;1;0;0;0;0;0;0;0;1;0;-1;0;-1;1;1
1256;3;1;2;43;1;0;0;0;0;0;0;0;0;0;1;1;0;0;1;0;17;19;0;0;0;0;1;0,5;0;1;1;0;1;0;1;0;0;0;0;0;0;0;1;1;-1;-1;1;-1;1
1257;2;0;2;33;0;0;0;0;0;0;0;0;0;0;1;0;0;0;0;0;13;13;0;0;0;0;0,954545455;1;0;1;0;1;0;0;1;0;0;0;0;0;0;0;1;1;-1;0;-1;-1;1
1258;2;0;2;47;0;0;0;0;0;0;0;0;0;0;1;1;0;0;0;0;24;16;0;0;0;0;0,923076923;1;0;1;0;0;0;0;1;0;0;0;0;0;0;0;1;1;1;1;-1;-1;1
1259;3;1;5;67;0;0;0;0;0;0;1;0;0;0;1;0;0;0;1;0;16;36;7;0;0;0;0;1;0;1;1;0;0;0;1;0;0;0;0;0;0;0;1;0;-1;1;-1;1;1
1260;4;1;6;99;0;0;0;0;1;0;0;0;0;0;1;0;0;0;1;0;14;78;0;0;0;0;1;1;0;1;0;0;0;0;1;0;0;0;0;0;0;0;1;-1;-1;1;-1;-1;1
1261;2;0;1;31;0;0;0;0;0;0;0;0;0;0;1;1;0;0;1;0;13;11;0;0;0;1;0,818181818;1;0;1;0;0;0;0;1;0;0;0;0;1;0;0;1;1;-1;1;-1;-1;1
1262;2;0;5;55;0;0;0;0;0;0;0;0;0;0;1;0;0;0;1;0;12;36;0;0;0;0;0;1;0;1;1;0;0;1;1;0;0;0;0;0;0;0;1;0;-1;1;-1;-1;1
1263;2;0;4;52;1;1;0;0;0;0;0;0;0;0;1;1;0;0;0;0;18;27;0;0;0;0;0;0;0;1;0;0;0;0;0;0;0;0;0;0;0;0;1;1;1;1;1;1;1
1264;4;0;2;52;0;0;0;0;0;0;0;0;0;0;1;1;0;0;0;0;25;20;0;0;1;0;0;1;0;1;0;0;0;0;1;0;0;0;0;0;0;0;1;1;-1;1;-1;1;1
1265;2;0;4;55;1;0;0;0;0;0;0;0;0;0;1;0;0;0;0;0;17;31;0;0;0;0;0;0,153846154;0;1;0;0;0;0;0;0;0;0;0;0;0;0;1;0;1;1;1;1;1
1266;13;1;11;76;1;0;0;1;0;0;0;0;0;0;1;0;0;0;1;0;14;55;0;0;0;0;0,974358974;0,009174312;0;1;0;0;0;0;0;0;0;0;0;0;0;0;1;-1;1;1;1;-1;1
1267;2;0;3;42;0;0;0;0;0;0;0;0;0;0;1;1;0;0;0;0;14;21;0;0;0;0;0;1;0;1;1;0;0;1;1;0;0;0;0;0;0;0;1;1;-1;1;-1;-1;1
1268;2;0;4;73;1;0;0;0;0;0;0;0;0;16;1;1;0;0;0;0;13;53;0;0;0;1;1;1;0;1;0;0;0;0;1;0;0;0;0;1;0;0;1;0;-1;1;-1;-1;1
1269;2;0;4;73;1;0;0;0;0;0;0;0;0;23;1;1;0;0;0;0;13;53;0;0;0;1;1;1;0;1;0;0;0;0;1;0;0;0;0;1;0;0;1;0;-1;1;-1;-1;1
1270;2;0;5;60;0;0;0;0;1;0;0;0;0;0;1;1;0;0;1;0;10;43;0;0;0;1;1;1;0;1;0;0;0;0;1;0;0;0;0;0;0;0;1;0;-1;1;-1;-1;1
1271;3;1;3;52;0;0;0;0;0;0;0;0;0;0;1;0;0;0;0;0;24;21;0;0;0;0;0;1;0;1;1;0;0;1;1;0;0;0;0;0;0;0;1;1;-1;1;-1;-1;1
1272;1;0;4;64;0;0;0;0;0;0;0;0;0;21;1;1;0;0;0;0;14;43;0;0;0;0;0;0;0;1;1;0;0;1;0;0;0;0;0;0;0;0;1;0;1;1;1;-1;1
1273;1;0;4;79;1;0;0;0;0;0;0;0;0;27;1;1;0;0;0;0;13;59;0;0;0;0;0;0;0;1;0;0;0;0;0;0;0;0;0;0;0;0;1;-1;1;1;1;1;1
1274;6;1;5;83;0;0;0;0;1;0;0;0;0;0;1;1;0;0;1;0;19;57;0;0;1;0;1;0;0;1;0;0;0;0;0;0;0;0;0;0;0;0;1;-1;1;1;1;-1;1
1275;2;0;4;56;0;0;0;0;0;0;0;0;0;0;1;0;0;0;1;0;25;24;0;0;0;0;0;0;0;1;0;0;0;0;0;0;0;0;0;0;0;0;1;0;1;1;1;1;1
1276;12;1;11;76;1;0;0;1;0;0;0;0;0;0;1;0;0;0;1;0;14;55;0;0;0;0;0,974358974;0,009174312;0;1;0;0;0;0;0;0;0;0;0;0;0;0;1;-1;1;1;1;-1;1
1277;6;4;4;125;4;2;0;0;0;0;0;0;0;18;1;1;0;0;0;0;42;43;32;0;2;0;0;0,035714286;1;1;0;0;0;0;0;0;0;0;0;1;0;0;-1;-1;1;1;1;1;1
1278;5;0;4;57;0;0;0;0;0;0;0;0;0;3;1;1;0;0;1;0;9;41;0;0;1;1;1;0;0;1;0;0;0;0;1;0;0;0;0;0;0;0;1;0;1;1;1;-1;1
1279;1;0;2;39;0;0;0;0;0;0;0;0;0;0;1;0;0;0;0;0;17;15;0;0;0;0;0;0,285714286;0;1;0;0;0;0;0;0;0;0;0;0;0;0;1;1;1;1;-1;1;1
1280;2;0;3;55;0;0;0;0;0;0;0;0;0;0;1;0;0;0;0;0;21;27;0;0;0;0;0;1;0;1;1;0;0;1;1;0;0;0;0;0;0;0;1;0;-1;1;-1;-1;1
1281;1;0;3;34;0;0;0;0;0;0;0;0;0;0;1;1;0;0;1;0;17;10;0;0;0;0;1;0,142857143;1;1;0;0;0;0;0;0;0;0;0;1;0;0;1;1;1;1;0;-1;1
1282;3;1;1;34;0;0;0;0;0;0;0;0;0;0;1;0;0;0;0;0;17;10;0;0;0;0;0,011235955;0,039215686;0;1;0;0;0;0;0;0;0;0;1;0;0;0;1;1;1;1;0;1;1
1283;4;0;3;89;0;0;0;0;1;0;2;3;0;29;1;0;1;0;0;0;12;22;47;0;0;0;0,375;0;0;1;0;0;0;0;1;0;0;0;0;0;0;0;1;-1;1;1;0;0;1
1284;4;0;3;192;0;0;0;0;3;0;13;10;0;49;1;0;1;0;0;0;12;22;150;0;1;0;0,375;0;0;1;0;0;0;0;1;0;0;0;0;0;0;0;1;-1;1;1;0;0;1
1285;4;0;3;134;0;0;0;0;2;0;6;4;0;40;1;0;1;0;0;0;12;22;92;0;1;0;0,375;0;0;1;0;0;0;0;1;0;0;0;0;0;0;0;1;-1;1;1;0;0;1
1286;11;0;3;161;2;0;0;0;0;0;8;4;0;18;1;1;0;0;1;0;14;33;106;0;0;1;0,636363636;1;0;1;1;0;1;0;1;0;0;0;0;0;0;0;1;-1;1;-1;-1;0;1
1287;3;0;4;56;2;1;0;0;0;0;0;0;0;0;1;0;0;0;0;0;14;35;0;0;0;0;0;0;0;1;0;0;0;0;0;0;0;0;0;0;0;0;1;0;1;1;1;1;1
1288;2;0;1;39;1;1;0;0;1;0;0;0;0;2;1;1;0;0;0;0;18;14;0;0;1;0;1;1;0;1;0;0;0;0;1;0;0;0;0;0;0;0;1;1;-1;1;-1;-1;1
1289;2;0;4;54;0;0;0;0;0;0;0;0;0;0;1;0;0;0;0;0;19;28;0;0;0;0;0;0;0;1;0;0;0;0;0;0;0;0;0;0;0;0;1;0;1;1;1;1;1
1290;1;0;3;43;0;0;0;0;0;0;0;0;0;0;1;0;0;0;1;0;23;13;0;0;0;0;0;0,785714286;0;1;0;0;0;1;1;0;0;0;0;1;0;0;1;1;-1;1;1;-1;1
1291;2;0;3;45;0;0;0;0;0;0;0;0;0;0;1;0;0;0;0;0;18;20;0;0;0;0;0;0,785714286;0;1;0;0;0;1;1;0;0;0;0;1;0;0;1;1;-1;1;1;-1;1
1292;2;1;5;51;1;0;0;0;0;0;0;0;0;4;1;1;0;0;0;0;19;25;0;0;0;0;1;0,142857143;1;1;0;0;0;0;0;0;0;0;0;1;0;0;1;1;1;1;0;-1;1
1293;3;1;3;39;0;0;0;0;0;0;0;0;0;0;1;1;0;0;0;0;12;20;0;0;0;0;0;0;0;1;0;0;0;0;0;0;0;0;0;0;0;0;1;1;1;1;1;1;1
1294;4;2;4;67;1;0;0;0;0;0;0;0;0;4;1;1;0;0;0;0;26;34;0;0;0;0;1;1;0;1;0;1;0;0;1;0;0;0;0;1;0;0;1;0;-1;0;-1;-1;1
1295;1;0;5;56;1;0;0;0;1;0;0;0;0;0;1;0;0;0;1;0;11;38;0;0;0;0;1;1;0;1;0;0;0;0;1;0;0;0;0;0;0;0;1;0;-1;1;-1;-1;1
1296;4;0;3;51;0;0;0;0;1;0;1;1;0;9;1;0;1;0;0;0;12;22;9;0;0;0;0,375;0;0;1;0;0;0;0;1;0;0;0;0;0;0;0;1;1;1;1;0;0;1
1297;5;0;5;100;0;0;0;0;0;0;2;0;0;12;1;0;0;0;1;0;16;40;36;0;0;0;0;0,615384615;1;1;0;0;0;0;0;0;0;0;0;0;0;0;1;-1;-1;1;0;1;1
1298;2;0;5;54;0;0;0;0;0;0;0;0;0;0;1;0;0;0;1;0;16;31;0;0;0;0;0;0,615384615;1;1;0;0;0;1;0;0;0;0;0;0;0;0;1;0;-1;1;0;-1;1
1299;2;1;5;50;0;0;0;0;0;0;0;0;0;0;1;1;0;0;0;0;18;25;0;0;0;0;0,976958525;1;0;1;0;1;0;0;1;0;0;0;0;0;0;0;1;1;-1;0;-1;-1;1
1300;4;0;3;149;0;0;0;0;5;0;10;4;0;9;1;0;1;0;0;0;12;22;107;0;1;0;0,375;0;0;1;0;0;0;0;1;0;0;0;0;0;0;0;1;-1;1;1;0;0;1
1301;2;0;5;66;1;0;0;0;1;0;0;0;0;0;1;0;0;0;1;0;11;48;0;0;0;0;1;1;0;1;0;0;0;0;1;0;0;0;0;0;0;0;1;0;-1;1;-1;-1;1
1302;3;0;4;49;0;0;0;0;0;0;0;0;0;0;1;0;0;0;0;0;15;27;0;0;0;0;0;1;0;1;1;0;0;1;1;0;0;0;0;0;0;0;1;1;-1;1;-1;-1;1
1303;1;0;4;49;0;0;0;0;0;0;0;0;0;0;1;1;0;0;0;0;11;31;0;0;0;0;0,923076923;1;0;1;0;0;0;0;1;0;0;0;0;0;0;0;1;1;1;1;-1;-1;1
1304;3;0;5;50;0;0;0;1;0;0;0;0;0;9;1;0;1;0;1;0;12;31;0;0;0;0;0;0,785714286;0;1;0;0;0;1;1;0;0;0;0;1;0;0;1;1;-1;1;1;-1;1
1305;3;1;4;53;0;0;0;0;0;0;0;0;0;2;1;0;0;0;0;0;16;30;0;0;0;0;1;1;0;1;0;0;0;0;1;0;0;0;0;1;1;0;1;1;-1;1;1;-1;1
1306;3;0;3;51;1;0;0;0;0;0;0;0;0;0;1;0;0;0;0;0;21;23;0;0;0;0;1;1;0;1;0;0;0;0;1;0;0;0;0;0;0;0;1;1;-1;1;-1;-1;1
1307;4;1;4;48;0;0;0;0;0;0;0;0;0;0;1;1;0;0;1;0;15;26;0;0;0;0;0;1;0;1;1;0;0;1;1;0;0;0;0;0;0;0;1;1;-1;1;-1;-1;1
1308;2;0;3;45;0;0;0;0;0;0;0;0;0;0;1;0;0;0;0;0;16;22;0;0;0;0;1;0,083333333;1;1;1;0;1;0;1;0;0;0;0;0;0;0;1;1;1;-1;1;-1;1
1309;3;0;3;49;0;0;0;0;0;0;0;0;0;0;1;0;0;0;1;0;16;26;0;0;0;1;1;0,083333333;1;1;1;0;1;0;1;0;0;0;0;0;0;0;1;1;1;-1;1;-1;1
1310;3;1;1;38;0;0;0;0;0;0;0;0;0;0;1;1;0;0;0;0;21;10;0;0;0;0;0;1;0;1;0;1;0;1;1;0;0;0;0;0;0;0;1;1;-1;0;-1;-1;1
1311;4;2;4;62;1;0;0;0;0;0;0;0;0;4;1;1;0;0;0;0;26;29;0;0;0;0;1;1;0;1;0;1;0;0;1;0;0;0;0;1;0;0;1;0;-1;0;-1;-1;1
1312;2;0;5;66;0;0;0;0;0;0;0;0;0;0;1;0;0;0;1;0;19;40;0;0;0;0;0;0;0;1;0;0;0;0;0;0;0;0;0;0;0;0;1;0;1;1;1;1;1
1313;3;1;5;72;0;0;0;0;0;0;0;0;0;0;1;0;0;0;1;0;23;42;0;0;0;0;0;0;0;1;0;0;0;0;0;0;0;0;0;0;0;0;1;0;1;1;1;1;1
1314;3;0;4;70;1;0;0;0;0;0;0;0;0;4;1;1;0;0;0;0;24;39;0;0;0;0;0;0;0;1;1;0;0;1;0;0;0;0;0;0;0;0;1;0;1;1;1;-1;1
1315;3;1;2;37;0;0;0;0;0;0;0;0;0;0;1;0;0;0;1;0;16;14;0;0;0;0;0;0,785714286;0;1;0;0;0;1;1;0;0;0;0;1;0;0;1;1;-1;1;1;-1;1
1316;4;2;4;63;1;0;0;0;0;0;0;0;0;4;1;1;0;0;0;0;26;30;0;0;0;0;1;1;0;1;0;1;0;0;1;0;0;0;0;1;0;0;1;0;-1;0;-1;-1;1
1317;2;0;3;52;0;0;0;0;0;0;0;0;0;0;1;0;0;0;1;0;23;22;0;0;0;0;0;0,785714286;0;1;0;0;0;1;1;0;0;0;0;1;0;0;1;1;-1;1;1;-1;1
1318;2;1;4;53;0;0;0;0;0;0;0;0;0;0;1;1;0;0;0;0;15;31;0;0;0;0;0,923076923;1;0;1;0;0;0;0;1;0;0;0;0;0;0;0;1;1;1;1;-1;-1;1
1319;2;0;3;49;0;0;0;0;0;0;0;0;0;0;1;0;0;0;1;0;20;22;0;0;0;0;0;0,785714286;0;1;0;0;0;1;1;0;0;0;0;1;0;0;1;1;-1;1;1;-1;1
1320;4;2;4;64;1;0;0;0;0;0;0;0;0;4;1;1;0;0;0;0;26;31;0;0;0;0;1;1;0;1;0;1;0;0;1;0;0;0;0;1;0;0;1;0;-1;0;-1;-1;1
1321;3;1;2;47;0;0;0;0;0;0;0;0;0;0;1;0;0;0;0;0;16;24;0;0;0;0;0;1;0;1;1;0;0;1;1;0;0;0;0;0;0;0;1;1;-1;1;-1;-1;1
1322;3;0;5;56;0;0;0;0;0;0;0;0;0;0;1;0;0;0;1;0;15;34;0;0;0;0;0;1;0;1;1;0;0;1;1;0;0;0;0;0;0;0;1;0;-1;1;-1;-1;1
1323;2;0;4;59;0;0;0;0;0;0;0;0;0;0;1;1;0;0;0;0;12;40;0;0;0;0;0;0,785714286;0;1;0;0;0;1;1;0;0;0;0;1;0;0;1;0;-1;1;1;-1;1
1324;4;1;6;67;0;0;0;0;0;0;0;0;0;0;1;0;0;0;0;0;16;44;0;0;1;0;0;0,285714286;0;1;0;0;0;0;0;0;0;0;0;0;0;0;1;0;1;1;-1;1;1
1325;3;1;3;59;0;0;0;0;0;0;0;0;0;0;1;0;0;0;1;0;28;24;0;0;0;0;1;0,076923077;0;1;1;0;0;0;0;0;0;0;0;0;0;0;1;0;1;1;0;-1;1
1326;2;0;2;47;0;0;0;0;0;0;0;0;0;4;1;1;0;0;0;0;19;21;0;0;0;0;0;0;0;1;1;0;0;1;0;0;0;0;0;0;0;0;1;1;1;1;1;-1;1
1327;1;0;5;57;1;0;0;0;1;0;0;0;0;0;1;0;0;0;1;0;11;39;0;0;0;0;1;1;0;1;0;0;0;0;1;0;0;0;0;0;0;0;1;0;-1;1;-1;-1;1
1328;2;0;4;49;1;0;0;0;0;0;0;0;0;1;1;0;0;0;0;0;26;16;0;0;0;0;0,933333333;1;0;1;0;0;0;0;1;0;0;0;0;0;0;0;1;1;1;1;-1;-1;1
1329;1;0;5;56;1;0;0;0;1;0;0;0;0;0;1;0;0;0;1;0;11;38;0;0;0;0;1;1;0;1;0;0;0;0;1;0;0;0;0;0;0;0;1;0;-1;1;-1;-1;1
1330;2;0;3;43;0;0;0;0;0;0;0;0;0;2;1;0;0;0;1;0;19;17;0;0;0;0;0;0,785714286;0;1;0;0;0;1;1;0;0;0;0;1;0;0;1;1;-1;1;1;-1;1
1331;4;0;3;164;0;0;0;0;0;0;3;2;0;35;1;1;0;0;0;0;10;52;94;0;2;0;1;0,076923077;0;1;0;0;0;0;0;0;0;0;0;0;0;0;1;-1;1;1;0;-1;1
1332;1;0;4;79;1;0;0;0;0;0;0;0;0;23;1;1;0;0;0;0;13;59;0;0;0;0;0;0;0;1;0;0;0;0;0;0;0;0;0;0;0;0;1;-1;1;1;1;1;1
1333;1;0;4;79;1;0;0;0;0;0;0;0;0;30;1;1;0;0;0;0;13;59;0;0;0;0;0;0;0;1;0;0;0;0;0;0;0;0;0;0;0;0;1;-1;1;1;1;1;1
1334;2;0;4;160;4;0;0;0;0;0;0;0;0;3;1;1;0;0;0;0;14;139;0;0;0;0;0;0;0;1;1;0;0;0;0;0;0;0;0;0;0;0;1;-1;1;1;1;1;1
1335;2;0;4;73;1;0;0;0;0;0;0;0;0;21;1;1;0;0;0;0;13;53;0;0;0;1;1;1;0;1;0;0;0;0;1;0;0;0;0;1;0;0;1;0;-1;1;-1;-1;1
1336;2;0;5;70;1;0;0;0;0;0;0;0;0;0;1;0;0;0;0;0;23;40;0;0;1;0;1;0,75;1;1;0;0;0;0;1;0;0;0;0;0;0;0;1;0;0;1;-1;-1;1
1337;2;1;5;84;0;0;0;0;0;0;0;0;0;22;1;1;0;0;1;0;28;49;0;0;0;0;0;0;0;1;0;0;0;1;0;0;0;0;0;0;0;0;1;-1;1;1;1;-1;1
1338;2;1;4;61;0;0;0;0;0;0;0;0;0;10;1;1;0;0;0;0;29;25;0;0;0;0;0;0,785714286;0;1;0;0;0;1;1;0;0;0;0;1;0;0;1;0;-1;1;1;-1;1
1339;3;1;4;63;0;0;0;0;0;0;0;0;0;0;1;1;0;0;0;0;15;41;0;0;0;0;0,923076923;1;0;1;0;0;0;0;1;0;0;0;0;0;0;0;1;0;1;1;-1;-1;1
1340;3;0;3;51;1;0;0;0;0;0;0;0;0;0;1;0;0;0;1;0;21;23;0;0;0;0;1;1;0;1;0;0;0;0;1;0;0;0;0;0;0;0;1;1;-1;1;-1;-1;1
1341;2;0;5;123;2;0;0;0;1;0;0;0;0;2;1;1;0;0;0;0;11;105;0;0;1;0;0;0;0;1;1;0;0;0;0;0;0;0;0;0;0;0;1;-1;1;1;1;1;1
1342;3;0;5;87;2;0;0;0;1;0;0;0;0;2;1;1;0;0;0;0;11;69;0;0;1;0;0;0;0;1;1;0;0;0;0;0;0;0;0;0;0;0;1;-1;1;1;1;1;1
1343;2;0;5;154;2;0;0;0;1;0;0;0;0;4;1;1;0;0;0;0;11;136;0;0;1;0;0;0;0;1;1;0;0;0;0;0;0;0;0;0;0;0;1;-1;1;1;1;1;1
1344;3;1;5;70;1;0;0;0;1;0;0;0;0;0;1;0;0;0;1;0;15;48;0;0;0;0;1;1;0;1;0;0;0;0;1;0;0;0;0;0;0;0;1;0;-1;1;-1;-1;1
1345;2;0;6;65;1;1;0;0;0;0;0;0;0;0;1;1;0;0;1;0;12;46;0;0;0;0;0,9;1;1;1;0;0;0;0,1;1;0;0;0;0;1;0;0;1;0;-1;1;-1;-1;1
1346;2;1;5;61;1;0;0;0;1;0;0;0;0;0;1;0;0;0;1;0;15;39;0;0;0;0;1;1;0;1;0;0;0;0;1;0;0;0;0;0;0;0;1;0;-1;1;-1;-1;1
1347;3;0;2;33;0;0;0;0;0;0;0;0;0;0;1;0;0;0;0;0;11;15;0;0;0;0;1;1;0;1;0;0;0;0;1;0;0;0;0;0;0;0;1;1;-1;1;-1;-1;1
1348;2;0;4;48;1;0;0;0;0;0;0;0;0;0;1;0;0;0;0;0;9;32;0;0;0;0;0;0;0;1;0;0;0;0;0;0;0;0;0;0;0;0;1;1;1;1;1;1;1
1349;2;0;4;73;1;0;0;0;0;0;0;0;0;24;1;1;0;0;0;0;13;53;0;0;0;1;1;1;0;1;0;0;0;0;1;0;0;0;0;1;0;0;1;0;-1;1;-1;-1;1
1350;3;1;5;71;1;0;0;0;1;0;0;0;0;0;1;0;0;0;1;0;15;49;0;0;0;0;1;1;0;1;0;0;0;0;1;0;0;0;0;0;0;0;1;0;-1;1;-1;-1;1
1351;2;1;5;60;1;0;0;0;1;0;0;0;0;0;1;0;0;0;1;0;15;38;0;0;0;0;1;1;0;1;0;0;0;0;1;0;0;0;0;0;0;0;1;0;-1;1;-1;-1;1
1352;3;1;2;36;0;0;0;0;0;0;0;0;0;0;1;0;0;0;0;0;16;13;0;0;0;0;0;0;0;1;0;0;0;0;0;0;0;0;0;0;1;0;1;1;1;1;1;1;1
1353;4;0;5;97;0;0;0;0;0;0;1;0;0;12;1;0;0;0;1;0;16;40;33;0;0;0;0;0,615384615;1;1;0;0;0;0;0;0;0;0;0;0;0;0;1;-1;-1;1;0;1;1
1354;2;0;3;69;0;0;0;0;0;0;0;0;0;20;1;1;0;0;0;0;10;52;0;0;0;0;1;0,076923077;0;1;0;0;0;0;0;0;0;0;0;0;0;0;1;0;1;1;0;-1;1
1355;3;0;2;49;1;0;0;0;0;0;0;0;0;0;1;0;0;0;1;0;20;22;0;0;0;0;0;0,071428571;1;1;0;0;0;0;0;0;0;0;0;0;0;0;1;1;1;1;1;1;1
1356;3;0;3;41;0;0;0;0;0;0;0;0;0;0;1;1;0;0;0;0;12;22;0;0;0;0;0,75;0;0;1;0;1;0;0,25;0;0;0;0;0;0;0;0;1;1;1;0;1;-1;1
1357;1;0;4;48;0;0;0;0;0;0;0;0;0;0;1;0;0;0;1;0;11;30;0;0;0;1;0,923076923;1;0;1;0;0;0;0;1;0;0;0;0;0;0;0;1;1;1;1;-1;-1;1
1358;1;0;6;58;1;0;0;0;0;0;0;0;0;0;1;1;0;0;1;0;15;36;0;0;0;0;0;0;0;1;1;0;0;1;0;0;0;0;0;0;0;0;1;0;1;1;1;-1;1
1359;1;0;6;59;1;0;0;0;0;0;0;0;0;0;1;1;0;0;1;0;15;37;0;0;0;0;0;0;0;1;1;0;0;1;0;0;0;0;0;0;0;0;1;0;1;1;1;-1;1
1360;1;0;7;86;3;0;0;0;0;0;0;0;0;0;1;1;0;0;1;0;16;63;0;0;0;0;0;0,5;1;1;0;0;0;1;0;0;0;0;0;0;0;0;1;-1;1;1;0;-1;1
1361;3;1;3;49;0;0;0;0;0;0;0;0;0;0;1;0;0;0;0;0;20;22;0;0;0;0;1;0,083333333;1;1;1;0;1;0;1;0;0;0;0;0;0;0;1;1;1;-1;1;-1;1
1362;1;0;4;43;0;0;0;0;0;0;0;0;0;0;1;0;0;0;1;0;6;30;0;0;0;1;0,923076923;1;0;1;0;0;0;0;1;0;0;0;0;0;0;0;1;1;1;1;-1;-1;1
1363;1;0;3;42;0;0;0;0;0;0;0;0;0;0;1;0;0;0;1;0;6;29;0;0;0;1;0,923076923;1;0;1;0;0;0;0;1;0;0;0;0;0;0;0;1;1;1;1;-1;-1;1
1364;4;0;3;142;0;0;0;0;2;0;3;2;0;45;1;0;1;0;0;0;12;22;100;0;1;0;0,375;0;0;1;0;0;0;0;1;0;0;0;0;0;0;0;1;-1;1;1;0;0;1
1365;2;0;7;96;3;0;0;0;0;0;0;0;0;0;1;1;0;0;1;0;16;73;0;0;0;0;0;0,5;1;1;0;0;0;1;0;0;0;0;0;0;0;0;1;-1;1;1;0;-1;1
1366;3;1;2;50;1;1;0;0;0;0;0;0;0;1;1;1;0;0;0;0;25;18;0;0;0;0;0;0,333333333;0;1;0;0;0;0;0;0;0;0;0;0;0;0;1;1;-1;1;1;1;1
1367;4;1;2;43;1;1;0;0;0;0;0;0;0;0;1;0;0;0;1;0;21;15;0;0;0;0;1;1;0;1;0;0;0;0;1;0;0;0;0;0;0;0;1;1;-1;1;-1;-1;1
1368;4;0;3;55;0;0;0;0;1;0;1;1;0;10;1;0;1;0;0;0;12;22;13;0;0;0;0,375;0;0;1;0;0;0;0;1;0;0;0;0;0;0;0;1;0;1;1;0;0;1
1369;2;1;6;63;1;0;0;0;0;0;0;0;0;0;1;1;0;0;1;0;19;37;0;0;0;0;0;0;0;1;1;0;0;1;0;0;0;0;0;0;0;0;1;0;1;1;1;-1;1
1370;2;1;7;70;1;0;0;0;0;0;0;0;0;0;1;1;0;0;1;0;19;44;0;0;0;0;0;0;0;1;1;0;0;1;0;0;0;0;0;0;0;0;1;0;1;1;1;-1;1
1371;2;1;6;62;1;0;0;0;0;0;0;0;0;0;1;1;0;0;1;0;19;36;0;0;0;0;0;0;0;1;1;0;0;1;0;0;0;0;0;0;0;0;1;0;1;1;1;-1;1
1372;3;1;4;60;1;0;0;0;0;0;0;0;0;0;1;0;0;0;0;0;18;35;0;0;0;0;1;1;1;1;0;0;0;0;1;0;0;0;0;0;0;0;1;0;-1;1;-1;-1;1
1373;3;1;2;42;0;0;0;0;0;0;0;0;0;1;1;0;0;0;0;0;17;18;0;0;0;0;0;0;0;1;0;0;0;0;1;0;0;0;0;0;0;0;1;1;1;1;1;1;1
1374;1;0;2;28;1;0;0;0;0;0;0;0;0;0;1;0;0;0;0;0;9;12;0;0;0;0;0;0,153846154;0;1;0;0;0;0;0;0;0;0;0;0;0;0;1;1;1;1;1;1;1
1375;4;0;5;57;0;0;0;1;0;0;0;0;0;9;1;0;1;0;0;0;12;38;0;0;0;0;0;0,785714286;0;1;0;0;0;1;1;0;0;0;0;1;0;0;1;0;-1;1;1;-1;1
1376;3;0;5;48;0;0;0;1;0;0;0;0;0;9;1;0;1;0;0;0;12;29;0;0;0;0;0;0,785714286;0;1;0;0;0;1;1;0;0;0;0;1;0;0;1;1;-1;1;1;-1;1
1377;4;0;5;59;0;0;0;1;0;0;0;0;0;9;1;0;1;0;1;0;12;40;0;0;0;0;0;0,785714286;0;1;0;0;0;1;1;0;0;0;0;1;0;0;1;0;-1;1;1;-1;1
1378;3;1;3;67;0;0;0;0;0;0;0;0;0;8;1;1;0;0;0;0;31;29;0;0;0;0;0;0;0;1;1;0;0;1;0;0;0;0;0;0;0;0;1;0;1;1;1;-1;1
1379;3;0;3;47;0;0;0;0;0;0;0;0;0;0;1;0;0;0;1;0;13;27;0;0;0;0;0;0;0;1;1;0;0;0;0;0;0;0;0;0;1;0;1;1;1;1;1;1;1
1380;3;0;3;47;0;0;0;0;0;0;0;0;0;0;1;0;0;0;1;0;13;27;0;0;0;0;0;0;0;1;1;0;0;0;0;0;0;0;0;0;1;0;1;1;1;1;1;1;1
1381;3;1;4;55;0;0;0;0;0;0;0;0;0;0;1;1;0;0;0;0;19;29;0;0;0;0;0;0,785714286;0;1;0;0;0;1;1;0;0;0;0;1;0;0;1;0;-1;1;1;-1;1
1382;3;0;3;46;0;0;0;0;0;0;0;0;0;0;1;0;0;0;1;0;13;26;0;0;0;0;0;0;0;1;1;0;0;0;0;0;0;0;0;0;1;0;1;1;1;1;1;1;1
1383;3;1;3;47;0;0;0;0;0;0;0;0;0;0;1;0;0;0;0;0;19;21;0;0;0;0;0;1;0;1;1;0;0;1;1;0;0;0;0;0;0;0;1;1;-1;1;-1;-1;1
1384;3;0;5;64;0;0;0;0;0;0;0;0;0;0;1;1;0;0;0;0;14;43;0;0;0;0;0;0,785714286;0;1;0;0;0;1;1;0;0;0;0;1;0;0;1;0;-1;1;1;-1;1
1385;3;1;3;48;1;0;0;1;0;0;0;0;0;0;1;0;0;0;1;0;10;31;0;0;0;0;0;1;0;1;0;1;0;0;0;0;0;0;0;0;0;0;1;1;1;0;-1;1;1
1386;3;1;3;54;0;0;0;0;0;0;0;0;0;0;1;0;0;0;0;0;26;21;0;0;0;0;0;1;0;1;1;0;0;1;1;0;0;0;0;0;0;0;1;0;-1;1;-1;-1;1
1387;3;0;5;62;0;0;0;0;0;0;0;0;0;0;1;1;0;0;0;0;14;41;0;0;0;0;0;0,785714286;0;1;0;0;0;1;1;0;0;0;0;1;0;0;1;0;-1;1;1;-1;1
1388;2;0;3;48;0;0;0;0;0;0;0;0;0;4;1;1;0;0;0;0;15;26;0;0;0;0;0,083333333;0,9;1;1;1;0;0;0,166666667;1;0;0;0;0;0;0;0;1;1;-1;1;0;1;1
1389;2;0;3;52;0;0;0;0;0;0;0;0;0;0;1;0;0;0;1;0;23;22;0;0;0;0;0;0,785714286;0;1;0;0;0;1;1;0;0;0;0;1;0;0;1;1;-1;1;1;-1;1
1390;2;0;7;85;2;0;0;0;0;0;0;0;0;0;1;1;0;0;0;0;12;66;0;0;0;0;0,923076923;1;0;1;0;0;0;0;1;0;0;0;0;0;0;0;1;-1;1;1;-1;-1;1
1391;2;0;3;39;1;1;0;0;0;0;0;0;0;0;1;0;0;0;0;0;11;21;0;0;0;0;0;0;0;1;0;0;0;0;0;0;0;0;0;0;0;0;1;1;1;1;1;1;1
1392;2;0;2;43;0;0;0;0;0;0;0;0;0;0;1;1;0;0;0;0;14;22;0;0;0;0;0,989473684;0,975609756;0;1;0;1;0;0;1;0;0;0;0;1;0;0;1;1;-1;0;-1;-1;1
1393;2;0;4;49;1;0;0;0;0;0;0;0;0;1;1;0;0;0;0;0;26;16;0;0;0;0;0,933333333;1;0;1;0;0;0;0;1;0;0;0;0;0;0;0;1;1;1;1;-1;-1;1
1394;2;1;4;47;0;0;0;0;0;0;0;0;0;0;1;0;0;0;1;0;10;30;0;0;0;1;0,923076923;1;0;1;0;0;0;0;1;0;0;0;0;0;0;0;1;1;1;1;-1;-1;1
1395;2;1;2;32;1;0;0;0;0;0;0;0;0;0;1;0;0;0;0;0;13;12;0;0;0;0;0;0,153846154;0;1;0;0;0;0;0;0;0;0;0;0;0;0;1;1;1;1;1;1;1
1396;4;1;3;54;1;0;0;0;0;0;0;0;0;0;1;0;0;0;0;0;22;25;0;0;0;0;1;1;0;1;0;0;0;0;1;0;0;0;0;0;0;0;1;0;-1;1;-1;-1;1
1397;3;1;1;42;0;0;0;0;0;0;1;0;0;3;1;1;0;0;0;0;19;8;7;0;0;0;0;1;0;1;0;1;0;0;1;0;0;0;0;0;0;0;1;1;-1;0;-1;1;1
1398;4;1;3;58;0;0;0;0;0;0;0;0;0;2;1;0;0;0;0;0;28;23;0;0;0;0;0;0,285714286;0;1;0;0;0;0;0;0;0;0;0;0;0;0;1;0;1;1;-1;1;1
1399;2;0;3;49;0;0;0;0;0;0;0;0;0;0;1;0;0;0;1;0;23;19;0;0;0;0;0;0,785714286;0;1;0;0;0;1;1;0;0;0;0;1;0;0;1;1;-1;1;1;-1;1
1400;3;1;4;63;0;0;0;0;0;0;0;0;0;10;1;1;0;0;0;0;29;27;0;0;0;0;0;0,785714286;0;1;0;0;0;1;1;0;0;0;0;1;0;0;1;0;-1;1;1;-1;1
1401;3;1;2;40;0;0;0;0;0;0;0;0;0;0;1;0;0;0;0;0;15;18;0;0;0;0;0;0;0;1;0;0;0;0;0;0;0;0;0;0;0;0;1;1;1;1;1;1;1
1402;4;1;4;62;2;1;0;0;0;0;0;0;0;0;1;0;0;0;1;0;29;26;0;0;0;1;1;1;0;1;0;1;0;0;1;0;0;0;0;1;0;0;1;0;-1;0;-1;-1;1
1403;2;0;8;94;1;0;0;0;0;0;0;0;0;0;1;1;0;0;0;0;18;69;0;0;0;0;0;0;0;1;0;0;0;0;0;0;0;0;0;0;0;0;1;-1;1;1;1;1;1
1404;3;1;2;42;1;0;0;0;0;0;0;0;0;0;1;0;0;0;0;0;13;22;0;0;0;0;0;0,153846154;0;1;0;0;0;0;0;0;0;0;0;0;0;0;1;1;1;1;1;1;1
1405;2;0;2;37;1;1;0;0;0;0;0;0;0;0;1;0;0;0;0;0;12;18;0;0;0;0;0;0;0;1;0;0;0;0;0;0;0;0;0;0;0;0;1;1;1;1;1;1;1
1406;3;0;3;48;1;0;0;0;0;0;0;0;0;0;1;1;0;0;1;0;17;24;0;0;0;0;0;1;0;1;1;0;0;1;1;0;0;0;0;0;0;0;1;1;-1;1;-1;-1;1
1407;3;0;3;47;0;0;0;0;0;0;0;0;0;0;1;1;0;0;0;0;17;23;0;0;0;0;0;1;0;1;1;0;0;1;1;0;0;0;0;0;0;0;1;1;-1;1;-1;-1;1
1408;3;1;4;57;0;0;0;0;0;0;0;0;0;0;1;0;0;0;1;0;10;40;0;0;0;1;0,923076923;1;0;1;0;0;0;0;1;0;0;0;0;0;0;0;1;0;1;1;-1;-1;1
1409;4;2;4;55;0;0;0;0;0;0;0;0;0;1;1;0;0;0;1;0;21;27;0;0;0;0;0;0,153846154;0;1;0;0;0;0;0;0;0;0;0;0;0;0;1;0;1;1;1;1;1
1410;2;0;5;64;2;1;0;0;0;0;0;0;0;0;1;0;0;0;0;0;14;43;0;0;0;0;0,923076923;1;0;1;0;0;0;0;1;0;0;0;0;1;0;0;1;0;-1;1;-1;-1;1
1411;3;1;3;57;2;1;0;0;0;0;0;0;0;0;1;0;0;0;0;0;20;30;0;0;0;0;1;1;0;1;0;1;0;0;1;0;0;0;0;1;0;0;1;0;-1;0;-1;-1;1
1412;4;1;2;168;2;0;0;0;1;0;2;1;0;41;1;0;0;0;0;0;23;17;120;0;2;0;0;0;0;1;1;0;0;0;0;0;0;0;0;0;0;0;1;-1;1;1;1;1;1
1413;4;0;3;59;0;0;0;0;1;0;2;2;0;14;1;0;1;0;0;0;12;22;17;0;0;0;0,375;0;0;1;0;0;0;0;1;0;0;0;0;0;0;0;1;0;1;1;0;0;1
1414;4;0;3;84;0;0;0;0;2;0;4;2;0;9;1;0;1;0;0;0;12;22;42;0;1;0;0,375;0;0;1;0;0;0;0;1;0;0;0;0;0;0;0;1;-1;1;1;0;0;1
1415;3;1;1;42;0;0;0;0;0;0;0;0;0;0;1;1;0;0;0;0;25;10;0;0;0;0;0,2;0,571428571;0;1;1;0;0;0,8;0;0;0;0;0;0;1;0;1;1;-1;1;0;-1;1
1416;2;0;5;59;1;0;0;0;0;0;0;0;0;0;1;1;0;0;0;0;24;28;0;0;0;0;0;0;0;1;0;0;0;0;0;0;0;0;0;0;0;0;1;0;1;1;1;1;1
1417;2;1;9;91;0;0;0;0;0;0;0;0;0;29;1;1;0;0;0;0;13;71;0;0;0;0;1;0;0;1;1;0;0;0;1;0;0;0;0;0;0;0;1;-1;1;1;1;-1;1
1418;2;1;2;57;1;1;0;0;0;0;0;0;0;0;0;1;0;0;0;0;38;11;0;0;0;0;0;0;0;0;1;0;0;1;0;0;0;0;0;0;0;0;1;0;1;1;1;-1;1
1419;4;1;5;72;1;0;0;0;0;0;0;0;0;0;1;1;0;0;0;0;28;37;0;0;0;0;0;0;0;1;0;0;0;0;0;0;0;0;0;0;0;0;1;0;1;1;1;1;1
1420;3;0;4;58;2;1;0;0;0;0;0;0;0;0;1;0;0;0;0;0;11;40;0;0;1;0;0,888888889;0;0;1;0;0;0;0,111111111;0;0;0;0;0;0;0;1;1;0;1;1;1;-1;1
1421;3;1;3;50;2;1;0;0;0;0;0;0;0;0;1;0;0;0;0;0;20;23;0;0;0;0;1;1;0;1;0;1;0;0;1;0;0;0;0;1;0;0;1;1;-1;0;-1;-1;1
1422;3;1;3;51;2;1;0;0;0;0;0;0;0;0;1;0;0;0;0;0;20;24;0;0;0;0;1;1;0;1;0;1;0;0;1;0;0;0;0;1;0;0;1;1;-1;0;-1;-1;1
1423;12;1;11;74;1;0;0;1;0;0;0;0;0;0;1;0;0;0;1;0;12;55;0;0;0;0;0,974358974;0,009174312;0;1;0;0;0;0;0;0;0;0;0;0;0;0;1;0;1;1;1;-1;1
1424;12;1;11;74;2;1;0;1;0;0;0;0;0;0;1;0;0;0;1;0;12;55;0;0;0;0;0,974358974;0,009174312;0;1;0;0;0;0;0;0;0;0;0;0;0;0;1;0;1;1;1;-1;1
1425;13;1;11;76;1;0;0;1;0;0;0;0;0;0;1;0;0;0;1;0;14;55;0;0;0;0;0,974358974;0,009174312;0;1;0;0;0;0;0;0;0;0;0;0;0;0;1;-1;1;1;1;-1;1
1426;12;1;11;76;1;0;0;1;0;0;0;0;0;0;1;0;0;0;1;0;14;55;0;0;0;0;0,974358974;0,009174312;0;1;0;0;0;0;0;0;0;0;0;0;0;0;1;-1;1;1;1;-1;1
1427;2;0;5;58;1;0;0;0;0;0;0;0;0;0;1;1;0;0;0;0;18;33;0;0;0;0;0;0,785714286;0;1;0;0;0;1;1;0;0;0;0;1;0;0;1;0;-1;1;1;-1;1
1428;2;0;3;37;0;0;0;0;0;0;0;0;0;2;1;1;0;0;0;0;7;23;0;0;1;0;1;1;0;1;0;0;0;0;1;0;0;0;0;1;1;0;1;1;-1;1;-1;-1;1
1429;3;1;6;71;1;0;0;0;0;0;0;0;0;0;1;1;0;0;1;0;19;45;0;0;0;0;0;0;0;1;1;0;0;1;0;0;0;0;0;0;0;0;1;0;1;1;1;-1;1
1430;3;1;2;51;0;0;0;0;0;0;1;0;0;10;1;1;0;0;0;0;13;17;13;0;0;0;0,743589744;1;1;1;0;0;0;0;1;0;0;0;0;0;0;1;1;1;-1;1;-1;-1;1
1431;3;1;2;51;0;0;0;0;0;0;1;0;0;10;1;0;0;0;0;0;13;17;13;0;0;0;0;0;0;0;0;0;0;0;1;0;0;0;0;0;1;0;1;1;1;1;1;1;1
1432;3;1;3;42;0;0;0;0;0;0;0;0;0;4;1;1;0;0;0;0;14;21;0;0;0;0;0;0;0;1;0;0;0;1;0;0;0;0;0;0;0;1;1;1;1;1;1;-1;1
1433;5;2;2;46;0;0;0;0;0;0;0;0;0;0;1;0;0;0;1;0;17;22;0;0;1;1;0,923076923;1;0;1;0;0;0;0;1;0;0;0;0;0;0;0;1;1;1;1;-1;-1;1
1434;4;1;6;68;0;0;0;0;0;0;0;0;0;0;1;0;0;0;0;0;16;45;0;0;1;0;0;0,285714286;0;1;0;0;0;0;0;0;0;0;0;0;0;0;1;0;1;1;-1;1;1
1435;2;0;5;50;1;0;0;0;0;0;0;0;0;1;1;1;0;0;1;0;12;31;0;0;0;0;1;1;0;1;0;1;0;0;1;0;0;0;0;1;0;0;1;1;-1;0;-1;-1;1
1436;2;0;5;50;1;0;0;0;0;0;0;0;0;1;1;1;0;0;1;0;12;31;0;0;0;0;1;1;0;1;0;1;0;0;1;0;0;0;0;1;0;0;1;1;-1;0;-1;-1;1
1437;2;1;2;63;1;1;0;0;0;0;0;0;0;0;0;1;0;0;0;0;37;18;0;0;0;0;0;0;0;0;1;0;0;1;0;0;0;0;0;0;0;0;1;0;1;1;1;-1;1
1438;5;0;3;167;2;0;0;0;1;0;2;1;0;49;1;1;1;0;0;0;11;28;120;0;2;0;0;0;0;1;1;0;0;0;1;0;0;0;0;0;0;0;1;-1;1;1;1;1;1
1439;4;0;5;57;0;0;0;1;0;0;0;0;0;12;1;1;1;0;0;0;15;35;0;0;0;0;0;0,785714286;0;1;0;0;0;1;1;0;0;0;0;1;0;0;1;0;-1;1;1;-1;1
1440;3;1;4;61;2;1;0;0;0;0;0;0;0;0;1;0;0;0;1;0;20;34;0;0;0;0;1;1;0;1;0;1;0;0;1;0;0;0;0;1;0;0;1;0;-1;0;-1;-1;1
1441;1;0;3;33;0;0;0;0;0;0;0;0;0;2;1;0;0;0;0;0;13;13;0;0;0;0;0;0,285714286;0;1;0;0;0;0;0;0;0;0;0;0;0;0;1;1;1;1;-1;1;1
1442;1;0;3;27;0;0;0;0;0;0;0;0;0;2;1;1;0;0;0;0;7;13;0;0;1;0;1;1;0;1;0;0;0;0;1;0;0;0;0;1;1;0;1;1;-1;1;-1;-1;1
1443;2;1;4;52;0;0;0;0;0;0;0;0;0;0;1;0;0;0;1;0;15;30;0;0;0;1;0,923076923;1;0;1;0;0;0;0;1;0;0;0;0;0;0;0;1;1;1;1;-1;-1;1
1444;13;0;11;76;1;0;0;1;0;0;0;0;0;11;1;0;1;0;1;0;14;55;0;0;0;0;0,974358974;0,009174312;0;1;0;0;0;0;1;0;0;0;0;0;0;0;1;-1;1;1;1;-1;1
1445;4;0;3;143;0;0;0;0;2;0;4;2;0;47;1;0;1;0;0;0;12;22;101;0;1;0;0,375;0;0;1;0;0;0;0;1;0;0;0;0;0;0;0;1;-1;1;1;0;0;1
1446;4;0;3;148;0;0;0;0;3;0;9;5;0;34;1;0;1;0;0;0;12;22;106;0;1;0;0,375;0;0;1;0;0;0;0;1;0;0;0;0;0;0;0;1;-1;1;1;0;0;1
1447;4;1;4;63;0;0;0;0;0;0;0;0;0;0;1;0;0;0;0;0;28;28;0;0;0;0;0;0;0;1;0;0;0;0;0;0;0;0;0;0;0;0;1;0;1;1;1;1;1
1448;1;0;2;32;0;0;0;0;0;0;0;0;0;0;1;1;0;0;0;0;16;9;0;0;0;0;0;0,785714286;0;1;0;0;0;1;1;0;0;0;0;1;0;0;1;1;-1;1;1;-1;1
1449;4;0;3;174;0;0;0;0;4;0;11;5;0;34;1;0;1;0;0;0;12;22;132;0;1;0;0,375;0;0;1;0;0;0;0;1;0;0;0;0;0;0;0;1;-1;1;1;0;0;1
1450;4;0;3;205;0;0;0;0;6;0;19;7;0;9;1;0;1;0;0;0;12;22;163;0;1;0;0,375;0;0;1;0;0;0;0;1;0;0;0;0;0;0;0;1;-1;1;1;0;0;1
1451;4;0;3;119;0;0;0;0;3;0;7;4;0;9;1;0;1;0;0;0;12;22;77;0;1;0;0,375;0;0;1;0;0;0;0;1;0;0;0;0;0;0;0;1;-1;1;1;0;0;1
1452;3;0;5;66;1;0;0;0;0;0;0;0;0;0;1;1;0;0;0;0;24;35;0;0;0;0;0;0;0;1;0;0;0;0;0;0;0;0;0;0;0;0;1;0;1;1;1;1;1
1453;2;0;3;37;0;0;0;0;0;0;0;0;0;0;1;0;0;0;0;0;17;13;0;0;0;0;0;0,153846154;0;1;0;0;0;0;0;0;0;0;0;0;0;0;1;1;1;1;1;1;1
1454;2;0;3;36;0;0;0;0;0;0;0;0;0;0;1;0;0;0;0;0;17;12;0;0;0;0;0;0,153846154;0;1;0;0;0;0;0;0;0;0;0;0;0;0;1;1;1;1;1;1;1
1455;4;1;3;42;0;0;0;0;0;0;0;0;0;1;1;1;0;0;1;0;14;21;0;0;0;1;0;1;0;1;0;0;0;0;1;0;0;0;0;0;1;0;1;1;-1;1;1;1;1
1456;2;0;5;59;1;0;0;0;0;0;0;0;0;0;1;1;0;0;1;0;18;34;0;0;0;0;0;0,785714286;0;1;0;0;0;1;1;0;0;0;0;1;0;0;1;0;-1;1;1;-1;1
1457;4;1;2;40;0;0;0;0;0;0;0;0;0;0;1;0;0;0;0;0;21;12;0;0;0;0;0,923076923;1;0;1;0;0;0;0;1;0;0;0;0;0;0;0;1;1;1;1;-1;-1;1
1458;2;0;4;50;1;0;0;0;0;0;0;0;0;0;1;0;0;0;0;0;17;26;0;0;0;0;1;0,320754717;0;1;0;1;0;0;0;0;0;0;1;0;0;0;1;1;-1;0;0;-1;1
1459;3;0;3;42;1;0;0;1;0;0;0;0;0;11;1;0;1;0;1;0;14;21;0;0;0;0;0;1;0;1;0;1;0;0;1;0;0;0;0;0;0;0;1;1;1;0;-1;1;1
1460;3;0;3;35;0;0;0;1;0;0;0;0;0;9;1;0;1;0;0;0;12;16;0;0;0;0;0;0,785714286;0;1;0;0;0;1;1;0;0;0;0;1;0;0;1;1;-1;1;1;-1;1
1461;2;1;1;34;0;0;0;0;1;0;0;0;0;0;1;0;0;0;0;0;14;13;0;0;0;0;0,333333333;1;0;1;1;0;0;0;1;0;0;0;0;0;0;0;1;1;-1;1;-1;0;1
1462;4;0;6;75;1;0;0;0;0;0;0;0;0;0;1;1;0;0;1;0;10;58;0;0;0;0;0,5;0,675675676;0;1;0;0;0;0;0;0;0;0;0;1;0;0;1;0;0;1;0;0;1
1463;8;7;2;194;3;2;0;0;0;0;1;1;0;33;1;1;0;1;0;0;76;34;76;0;1;0;0;0,333333333;0;1;0;0;0;0;0;0;0;0;0;0;0;0;-1;-1;1;1;0;1;1
1464;2;0;5;72;2;0;0;0;0;0;0;0;0;2;1;1;0;0;1;0;19;46;0;0;0;0;0,222222222;0,7;0;1;0;1;0;0;1;0;0;0;1;0;0;0;1;0;1;0;-1;1;1
1465;3;1;6;79;1;0;0;0;0;0;0;0;0;0;1;1;0;0;1;0;19;53;0;0;0;0;0;0;0;1;1;0;0;1;0;0;0;0;0;0;0;0;1;-1;1;1;1;-1;1
1466;3;1;7;86;1;0;0;0;0;0;0;0;0;0;1;1;0;0;1;0;19;60;0;0;0;0;0;0;0;1;1;0;0;1;0;0;0;0;0;0;0;0;1;-1;1;1;1;-1;1
1467;3;1;6;78;1;0;0;0;0;0;0;0;0;0;1;1;0;0;1;0;19;52;0;0;0;0;0;0;0;1;1;0;0;1;0;0;0;0;0;0;0;0;1;-1;1;1;1;-1;1
1468;2;0;4;44;1;0;0;0;0;0;0;0;0;0;1;1;0;0;0;0;12;25;0;0;0;0;1;1;0;1;0;1;0;0;1;0;0;0;0;1;0;0;1;1;-1;0;1;-1;1
1469;2;0;5;48;1;0;0;0;0;0;0;0;0;1;1;1;0;0;0;0;12;29;0;0;0;0;1;1;0;1;0;1;0;0;1;0;0;0;0;1;0;0;1;1;-1;0;1;-1;1
1470;3;1;4;62;0;0;0;0;0;0;0;0;0;0;1;0;0;0;1;0;15;40;0;0;0;1;0,923076923;1;0;1;0;0;0;0;1;0;0;0;0;0;0;0;1;0;1;1;-1;-1;1
1471;3;1;6;72;1;0;0;0;0;0;0;0;0;0;1;1;0;0;1;0;19;46;0;0;0;0;0;0;0;1;1;0;0;1;0;0;0;0;0;0;0;0;1;0;1;1;1;-1;1
1472;3;1;3;44;1;1;0;0;0;0;0;0;0;0;1;0;0;0;0;0;14;23;0;0;0;0;0,923076923;1;0;1;0;0;0;0;1;0;0;0;0;0;0;0;1;1;1;1;-1;-1;1
1473;3;0;2;31;0;0;0;0;0;0;0;0;0;1;1;0;0;0;0;0;10;14;0;0;0;0;0;1;0;1;0;0;0;0;1;0;0;0;0;0;0;0;1;1;1;1;-1;1;1
1474;3;1;3;45;0;0;0;0;0;0;0;0;0;0;1;0;0;0;0;0;16;22;0;0;0;0;0;0;0;1;0;1;0;0;0;0;0;0;0;0;0;0;1;1;1;0;1;1;1
1475;5;0;2;39;0;0;0;0;0;0;0;0;0;10;1;0;1;0;0;0;13;19;0;0;0;0;0,913043478;0,0625;1;1;1;0;0;0;1;0;0;0;0;1;0;0;1;1;1;1;1;-1;1
1476;2;0;3;66;0;0;0;1;0;0;0;0;0;0;1;1;0;0;0;0;14;45;0;0;0;0;0;0;0;1;0;0;0;0;0;0;0;0;0;0;0;0;1;0;1;1;1;1;1
1477;2;0;2;34;1;1;0;0;0;0;0;0;0;0;1;0;0;0;1;0;13;14;0;0;0;0;0;0,833333333;1;1;0;0;0;0;1;0;0;0;0;0;0;0;1;1;-1;1;0;1;1
1478;5;1;4;72;2;1;0;0;0;0;0;0;0;0;1;0;0;0;1;0;29;36;0;0;0;1;1;1;0;1;0;1;0;0;1;0;0;0;0;1;0;0;1;0;-1;0;-1;-1;1
1479;2;0;4;61;0;0;0;0;1;0;0;0;0;0;1;0;0;0;0;0;16;38;0;0;0;0;0;0,166666667;1;1;0;0;0;0;0;0;0;0;0;0;0;1;1;0;1;1;0;1;1
1480;3;1;3;52;0;0;0;0;0;0;0;0;0;2;1;0;0;0;0;0;23;22;0;0;0;0;0;0,285714286;0;1;0;0;0;0;0;0;0;0;0;0;0;0;1;1;1;1;-1;1;1
1481;4;1;4;60;1;0;0;0;0;0;0;0;0;0;1;0;0;0;1;0;27;26;0;0;0;0;1;1;0;1;0;0;0;0;1;0;0;0;0;0;0;0;1;0;-1;1;-1;-1;1
1482;4;2;2;42;0;0;0;0;0;0;0;0;0;1;1;0;0;0;0;0;18;17;0;0;1;0;0;0;0;1;1;0;0;1;0;0;0;0;0;0;0;0;0;1;1;1;1;-1;1
1483;3;1;3;61;1;0;0;0;0;0;0;0;0;0;1;0;0;0;1;0;26;28;0;0;0;0;0,857142857;1;0;1;0;0;0;0,142857143;1;0;0;0;0;0;0;0;1;0;-1;1;-1;-1;1
1484;4;0;3;78;0;0;0;0;1;0;3;3;0;21;1;0;1;0;0;0;12;22;36;0;0;0;0,375;0;0;1;0;0;0;0;1;0;0;0;0;0;0;0;1;-1;1;1;0;0;1
1485;4;0;3;154;0;0;0;0;4;0;11;6;0;19;1;0;1;0;0;0;12;22;112;0;1;0;0,375;0;0;1;0;0;0;0;1;0;0;0;0;0;0;0;1;-1;1;1;0;0;1
1486;3;1;5;68;0;0;0;0;0;0;0;0;0;0;1;0;0;0;1;0;27;34;0;0;0;0;0;0;0;1;0;0;0;0;0;0;0;0;0;0;0;0;1;0;1;1;1;1;1
1487;3;1;3;60;0;0;0;0;1;0;0;0;0;0;1;0;0;0;0;0;25;28;0;0;0;0;0,875;1;1;1;0;0;0;0;1;0;0;0;1;0;0;0;1;0;-1;1;-1;-1;1
1488;2;0;3;58;0;0;0;0;0;0;0;0;0;0;1;0;0;0;0;0;25;26;0;0;1;0;0,75;0,222222222;1;1;0;0;0;0,125;0;0;0;0;0;0;0;0;1;0;1;1;0;-1;1
1489;2;0;4;63;0;0;0;0;0;0;0;0;0;1;1;0;0;0;0;0;14;42;0;0;0;0;0,5;0;0;1;1;0;0;0,5;0;0;0;0;0;1;0;0;1;0;1;1;1;-1;1
1490;4;2;4;49;0;0;0;0;0;0;0;0;0;0;1;0;0;1;1;0;15;27;0;0;2;0;0,785714286;0,058823529;0;1;0;0;0;0;0;0;0;0;0;0;0;0;0;1;1;1;0;-1;1
1491;2;0;4;73;1;0;0;0;0;0;0;0;0;24;1;1;0;0;0;0;13;53;0;0;0;1;1;1;0;1;0;0;0;0;1;0;0;0;0;1;0;0;1;0;-1;1;-1;-1;1
1492;2;1;4;40;0;0;0;0;0;0;0;0;0;0;1;0;0;0;0;0;16;17;0;0;0;0;0;0,785714286;0;1;0;0;0;1;1;0;0;0;0;1;0;0;1;1;-1;1;1;-1;1
1493;1;0;3;36;0;0;0;0;0;0;0;0;0;0;1;0;0;0;1;0;19;10;0;0;0;0;0;0,785714286;0;1;0;0;0;1;1;0;0;0;0;1;0;0;1;1;-1;1;1;-1;1
1494;4;0;3;195;0;0;0;0;3;0;10;8;0;56;1;0;1;0;0;0;12;22;153;0;1;0;0,375;0;0;1;0;0;0;0;1;0;0;0;0;0;0;0;1;-1;1;1;0;0;1
1495;4;0;3;66;0;0;0;0;1;0;2;1;0;9;1;0;1;0;0;0;12;22;24;0;0;0;0,375;0;0;1;0;0;0;0;1;0;0;0;0;0;0;0;1;0;1;1;0;0;1
1496;1;0;5;50;1;0;0;0;0;0;0;0;0;0;1;0;0;0;1;0;16;27;0;0;0;0;0;0;0;1;0;0;0;0;0;0;0;0;0;0;0;0;1;1;1;1;1;1;1
1497;2;0;3;37;0;0;0;0;0;0;0;0;0;0;1;0;0;0;0;0;17;13;0;0;0;0;0;0,153846154;0;1;0;0;0;0;0;0;0;0;0;0;0;0;1;1;1;1;1;1;1
1498;4;1;3;49;0;0;0;0;0;0;0;0;0;0;1;0;0;0;1;0;20;22;0;0;0;0;1;0,333333333;0;1;0;0;0;0;0;0;0;0;0;1;0;0;1;1;0;1;1;-1;1
1499;2;0;3;54;0;0;0;0;0;0;0;0;0;1;1;0;0;0;0;0;14;33;0;0;0;0;0,5;0;0;1;1;0;0;0,5;0;0;0;0;0;1;0;0;1;0;1;1;1;-1;1
1500;3;0;3;46;0;0;0;0;0;0;0;0;0;0;1;0;0;0;0;0;17;22;0;0;0;0;0;0,153846154;0;1;0;0;0;0;0;0;0;0;0;0;0;0;1;1;1;1;1;1;1
1501;3;0;3;45;0;0;0;0;0;0;0;0;0;0;1;0;0;0;0;0;17;21;0;0;0;0;0;0,153846154;0;1;0;0;0;0;0;0;0;0;0;0;0;0;1;1;1;1;1;1;1
1502;4;0;3;52;1;0;0;1;0;0;0;0;0;11;1;0;1;0;1;0;14;31;0;0;0;0;0;1;0;1;0;1;0;0;1;0;0;0;0;0;0;0;1;1;1;0;-1;1;1
1503;2;0;5;56;0;0;0;0;0;0;0;0;0;0;1;1;0;0;1;0;11;38;0;0;0;1;1;1;0;1;0;0;0;0;1;0;0;0;0;0;0;0;1;0;-1;1;-1;-1;1
1504;2;0;3;38;0;0;0;0;0;0;0;0;0;0;1;0;0;0;0;0;17;14;0;0;0;0;0;0,153846154;0;1;0;0;0;0;0;0;0;0;0;0;0;0;1;1;1;1;1;1;1
1505;2;0;2;41;0;0;0;0;0;0;0;0;0;0;1;1;0;0;0;0;16;18;0;0;0;0;0;0,785714286;0;1;0;0;0;1;1;0;0;0;0;1;0;0;1;1;-1;1;1;-1;1
1506;3;0;3;46;0;0;0;0;0;0;0;0;0;0;1;0;0;0;0;0;17;22;0;0;0;0;0;0,153846154;0;1;0;0;0;0;0;0;0;0;0;0;0;0;1;1;1;1;1;1;1
1507;2;0;4;60;0;0;0;0;0;0;0;0;0;0;1;0;0;0;0;0;26;27;0;0;0;0;0;1;0;1;1;0;0;1;1;0;0;0;0;0;0;0;1;0;-1;1;-1;-1;1
1508;2;0;4;60;0;0;0;0;0;0;0;0;0;0;1;0;0;0;0;0;26;27;0;0;0;0;0;1;0;1;1;0;0;1;1;0;0;0;0;0;0;0;1;0;-1;1;-1;-1;1
1509;2;0;4;60;0;0;0;0;0;0;0;0;0;0;1;0;0;0;0;0;26;27;0;0;0;0;0;1;0;1;1;0;0;1;1;0;0;0;0;0;0;0;1;0;-1;1;-1;-1;1
1510;2;0;3;45;0;0;0;0;0;0;0;0;0;0;1;0;0;0;1;0;19;19;0;0;0;0;0;0,785714286;0;1;0;0;0;1;1;0;0;0;0;1;0;0;1;1;-1;1;1;-1;1
1511;2;0;1;32;1;1;0;0;0;0;0;0;0;1;1;1;0;0;0;0;18;7;0;0;0;0;0;0;0;1;0;0;0;0;0;0;0;0;0;0;1;0;1;1;1;1;1;1;1
1512;3;1;2;45;0;0;0;0;0;0;0;0;0;3;1;1;0;0;0;0;20;18;0;0;0;0;0;0;0;1;0;0;0;0;0;0;0;0;0;0;0;0;1;1;1;1;1;1;1
1513;3;1;4;65;1;0;0;0;0;0;0;0;0;4;1;1;0;0;0;0;18;40;0;0;0;0;0;0;0;1;1;0;0;1;0;0;0;0;0;0;0;0;1;0;1;1;1;-1;1
1514;2;1;5;54;1;0;0;0;0;0;0;0;0;0;1;0;0;0;1;0;20;27;0;0;0;0;0;0;0;1;0;0;0;0;0;0;0;0;0;0;0;0;1;0;1;1;1;1;1
1515;1;0;4;52;1;0;0;0;0;0;0;0;0;0;1;1;0;0;0;0;15;30;0;0;0;0;1;0,142857143;1;1;0;0;0;0;0;0;0;0;0;1;0;0;1;1;1;1;0;-1;1
1516;2;0;4;73;1;0;0;0;0;0;0;0;0;1;1;0;0;0;0;0;14;52;0;0;0;0;0,5;0;0;1;1;0;0;0,5;0;0;0;0;0;1;0;0;1;0;1;1;1;-1;1
1517;3;0;3;47;0;0;0;0;0;0;0;0;0;0;1;0;0;0;0;0;17;23;0;0;0;0;0;0,153846154;0;1;0;0;0;0;0;0;0;0;0;0;0;0;1;1;1;1;1;1;1
1518;3;1;3;41;1;0;0;0;0;0;0;0;0;1;1;0;0;0;0;0;17;17;0;0;0;0;0;0;0;1;1;0;0;1;0;0;0;0;0;0;0;0;1;1;1;1;1;-1;1
1519;3;1;2;47;0;0;0;0;0;0;0;0;0;0;1;1;0;0;0;0;20;20;0;0;0;0;0;0;0;1;1;0;0;0;0;0;0;0;0;0;1;0;1;1;1;1;1;1;1
1520;3;1;4;59;1;0;0;0;1;0;0;0;0;0;1;0;0;0;0;0;27;25;0;0;0;0;0;0,785714286;0;1;0;0;0;1;1;0;0;0;0;1;0;0;1;0;-1;1;1;-1;1
1521;3;0;5;67;1;0;0;0;0;0;0;0;0;0;1;1;0;0;0;0;18;42;0;0;0;0;0;0,785714286;0;1;0;0;0;1;1;0;0;0;0;1;0;0;1;0;-1;1;1;-1;1
1522;2;0;3;43;0;0;0;0;0;0;0;0;0;0;1;0;0;0;0;0;13;23;0;0;0;0;0;0;0;1;0;0;0;0;0;0;0;0;0;0;0;0;1;1;1;1;1;1;1
1523;2;0;3;42;0;0;0;0;0;0;0;0;0;3;1;0;0;0;0;0;13;22;0;0;0;0;0;0;0;1;0;0;0;0;0;0;0;0;0;0;0;0;1;1;1;1;1;1;1
1524;4;0;3;44;0;0;0;1;0;0;0;0;0;9;1;0;1;0;0;0;12;25;0;0;0;0;0;0,785714286;0;1;0;0;0;1;1;0;0;0;0;1;0;0;1;1;-1;1;1;-1;1
1525;4;1;4;74;1;0;0;0;0;0;0;0;0;4;1;1;0;0;0;0;28;39;0;0;0;0;0;0;0;1;1;0;0;1;0;0;0;0;0;0;0;0;1;0;1;1;1;-1;1
1526;2;0;2;45;0;0;0;0;0;0;0;0;0;0;1;0;0;0;0;0;21;17;0;0;0;0;0;0,583333333;0;1;0;0;0;0,8;0;0;0;0;0;1;0;1;1;1;1;1;-1;-1;1
1527;3;1;5;60;1;0;0;0;0;0;0;0;0;4;1;1;0;0;0;0;19;34;0;0;0;0;1;0,142857143;1;1;0;0;0;0;0;0;0;0;0;1;0;0;1;0;1;1;0;-1;1
1528;2;1;0;30;0;0;0;0;0;0;0;0;0;3;1;0;0;0;0;0;22;1;0;0;0;0;0;0,086956522;0;1;0;0;0;0,7;0;0;0;0;1;0;1;0;1;1;1;1;1;-1;1
1529;2;0;1;36;0;0;0;0;0;0;0;0;0;0;1;0;0;0;0;0;15;14;0;0;0;0;1;1;0;1;0;0;0;0;1;0;0;0;0;1;1;0;1;1;-1;1;1;-1;1
1530;3;1;4;60;1;0;0;0;0;0;0;0;0;0;1;0;0;0;0;0;19;34;0;0;0;0;0;0;0;1;0;0;0;0;0;0;0;0;0;0;0;0;1;0;1;1;1;1;1
1531;4;1;4;73;1;0;0;0;0;0;0;0;0;0;1;0;0;0;0;0;19;47;0;0;1;0;0;0;0;1;0;0;0;0,960784314;0;0;0;0;0;0;0;0;1;0;1;1;1;-1;1
1532;2;0;3;37;1;0;0;0;0;0;0;0;0;1;1;0;0;0;0;0;13;17;0;0;0;0;0;0;0;1;1;0;0;1;0;0;0;0;0;0;0;0;1;1;1;1;1;-1;1
1533;1;0;4;79;1;0;0;0;0;0;0;0;0;28;1;1;0;0;0;0;13;59;0;0;0;0;0;0;0;1;0;0;0;0;0;0;0;0;0;0;0;0;1;-1;1;1;1;1;1
1534;3;0;3;57;1;0;0;0;0;0;0;0;0;0;1;1;0;0;0;0;21;29;0;0;0;0;1;1;0;1;0;0;0;0;1;0;0;0;0;0;0;0;1;0;-1;1;-1;-1;1
1535;2;0;5;54;0;0;0;0;0;0;0;0;0;0;1;0;0;0;1;0;12;35;0;0;0;1;0,923076923;1;0;1;0;0;0;0;1;0;0;0;0;0;0;0;1;0;1;1;-1;-1;1
1536;2;1;0;55;2;2;0;0;0;0;0;0;0;8;1;1;0;0;0;0;47;1;0;0;0;0;0;0,2;0;1;1;0;0;0;0;0;0;0;0;0;0;1;1;0;1;1;0;1;1
1537;3;0;3;51;1;0;0;0;0;0;0;0;0;0;1;0;0;0;1;0;21;23;0;0;0;0;1;1;0;1;0;0;0;0;1;0;0;0;0;0;0;0;1;1;-1;1;-1;-1;1
1538;2;1;6;69;1;0;0;0;0;0;0;0;0;0;1;0;0;0;0;0;16;46;0;0;0;0;0;0;0;1;0;0;0;0;0;0;0;0;0;0;0;0;1;0;1;1;1;1;1
1539;4;0;3;146;0;0;0;0;3;0;10;6;0;27;1;0;1;0;0;0;12;22;104;0;1;0;0,375;0;0;1;0;0;0;0;1;0;0;0;0;0;0;0;1;-1;1;1;0;0;1
1540;2;0;4;56;0;0;0;0;0;0;0;0;0;0;1;0;0;0;1;0;18;31;0;0;0;0;0;0,642857143;1;1;0;0;0;1;0;0;0;0;0;0;0;0;1;0;-1;1;0;-1;1
1541;3;0;4;48;0;0;0;0;0;0;0;0;0;4;1;1;0;0;1;0;15;26;0;0;0;0;0;0,642857143;1;1;0;0;0;1;0;0;0;0;0;0;0;0;1;1;-1;1;0;-1;1
1542;2;1;3;46;1;1;0;0;0;0;0;0;0;0;1;0;0;0;0;0;24;15;0;0;0;0;0,090909091;1;0;1;0;0;0;0,909090909;1;0;0;0;0;0;0;0;1;1;-1;1;-1;-1;1
1543;5;1;4;81;1;0;0;0;0;0;0;0;0;0;1;0;0;0;1;0;25;49;0;0;0;1;0;1;0;1;0;0;0;1;1;0;0;0;0;0;0;0;1;-1;-1;1;-1;-1;1
1544;3;1;3;53;1;0;0;0;0;0;0;0;0;0;1;0;0;0;1;0;22;24;0;0;0;0;1;1;0;1;0;1;0;0;1;0;0;0;0;1;0;0;1;1;-1;0;-1;-1;1
1545;2;0;4;53;1;0;0;0;0;0;0;0;0;0;1;0;0;0;1;0;13;33;0;0;0;1;0,923076923;1;0;1;0;0;0;0;1;0;0;0;0;0;0;0;1;1;1;1;-1;-1;1
1546;3;1;3;54;1;0;0;0;0;0;0;0;0;0;1;1;0;0;0;0;20;27;0;0;0;0;0;0;0;1;1;0;0;1;0;0;0;0;0;0;0;0;1;0;1;1;1;-1;1
1547;5;2;3;55;1;0;0;0;0;0;0;0;0;0;1;0;0;0;1;0;28;20;0;0;0;0;1;1;0;1;0;1;0;0;1;0;0;0;0;1;0;0;1;0;-1;0;1;-1;1
1548;2;0;4;73;1;0;0;0;0;0;0;0;0;20;1;1;0;0;0;0;13;53;0;0;0;1;1;1;0;1;0;0;0;0;1;0;0;0;0;1;0;0;1;0;-1;1;-1;-1;1
1549;2;0;4;73;1;0;0;0;0;0;0;0;0;21;1;1;0;0;0;0;13;53;0;0;0;1;1;1;0;1;0;0;0;0;1;0;0;0;0;1;0;0;1;0;-1;1;-1;-1;1
1550;2;0;4;73;1;0;0;0;0;0;0;0;0;20;1;1;0;0;0;0;13;53;0;0;0;1;1;1;0;1;0;0;0;0;1;0;0;0;0;1;0;0;1;0;-1;1;-1;-1;1
1551;2;0;4;73;1;0;0;0;0;0;0;0;0;21;1;1;0;0;0;0;13;53;0;0;0;1;1;1;0;1;0;0;0;0;1;0;0;0;0;1;0;0;1;0;-1;1;-1;-1;1
1552;2;0;4;73;1;0;0;0;0;0;0;0;0;15;1;1;0;0;0;0;13;53;0;0;0;1;1;1;0;1;0;0;0;0;1;0;0;0;0;1;0;0;1;0;-1;1;-1;-1;1
1553;2;0;4;73;1;0;0;0;0;0;0;0;0;19;1;1;0;0;0;0;13;53;0;0;0;1;1;1;0;1;0;0;0;0;1;0;0;0;0;1;0;0;1;0;-1;1;-1;-1;1
1554;2;0;4;73;1;0;0;0;0;0;0;0;0;19;1;1;0;0;0;0;13;53;0;0;0;1;1;1;0;1;0;0;0;0;1;0;0;0;0;1;0;0;1;0;-1;1;-1;-1;1
1555;2;0;4;73;1;0;0;0;0;0;0;0;0;17;1;1;0;0;0;0;13;53;0;0;0;1;1;1;0;1;0;0;0;0;1;0;0;0;0;1;0;0;1;0;-1;1;-1;-1;1
1556;2;0;4;73;1;0;0;0;0;0;0;0;0;19;1;1;0;0;0;0;13;53;0;0;0;1;1;1;0;1;0;0;0;0;1;0;0;0;0;1;0;0;1;0;-1;1;-1;-1;1
1557;2;0;4;73;1;0;0;0;0;0;0;0;0;17;1;1;0;0;0;0;13;53;0;0;0;1;1;1;0;1;0;0;0;0;1;0;0;0;0;1;0;0;1;0;-1;1;-1;-1;1
1558;2;0;4;64;1;0;0;0;0;0;0;0;0;0;1;0;0;0;1;0;22;35;0;0;0;0;0;1;0;1;1;0;0;1;0;0;0;0;0;0;0;0;1;0;-1;1;-1;-1;1
1559;3;0;1;44;0;0;0;0;0;0;0;0;0;0;1;1;0;0;0;0;23;14;0;0;0;0;0;0;0;0;0;0;0;0;1;0;0;0;0;0;1;0;1;1;1;1;1;1;1
1560;2;1;3;33;0;0;0;0;0;0;0;0;0;2;1;1;0;0;0;0;11;15;0;0;1;1;0,923076923;1;0;1;0;0;0;0;1;0;0;0;0;0;0;0;1;1;1;1;-1;-1;1
1561;2;0;5;60;0;0;0;0;0;0;0;0;0;0;1;0;0;0;1;0;12;41;0;0;2;0;0,75;0,222222222;1;1;0;0;0;0,125;0;0;0;0;0;0;0;0;1;0;1;1;0;-1;1
1562;3;1;3;40;0;0;0;0;0;1;0;0;0;3;1;1;0;0;1;0;13;20;0;0;0;1;0;1;1;1;0;0;0;0;1;0;0;0;0;0;0;0;1;1;-1;1;-1;1;1
1563;2;0;5;50;0;0;0;0;0;0;0;0;0;0;1;0;0;0;1;0;16;27;0;0;0;0;0,923076923;1;0;1;0;0;0;0;1;0;0;0;0;0;0;0;1;1;1;1;-1;-1;1
1564;3;1;7;93;1;0;0;0;0;0;0;0;0;18;1;1;0;0;1;0;22;64;0;0;0;0;0;0,125;0;1;1;0;0;0,923076923;0;0;0;0;0;0;0;0;1;-1;1;1;1;-1;1
1565;1;0;5;77;1;0;0;0;0;0;0;0;0;23;1;1;0;0;1;0;16;54;0;0;0;1;1;1;0;1;0;0;0;0;1;0;0;0;0;1;0;0;1;-1;-1;1;-1;-1;1
1566;1;0;5;77;1;0;0;0;0;0;0;0;0;23;1;1;0;0;1;0;16;54;0;0;0;1;1;1;0;1;0;0;0;0;1;0;0;0;0;1;0;0;1;-1;-1;1;-1;-1;1
1567;4;1;6;80;0;0;0;0;0;0;0;0;0;0;1;1;0;0;0;0;16;57;0;0;0;0;0,090909091;0,727272727;0;1;0;0;0;0,909090909;1;1;0;0;0;0;0;0;1;-1;-1;1;0;-1;1
1568;2;1;3;35;0;0;0;0;0;0;0;0;0;0;1;1;0;0;0;0;17;11;0;0;0;0;0;0;0;1;0;0;0;0;0;0;0;0;0;0;0;0;1;1;1;1;1;1;1
1569;2;0;4;51;0;0;0;0;0;0;0;0;0;0;1;1;0;0;0;0;12;32;0;0;0;0;0;0;0;1;0;0;0;0;0;0;0;0;0;0;0;0;1;1;1;1;1;1;1
1570;3;1;4;64;1;0;0;0;0;0;0;0;0;4;1;1;0;0;0;0;23;34;0;0;0;0;1;0,142857143;1;1;0;0;0;0;0;0;0;0;0;1;0;0;1;0;1;1;0;-1;1
1571;2;0;2;37;0;0;0;0;0;0;0;0;0;0;1;0;0;0;0;0;15;15;0;0;0;0;0,923076923;1;0;1;0;0;0;0;1;0;0;0;0;0;0;0;1;1;1;1;-1;-1;1
1572;2;1;2;41;0;0;0;0;0;0;0;0;0;0;1;0;0;0;1;0;29;5;0;0;0;0;0;0,785714286;0;1;0;0;0;1;1;0;0;0;0;1;0;0;1;1;-1;1;1;-1;1
1573;2;0;2;23;0;0;0;0;0;0;0;0;0;4;1;1;0;0;0;0;10;6;0;0;0;0;0;0;0;1;1;0;0;1;0;0;0;0;0;0;0;0;1;1;1;1;1;-1;1
1574;3;1;7;93;1;0;0;0;0;0;0;0;0;19;1;1;0;0;1;0;22;64;0;0;0;0;0;0,125;0;1;1;0;0;0,923076923;0;0;0;0;0;0;0;0;1;-1;1;1;1;-1;1
1575;2;1;2;55;1;1;0;0;0;0;0;0;0;0;0;1;0;0;1;0;41;6;0;0;0;0;0;0;0;0;1;0;0;1;0;0;0;0;0;0;0;0;1;0;1;1;1;-1;1
1576;2;1;2;55;1;1;0;0;0;0;0;0;0;0;0;1;0;0;1;0;41;6;0;0;0;0;0;0;0;0;1;0;0;1;0;0;0;0;0;0;0;0;1;0;1;1;1;-1;1
1577;3;1;7;93;1;0;0;0;0;0;0;0;0;20;1;1;0;0;1;0;22;64;0;0;0;0;0;0,125;0;1;1;0;0;0,923076923;0;0;0;0;0;0;0;0;1;-1;1;1;1;-1;1
1578;3;1;4;55;1;0;0;0;0;0;0;0;0;3;1;1;0;0;0;0;17;31;0;0;0;0;0;0,111111111;1;1;0;0;0;0;0;0;0;0;0;0;0;0;1;0;1;1;-1;1;1
1579;2;0;3;59;2;0;0;0;0;0;0;0;0;0;1;0;0;0;0;0;20;32;0;0;1;0;0,970588235;1;1;1;0;0;0;0;1;0;0;0;0;0;0;0;1;0;-1;1;-1;-1;1
1580;2;0;1;34;0;0;0;0;0;0;0;0;0;0;1;0;0;0;0;0;17;10;0;0;0;0;1;1;0;1;0;1;0;0;1;0;0;0;0;1;0;0;1;1;-1;0;1;-1;1
1581;2;0;3;45;2;1;0;0;0;0;0;0;0;0;1;0;0;0;0;0;17;21;0;0;0;0;1;1;0;1;0;0;0;0;1;0;0;0;0;0;0;0;1;1;-1;1;-1;-1;1
1582;2;1;4;44;0;0;0;0;0;0;0;0;0;14;1;1;0;0;0;0;19;18;0;0;0;0;0,941176471;0,888888889;0;0;0;1;0;0;1;0;0;0;0;1;0;0;1;1;0;0;-1;-1;1
1583;2;0;3;79;0;0;0;0;0;0;4;0;0;5;1;1;0;0;0;0;11;29;31;0;1;0;1;1;1;1;0;0;0;0;1;0;0;0;0;0;0;0;1;-1;-1;1;-1;-1;1
1584;3;1;7;93;1;0;0;0;0;0;0;0;0;25;1;1;0;0;1;0;22;64;0;0;0;0;0;0,125;0;1;1;0;0;0,923076923;0;0;0;0;0;0;0;0;1;-1;1;1;1;-1;1
1585;1;0;2;49;0;0;0;0;0;0;0;0;0;1;1;0;0;0;0;0;28;14;0;0;0;1;1;1;0;1;0;0;0;0;1;1;0;0;0;0;0;0;1;1;-1;1;-1;-1;1
1586;4;1;4;57;1;0;0;0;0;0;0;0;0;0;1;0;0;0;0;0;16;34;0;0;0;0;0,923076923;1;0;1;0;0;0;0;1;0;0;0;0;0;0;0;1;0;1;1;-1;-1;1
1587;2;0;3;45;1;0;0;0;0;0;0;0;0;0;1;0;0;0;1;0;14;24;0;0;0;0;0;0,642857143;1;1;0;0;0;1;0;0;0;0;0;0;0;0;1;1;-1;1;0;-1;1
1588;14;0;3;245;1;0;0;0;0;0;6;12;1;74;1;0;0;0;1;0;14;24;174;0;0;0;0;0,642857143;1;1;0;0;0;0;0;0;0;0;0;0;0;0;1;-1;-1;1;0;1;1
1589;3;1;4;84;1;0;0;0;0;0;0;0;0;21;1;1;0;0;0;0;26;51;0;0;0;0;0;0;0;1;0;0;0;0;0;0;0;0;0;0;0;0;1;-1;1;1;1;1;1
1590;3;1;4;84;1;0;0;0;0;0;0;0;0;23;1;1;0;0;0;0;26;51;0;0;0;0;0;0;0;1;0;0;0;0;0;0;0;0;0;0;0;0;1;-1;1;1;1;1;1
1591;3;1;4;84;1;0;0;0;0;0;0;0;0;15;1;1;0;0;0;0;26;51;0;0;0;0;0;0;0;1;0;0;0;0;0;0;0;0;0;0;0;0;1;-1;1;1;1;1;1
1592;2;0;4;80;1;0;0;0;0;0;0;0;0;17;1;1;0;0;0;0;22;51;0;0;0;0;0;0;0;1;0;0;0;0;0;0;0;0;0;0;0;0;1;-1;1;1;1;1;1
1593;3;1;4;84;1;0;0;0;0;0;0;0;0;21;1;1;0;0;0;0;26;51;0;0;0;0;0;0;0;1;0;0;0;0;0;0;0;0;0;0;0;0;1;-1;1;1;1;1;1
1594;3;1;4;84;1;0;0;0;0;0;0;0;0;18;1;1;0;0;0;0;26;51;0;0;0;0;0;0;0;1;0;0;0;0;0;0;0;0;0;0;0;0;1;-1;1;1;1;1;1
1595;2;0;2;37;0;0;0;0;0;0;0;0;0;0;1;1;0;0;0;0;15;15;0;0;0;0;0,923076923;1;0;1;0;0;0;0;1;0;0;0;0;0;0;0;1;1;1;1;-1;-1;1
1596;4;1;3;51;0;0;0;0;0;0;0;0;0;0;1;0;0;0;0;0;23;21;0;0;0;0;1;1;0;1;0;0;0;0;1;0;0;0;0;0;0;0;1;1;-1;1;-1;-1;1
1597;2;0;2;39;0;0;0;0;0;0;0;0;0;0;1;1;0;0;0;0;15;17;0;0;0;0;0,923076923;1;0;1;0;0;0;0;1;0;0;0;0;0;0;0;1;1;1;1;-1;-1;1
1598;4;1;3;43;1;1;0;0;0;0;0;0;0;0;1;0;0;0;0;0;19;17;0;0;0;0;1;1;0;1;0;1;0;0;1;0;0;0;0;1;0;0;1;1;-1;0;1;-1;1
1599;2;0;4;45;0;0;0;0;0;0;0;0;0;2;1;0;0;0;0;0;14;24;0;0;0;0;0;0;0;1;0;0;0;0;0;0;0;0;0;0;0;0;1;1;1;1;1;1;1
1600;3;0;5;78;1;0;0;0;0;0;0;0;0;0;1;1;0;0;0;0;20;51;0;0;0;1;1;1;1;1;0;1;0;0;1;0;0;0;0;0;0;0;1;-1;-1;0;-1;-1;1
1601;1;0;2;43;0;0;0;0;0;0;0;0;0;0;1;0;0;0;0;0;17;19;0;0;0;0;0;0;0;1;0;0;0;0;0;0;0;0;0;0;0;0;1;1;1;1;1;1;1
1602;2;1;2;43;0;0;0;0;0;0;0;0;0;0;1;1;0;0;0;0;29;7;0;0;0;0;0,923076923;1;0;1;0;0;0;0;1;0;0;0;0;0;0;0;1;1;1;1;-1;-1;1
1603;3;1;5;57;0;0;0;0;0;0;0;0;0;0;1;0;0;0;1;0;18;32;0;0;0;0;0;0;0;1;0;0;0;0;0;0;0;0;0;0;0;0;1;0;1;1;1;1;1
1604;1;0;4;50;1;0;0;0;0;0;0;0;0;0;1;0;0;0;0;0;19;24;0;0;0;0;0,923076923;1;0;1;0;0;0;0;1;0;0;0;0;0;0;0;1;1;1;1;-1;-1;1
1605;3;2;5;110;0;0;0;0;0;0;0;0;0;38;1;1;0;0;0;0;25;78;0;0;0;0;0;1;1;1;1;0;1;0,035714286;0;0;0;0;0;0;0;0;0;-1;-1;-1;-1;1;1
1606;2;1;6;74;0;0;0;0;0;0;0;0;0;0;1;0;0;0;0;0;22;45;0;0;0;0;0,133333333;0,133333333;1;1;1;0;0;0,866666667;0;0;0;0;0;0;0;0;1;0;1;1;0;-1;1
1607;4;1;7;92;1;0;0;0;0;0;0;0;0;3;1;1;0;0;0;0;23;62;0;0;0;0;0;1;0;1;0;0;0;0;1;0;0;0;0;0;0;0;1;-1;-1;1;1;1;1
1608;3;2;5;110;0;0;0;0;0;0;0;0;0;45;1;1;0;0;0;0;25;78;0;0;0;0;0;1;1;1;1;0;1;0,035714286;0;0;0;0;0;0;0;0;0;-1;-1;-1;-1;1;1
1609;3;2;5;110;0;0;0;0;0;0;0;0;0;40;1;1;0;0;0;0;25;78;0;0;0;0;0;1;1;1;1;0;1;0,035714286;0;0;0;0;0;0;0;0;0;-1;-1;-1;-1;1;1
1610;3;0;4;61;0;0;0;0;0;0;0;0;0;0;1;1;0;0;0;0;10;44;0;0;0;0;0;0;0;1;0;0;0;0;0;0;0;0;0;0;0;0;1;0;1;1;1;1;1
1611;4;0;4;61;0;0;0;0;0;0;0;0;0;0;1;1;0;0;1;0;10;44;0;0;0;0;0;0;0;1;0;0;0;0;0;0;0;0;0;0;0;0;1;0;1;1;1;1;1
1612;2;0;4;48;0;0;0;0;0;0;0;0;0;0;1;1;0;0;1;0;10;31;0;0;0;0;0;0;0;1;0;0;0;0;0;0;0;0;0;0;0;0;1;1;1;1;1;1;1
1613;2;0;3;57;0;0;0;0;0;0;0;0;0;1;1;1;0;0;1;0;17;33;0;0;0;0;0;0,785714286;0;1;0;0;0;1;1;0;0;0;0;1;0;0;1;0;-1;1;1;-1;1
1614;1;0;2;34;0;0;0;0;0;0;0;0;0;0;1;0;0;0;0;0;18;9;0;0;0;0;0,941176471;1;0;1;0;0;0;0;1;0;0;0;0;0;0;0;1;1;1;1;-1;-1;1
1615;1;0;2;29;0;0;0;0;0;0;0;0;0;0;1;1;0;0;1;0;14;8;0;0;0;0;0;0;0;1;0;0;0;0;0;0;0;0;0;0;0;0;1;1;1;1;1;1;1
1616;3;1;2;49;0;0;0;0;0;0;0;0;0;0;1;1;0;0;0;0;18;24;0;0;0;1;1;1;1;1;0;1;0;0;1;0;0;0;0;0;0;0;1;1;-1;0;-1;-1;1
1617;4;3;5;100;0;0;0;0;0;0;0;0;0;25;1;1;0;0;0;0;44;49;0;0;1;0;0;0;0;1;0;0;0;0;0;0;0;0;0;0;0;0;-1;-1;1;1;1;1;1
1618;3;0;5;136;1;0;0;0;0;0;2;0;0;21;1;0;1;0;1;0;11;31;86;0;1;0;0,1875;0;0;1;0;0;0;0;1;0;0;0;0;0;0;0;1;-1;1;1;1;1;1
1619;2;0;3;43;0;0;0;0;0;0;0;0;0;0;1;0;0;0;1;0;17;19;0;0;0;0;0;0;0;1;0;0;0;1;0;0;0;0;0;0;0;1;1;1;1;1;1;-1;1
1620;3;1;3;40;1;1;0;0;0;0;0;0;0;2;1;1;0;0;1;0;13;20;0;0;0;0;1;0,111111111;0;1;0;1;0;0;1;0;0;0;0;0;0;0;1;1;-1;0;1;-1;1
1621;2;1;5;54;0;0;0;0;0;0;0;0;0;0;1;0;0;0;1;0;20;27;0;0;0;0;0;0,785714286;0;1;0;0;0;1;1;0;0;0;0;1;0;0;1;0;-1;1;1;-1;1
1622;3;0;5;175;1;0;0;0;0;0;2;9;0;22;1;0;1;0;1;0;11;31;125;0;1;0;0,1875;0;0;1;0;0;0;0;1;0;0;0;0;0;0;0;1;-1;1;1;1;1;1
1623;3;0;5;175;1;0;0;0;0;0;2;9;0;29;1;0;1;0;1;0;11;31;125;0;1;0;0,1875;0;0;1;0;0;0;0;1;0;0;0;0;0;0;0;1;-1;1;1;1;1;1
1624;3;0;3;75;0;0;0;0;0;0;1;0;0;12;1;0;0;0;0;0;10;24;33;0;0;0;0;0,642857143;1;1;0;0;0;0;0;0;0;0;0;0;0;0;1;0;-1;1;0;1;1
1625;4;0;3;78;0;0;0;0;0;0;2;0;0;12;1;0;0;0;0;0;10;24;36;0;0;0;0;0,642857143;1;1;0;0;0;0;0;0;0;0;0;0;0;0;1;-1;-1;1;0;1;1
1626;2;0;4;55;1;1;0;0;0;0;0;0;0;0;1;0;0;0;0;0;13;35;0;0;0;0;1;1;1;1;0;0;0;0;1;0;0;0;0;1;0;0;1;0;-1;1;-1;-1;1
1627;2;0;9;102;0;0;0;0;0;0;0;0;0;8;1;1;0;0;1;0;18;77;0;0;1;0;0;0,333333333;1;1;0;0;0;0;0;0;0;0;0;0;0;0;1;-1;1;1;-1;1;1
1628;3;1;3;57;0;0;0;0;0;0;0;0;0;4;1;1;0;0;1;0;22;28;0;0;0;0;0;1;1;1;0;0;0;1;1;0;0;0;0;0;0;0;1;0;-1;1;-1;-1;1
1629;2;1;2;30;0;0;0;0;0;0;0;0;0;0;1;0;0;0;0;0;19;4;0;0;0;0;0;0,785714286;0;1;0;0;0;1;1;0;0;0;0;1;0;0;1;1;-1;1;1;-1;1
1630;3;1;7;93;1;0;0;0;0;0;0;0;0;16;1;1;0;0;1;0;22;64;0;0;0;0;0;0,125;0;1;1;0;0;0,923076923;0;0;0;0;0;0;0;0;1;-1;1;1;1;-1;1
1631;2;0;4;51;1;0;0;0;0;0;0;0;0;0;1;0;0;0;0;0;10;34;0;0;0;0;0;0;0;1;0;0;0;0;0;0;0;0;0;0;0;0;1;1;1;1;1;1;1
1632;4;1;4;140;0;0;0;0;1;0;1;0;0;27;1;1;0;0;0;0;19;32;81;0;1;0;0;0;0;1;0;0;0;0;0;0;0;0;0;0;0;0;1;-1;1;1;1;1;1
1633;1;0;4;166;0;0;0;0;0;0;0;0;0;66;1;1;0;0;1;0;11;148;0;0;0;0;0;0,142857143;1;1;0;0;0;1;0;0;0;0;0;0;0;0;1;-1;0;1;1;-1;1
1634;2;0;10;110;1;0;0;0;0;0;0;0;0;28;1;1;0;0;1;0;18;85;0;0;0;0;0;0;0;0;0;0;0;0;0;0;0;0;0;0;0;0;1;-1;1;1;1;1;1
1635;2;0;4;50;0;0;0;0;0;0;0;0;0;0;1;0;0;0;0;0;24;19;0;0;0;0;0;0;0;1;0;0;0;0;0;0;0;0;0;0;0;0;1;1;1;1;1;1;1
1636;3;1;7;93;1;0;0;0;0;0;0;0;0;18;1;1;0;0;1;0;22;64;0;0;0;0;0;0,125;0;1;1;0;0;0,923076923;0;0;0;0;0;0;0;0;1;-1;1;1;1;-1;1
1637;1;0;2;32;1;1;0;0;0;0;0;0;0;0;1;0;0;0;1;0;16;9;0;0;0;0;1;0,2;0;1;0;0;0;0;0;0;0;0;0;0;0;0;1;1;1;1;1;-1;1
1638;3;1;3;52;3;3;0;1;0;0;0;0;0;14;1;1;0;0;0;0;25;20;0;0;0;0;0;0,333333333;1;1;0;0;0;1;0;0;0;0;0;0;0;0;1;1;1;1;0;-1;1
1639;3;1;7;93;1;0;0;0;0;0;0;0;0;18;1;1;0;0;1;0;22;64;0;0;0;0;0;0,125;0;1;1;0;0;0,923076923;0;0;0;0;0;0;0;0;1;-1;1;1;1;-1;1
1640;4;1;3;47;0;0;0;0;0;0;0;0;0;0;1;0;0;0;1;0;18;22;0;0;0;0;0;0;0;1;0;0;0;0;0;0;0;0;0;0;0;0;1;1;1;1;1;1;1
1641;2;0;2;40;0;0;0;0;0;0;0;0;0;0;1;0;0;0;0;0;10;23;0;0;0;0;0;0,25;1;1;0;0;0;0;0;0;0;0;0;0;0;0;1;1;1;1;0;1;1
1642;2;1;3;38;1;0;0;0;0;0;0;0;0;0;1;0;0;0;0;0;14;17;0;0;0;0;0;0;0;1;0;0;0;0;0;0;0;0;0;0;0;0;1;1;1;1;1;1;1
1643;2;0;2;35;0;0;0;0;0;0;0;0;0;0;1;0;0;0;0;0;15;13;0;0;0;0;0,923076923;1;0;1;0;0;0;0;1;0;0;0;0;0;0;0;1;1;1;1;-1;-1;1
1644;3;0;5;175;1;0;0;0;0;0;2;9;0;23;1;0;1;0;1;0;11;31;125;0;1;0;0,1875;0;0;1;0;0;0;0;1;0;0;0;0;0;0;0;1;-1;1;1;1;1;1
1645;2;0;5;70;1;0;0;0;0;0;0;0;0;0;1;0;0;0;0;0;20;43;0;0;0;0;0;0,785714286;0;1;0;0;0;1;1;0;0;0;0;1;0;0;1;0;-1;1;1;-1;1
1646;2;1;3;110;7;7;0;0;0;0;0;0;0;18;1;1;0;1;1;0;65;38;0;0;0;1;0;0,933333333;0;1;0;0;0;0;1;0;0;0;0;0;0;0;1;-1;-1;1;-1;1;1
1647;4;0;4;53;1;0;0;0;0;0;0;0;0;0;1;0;0;0;1;0;14;32;0;0;0;0;0;0,071428571;1;1;0;0;0;1;0;0;0;0;0;1;0;0;1;1;1;1;1;-1;1
1648;3;1;7;93;1;0;0;0;0;0;0;0;0;21;1;1;0;0;1;0;22;64;0;0;0;0;0;0,125;0;1;1;0;0;0,923076923;0;0;0;0;0;0;0;0;1;-1;1;1;1;-1;1
1649;3;1;7;93;1;0;0;0;0;0;0;0;0;19;1;1;0;0;1;0;22;64;0;0;0;0;0;0,125;0;1;1;0;0;0,923076923;0;0;0;0;0;0;0;0;1;-1;1;1;1;-1;1
1650;4;1;4;70;1;0;0;0;0;0;0;0;0;0;1;0;0;0;0;0;18;45;0;0;0;0;0;0,974358974;0;1;0;0;0;0;1;0;0;0;0;0;0;0;1;0;-1;1;-1;1;1
1651;3;1;7;93;1;0;0;0;0;0;0;0;0;21;1;1;0;0;1;0;22;64;0;0;0;0;0;0,125;0;1;1;0;0;0,923076923;0;0;0;0;0;0;0;0;1;-1;1;1;1;-1;1
1652;3;1;2;52;0;0;0;0;0;0;0;0;0;0;1;0;0;0;0;0;29;16;0;0;0;0;0,923076923;1;0;1;0;0;0;0;1;0;0;0;0;0;0;0;1;1;1;1;-1;-1;1
1653;2;0;6;60;1;0;0;0;0;0;0;0;0;0;1;1;0;0;1;0;10;43;0;0;0;0;1;1;0;1;0;0;0;0;1;0;0;0;0;0;0;0;1;0;-1;1;-1;-1;1
1654;2;0;2;25;0;0;0;0;0;0;0;0;0;0;1;0;0;0;0;0;12;6;0;0;0;0;0,923076923;1;0;1;0;0;0;0;1;0;0;0;0;0;0;0;1;1;1;1;-1;-1;1
1655;3;1;7;93;1;0;0;0;0;0;0;0;0;23;1;1;0;0;1;0;22;64;0;0;0;0;0;0,125;0;1;1;0;0;0,923076923;0;0;0;0;0;0;0;0;1;-1;1;1;1;-1;1
1656;2;0;5;43;2;1;0;0;0;0;0;0;0;0;1;0;0;0;1;0;15;21;0;0;0;0;0;0;0;1;0;0;0;0;0;0;0;0;0;0;0;0;1;1;1;1;1;1;1
1657;4;1;5;82;1;0;0;0;0;0;0;0;0;0;1;1;0;0;0;0;24;51;0;0;0;1;1;1;1;1;0;1;0;0;1;0;0;0;0;0;0;0;1;-1;-1;0;-1;-1;1
1658;3;1;7;93;1;0;0;0;0;0;0;0;0;21;1;1;0;0;1;0;22;64;0;0;0;0;0;0,125;0;1;1;0;0;0,923076923;0;0;0;0;0;0;0;0;1;-1;1;1;1;-1;1
1659;3;1;4;84;1;0;0;0;0;0;0;0;0;21;1;1;0;0;0;0;26;51;0;0;0;0;0;0;0;1;0;0;0;0;0;0;0;0;0;0;0;0;1;-1;1;1;1;1;1
1660;1;0;6;54;1;0;0;0;0;0;0;0;0;4;1;1;0;0;1;0;16;31;0;0;0;0;0;0;0;1;0;0;0;0;0;0;0;0;0;0;0;0;1;0;1;1;1;1;1
1661;2;0;1;33;0;0;0;0;0;0;0;0;0;0;1;0;0;0;0;0;16;10;0;0;0;0;0,857142857;1;0;1;0;0;0;0,142857143;1;0;0;0;0;0;0;0;1;1;-1;1;-1;-1;1
1662;1;0;7;44;0;0;0;0;0;0;0;0;0;0;1;1;0;0;0;0;11;26;0;0;0;0;0,1;0;0;1;0;0;0;0,7;0;0;0;0;0;0;0;0;1;1;1;1;1;-1;1
1663;3;1;4;51;0;0;0;0;0;0;0;0;0;0;1;0;0;0;0;0;19;25;0;0;0;0;0;0;0;1;0;0;0;0;0;0;0;0;0;0;0;0;1;1;1;1;1;1;1
1664;2;0;4;80;1;0;0;0;0;0;0;0;0;18;1;1;0;0;0;0;22;51;0;0;0;0;0;0;0;1;0;0;0;0;0;0;0;0;0;0;0;0;1;-1;1;1;1;1;1
1665;2;0;4;41;0;0;0;0;0;0;0;0;0;0;1;1;0;0;0;0;19;15;0;0;0;0;0;0;0;1;0;0;0;0;0;0;0;0;0;0;0;0;1;1;1;1;1;1;1
1666;1;0;6;57;0;0;0;0;0;1;0;0;0;3;1;1;0;0;0;0;17;33;0;0;0;0;0,066666667;0,076923077;0;1;1;0;0;0,866666667;0;0;0;0;0;0;0;0;1;0;1;1;1;-1;1
1667;1;0;7;72;0;0;0;0;0;2;0;0;0;6;1;1;0;0;1;0;17;48;0;0;0;0;0,066666667;0,076923077;0;1;1;0;0;0,866666667;0;0;0;0;0;0;0;0;1;0;1;1;1;-1;1
1668;1;0;7;72;0;0;0;0;0;2;0;0;0;6;1;1;0;0;0;0;17;48;0;0;0;0;0,066666667;0,076923077;0;1;1;0;0;0,866666667;0;0;0;0;0;0;0;0;1;0;1;1;1;-1;1
1669;4;1;3;47;0;0;0;0;0;0;0;0;0;0;1;1;0;0;0;0;14;26;0;0;0;0;0;0;0;1;0;0;0;0;0;0;0;0;0;0;0;0;1;1;1;1;1;1;1
1670;1;0;3;30;0;0;0;0;0;0;0;0;0;0;1;1;0;0;0;0;9;14;0;0;0;0;0;0;0;1;0;0;0;0;0;0;0;0;0;0;0;0;1;1;1;1;1;1;1
1671;3;0;4;53;0;0;0;0;0;0;0;0;0;6;1;1;0;0;0;0;17;29;0;0;0;0;0;0,2;1;1;0;0;0;1;0;0;0;0;0;0;0;0;1;1;1;1;0;-1;1
1672;3;0;5;175;1;0;0;0;0;0;2;9;0;22;1;0;1;0;1;0;11;31;125;0;1;0;0,1875;0;0;1;0;0;0;0;1;0;0;0;0;0;0;0;1;-1;1;1;1;1;1
1673;3;0;2;52;1;0;0;0;0;0;0;0;0;0;1;1;0;0;1;0;18;27;0;0;0;0;0;1;0;1;0;0;0;0;1;0;0;0;0;0;0;0;1;1;-1;1;-1;1;1
1674;2;1;6;61;0;0;0;0;0;0;0;0;0;1;1;1;0;0;0;0;18;36;0;0;0;0;0;0;0;1;0;0;0;0;0;0;0;0;0;0;0;0;1;0;1;1;1;1;1
1675;5;1;4;61;0;0;0;0;0;0;0;0;0;0;1;0;0;0;1;0;18;36;0;0;1;0;0,909090909;0,384615385;1;1;0;0;0;0,090909091;1;0;0;0;0;1;0;0;1;0;0;1;0;-1;1
1676;2;0;4;54;1;0;0;0;0;0;0;0;0;0;1;0;0;0;0;0;20;27;0;0;0;0;0;1;1;1;0;0;0;0;1;1;0;0;0;0;0;0;1;0;-1;1;-1;1;1
1677;2;0;6;54;0;0;0;0;0;0;0;0;0;0;1;0;0;0;0;0;11;36;0;0;1;1;0;0,5;1;1;1;1;1;1;0;0;0;0;0;0;0;0;1;0;1;0;0;-1;1
1678;2;0;4;53;0;0;0;0;0;0;0;0;0;0;1;0;0;0;1;0;12;34;0;0;0;0;0;0;0;1;0;0;0;0;0;0;0;0;0;0;0;0;1;1;1;1;1;1;1
1679;2;0;4;51;0;0;0;0;0;0;0;0;0;0;1;0;0;0;0;0;12;32;0;0;0;0;0;0;0;1;0;0;0;0;0;0;0;0;0;0;0;0;1;1;1;1;1;1;1
1680;2;0;3;43;0;0;0;0;0;0;0;0;0;0;1;0;0;0;0;0;12;24;0;0;0;0;0;0;0;1;0;0;0;0;0;0;0;0;0;0;0;0;1;1;1;1;1;1;1
1681;2;1;4;76;0;0;0;1;0;0;0;0;0;29;0;1;0;0;0;0;23;45;0;0;0;0;0;0;0;0;0;0;0;0;0;0;0;0;0;0;0;0;1;-1;1;1;1;1;1
1682;2;1;4;76;0;0;0;1;0;0;0;0;0;26;0;1;0;0;0;0;23;45;0;0;0;0;0;0;0;0;0;0;0;0;0;0;0;0;0;0;0;0;1;-1;1;1;1;1;1
1683;4;1;3;51;0;0;0;0;0;0;0;0;0;0;1;0;0;0;0;0;19;25;0;0;0;0;0;0,5;1;1;1;0;1;1;0;0;0;0;0;0;0;0;1;1;1;-1;0;-1;1
1684;2;0;1;36;0;0;0;0;0;0;0;0;0;0;1;0;0;0;1;0;16;13;0;0;0;0;0;1;1;1;0;0;0;1;1;0;0;0;0;0;0;0;1;1;-1;1;-1;-1;1
1685;2;0;4;78;0;0;0;1;0;0;0;0;0;22;1;1;0;0;1;0;22;49;0;0;0;0;0;0,1875;1;1;0;0;0;1;0;0;0;0;0;0;0;0;1;-1;1;1;0;-1;1
1686;3;1;3;52;0;0;0;0;0;0;0;0;0;0;1;0;0;0;0;0;22;23;0;0;0;0;0;0;0;1;1;0;0;1;0;0;0;0;0;0;0;0;1;1;1;1;1;-1;1
1687;1;0;3;39;0;0;0;0;0;0;0;0;0;1;1;0;0;0;0;0;21;11;0;0;0;0;1;0,897959184;0;1;1;0;0;0;1;0;0;0;0;1;0;0;1;1;1;1;-1;-1;1
1688;2;0;2;43;0;0;0;0;0;0;0;0;0;0;1;0;0;0;0;0;17;19;0;0;0;0;0;0,785714286;0;1;0;0;0;1;1;0;0;0;0;1;0;0;1;1;-1;1;1;-1;1
1689;3;1;2;34;0;0;0;0;0;0;0;0;0;6;1;1;0;0;0;0;19;8;0;0;0;0;1;0;0;1;0;0;0;0;0;0;0;0;0;0;0;0;1;1;1;1;1;-1;1
1690;3;1;4;84;1;0;0;0;0;0;0;0;0;20;1;1;0;0;0;0;26;51;0;0;0;0;0;0;0;1;0;0;0;0;0;0;0;0;0;0;0;0;1;-1;1;1;1;1;1
1691;3;1;4;84;1;0;0;0;0;0;0;0;0;25;1;1;0;0;0;0;26;51;0;0;0;0;0;0;0;1;0;0;0;0;0;0;0;0;0;0;0;0;1;-1;1;1;1;1;1
1692;3;1;4;84;1;0;0;0;0;0;0;0;0;18;1;1;0;0;0;0;26;51;0;0;0;0;0;0;0;1;0;0;0;0;0;0;0;0;0;0;0;0;1;-1;1;1;1;1;1
1693;2;0;5;58;0;0;0;0;0;0;0;0;0;0;1;0;0;0;0;0;12;39;0;0;0;0;0;0;0;1;0;0;0;0;0;0;0;0;0;0;0;0;1;0;1;1;1;1;1
1694;3;1;2;39;0;0;0;0;0;0;0;0;0;0;1;0;0;0;0;0;18;14;0;0;0;0;0,9;0,956521739;1;1;0;1;0;0,1;1;0;0;0;0;1;0;0;1;1;-1;0;-1;-1;1
1695;2;0;5;61;0;0;0;0;0;0;0;0;0;0;1;0;0;0;0;0;23;31;0;0;0;0;0;0;0;1;1;0;0;1;0;0;0;0;0;0;0;0;1;0;1;1;1;-1;1
1696;2;0;3;40;0;0;0;0;0;0;0;0;0;0;1;1;0;0;0;0;13;20;0;0;0;0;0;0;0;1;0;0;0;0;0;0;0;0;0;0;0;0;1;1;1;1;1;1;1
1697;2;0;4;49;0;0;0;0;0;0;0;0;0;0;1;1;0;0;0;0;12;30;0;0;0;0;0;0;0;1;0;0;0;0;0;0;0;0;0;0;0;0;1;1;1;1;1;1;1
1698;3;1;3;38;0;0;0;0;0;0;0;0;0;0;1;0;0;0;0;0;22;9;0;0;0;0;0;0;0;1;0;0;0;0;0;0;0;0;0;0;0;0;1;1;1;1;1;1;1
1699;1;0;2;24;0;0;0;0;0;0;0;0;0;0;1;1;0;0;0;0;11;6;0;0;0;0;0;0;0;1;0;0;0;0;0;0;0;0;0;0;0;0;1;1;1;1;1;1;1
1700;3;1;2;39;0;0;0;0;0;0;0;0;0;0;1;0;0;0;0;0;20;12;0;0;0;0;0;0;0;1;0;0;0;0;0;0;0;0;0;0;0;0;1;1;1;1;1;1;1
1701;3;1;3;50;1;0;0;0;0;0;0;0;0;0;1;0;0;0;1;0;14;29;0;0;0;1;1;1;0;1;0;0;0;0;1;0;0;0;0;0;0;0;1;1;-1;1;-1;-1;1
1702;1;0;2;23;0;0;0;0;0;0;0;0;0;0;1;0;0;0;0;0;11;5;0;0;0;0;0;0,153846154;0;1;0;0;0;0;0;0;0;0;0;0;0;0;1;1;1;1;1;1;1
1703;3;0;4;59;0;0;0;0;0;0;0;0;0;0;1;0;0;0;0;0;24;28;0;0;0;0;0;0;0;1;0;0;0;0;0;0;0;0;0;0;0;0;1;0;1;1;1;1;1
1704;2;0;3;41;0;0;0;0;0;0;0;0;0;0;1;0;0;0;0;0;14;20;0;0;0;0;0;0,214285714;0;1;0;0;0;1;0;0;0;0;0;1;0;0;1;1;0;1;1;-1;1
1705;1;0;2;33;1;1;0;0;0;0;0;0;0;0;1;0;0;0;1;0;19;7;0;0;0;1;1;1;0;1;0;0;0;0;1;0;0;0;0;0;0;0;1;1;-1;1;-1;-1;1
1706;3;1;7;93;1;0;0;0;0;0;0;0;0;21;1;1;0;0;1;0;22;64;0;0;0;0;0;0,125;0;1;1;0;0;0,923076923;0;0;0;0;0;0;0;0;1;-1;1;1;1;-1;1
1707;2;0;2;43;1;1;0;0;0;0;0;0;0;0;1;0;0;0;1;0;19;17;0;0;0;1;1;1;0;1;0;0;0;0;1;0;0;0;0;0;0;0;1;1;-1;1;-1;-1;1
1708;1;0;5;50;1;0;0;0;0;0;0;0;0;0;1;0;0;0;0;0;21;22;0;0;0;0;0,066666667;0,076923077;0;1;1;0;0;0,866666667;0;0;0;0;0;0;0;0;1;1;1;1;1;-1;1
1709;1;0;5;49;1;0;0;0;0;0;0;0;0;0;1;0;0;0;0;0;21;21;0;0;0;0;0,066666667;0,076923077;0;1;1;0;0;0,866666667;0;0;0;0;0;0;0;0;1;1;1;1;1;-1;1
1710;3;1;3;57;0;0;0;0;0;0;0;0;0;0;1;0;0;0;0;0;21;29;0;0;0;0;0;0,785714286;0;1;0;0;0;1;1;0;0;0;0;1;0;0;1;0;-1;1;1;-1;1
1711;2;1;3;48;0;0;0;0;0;0;0;0;0;0;1;0;0;0;0;0;21;20;0;0;0;0;0;0,785714286;0;1;0;0;0;1;1;0;0;0;0;1;0;0;1;1;-1;1;1;-1;1
1712;1;0;6;58;0;0;0;0;0;0;0;0;0;1;1;0;0;0;0;0;23;28;0;0;0;0;0,083333333;0,071428571;0;1;1;0;0;0,833333333;0;0;0;0;0;0;0;0;1;0;1;1;1;-1;1
1713;1;0;2;23;0;0;0;0;0;0;0;0;0;0;1;0;0;0;1;0;12;4;0;0;0;0;0;0,2;1;1;0;0;0;0,909090909;0;0;0;0;0;0;0;0;1;1;1;1;0;-1;1
1714;2;1;8;76;1;0;0;0;0;0;0;0;0;0;1;0;0;0;1;0;19;50;0;0;0;0;0;0;0;1;0;0;0;0;0;0;0;0;0;0;0;0;1;-1;1;1;1;1;1
1715;3;1;1;53;0;0;0;0;0;0;0;0;0;0;1;1;0;0;0;0;36;10;0;0;0;0;0;0,214285714;0;1;0;0;0;1;0;0;0;0;0;1;0;0;1;1;0;1;1;-1;1
1716;15;1;2;247;0;0;0;0;0;0;6;12;1;74;1;0;0;0;1;0;23;17;174;0;0;0;0;0,666666667;1;1;0;0;0;0;0;0;0;0;0;0;0;0;1;-1;-1;1;0;1;1
1717;1;0;4;41;1;0;0;0;0;0;0;0;0;0;1;0;0;0;0;0;13;21;0;0;0;0;0;0;0;1;0;0;0;1;0;0;0;0;0;0;0;0;1;1;1;1;1;-1;1
1718;1;0;2;20;0;0;0;0;0;0;0;0;0;0;1;0;0;0;1;0;9;4;0;0;0;0;1;0,142857143;1;1;0;0;0;0;0;0;0;0;0;1;0;0;1;1;1;1;0;-1;1
1719;3;0;4;63;1;0;0;0;0;0;0;0;0;0;1;1;0;0;0;0;25;31;0;0;0;0;0;0;0;1;1;0;0;1;0;0;0;0;0;0;0;0;1;0;1;1;1;-1;1
1720;3;0;2;34;0;0;0;0;0;0;0;0;0;0;1;1;0;0;0;0;12;15;0;0;0;0;0,923076923;1;0;1;0;0;0;0;1;0;0;0;0;0;0;0;1;1;1;1;-1;-1;1
1721;2;1;0;22;0;0;0;0;0;0;0;0;0;0;1;0;0;0;0;0;14;1;0;0;0;0;0;0,666666667;1;1;1;0;0;0;0;0;0;0;0;0;0;0;1;1;0;1;0;1;1
1722;3;1;7;93;1;0;0;0;0;0;0;0;0;18;1;1;0;0;1;0;22;64;0;0;0;0;0;0,125;0;1;1;0;0;0,923076923;0;0;0;0;0;0;0;0;1;-1;1;1;1;-1;1
1723;1;0;3;31;0;0;0;0;0;0;0;0;0;0;1;0;0;0;0;0;11;13;0;0;0;0;0;0;0;1;1;0;0;0;0;0;0;0;0;0;0;0;1;1;1;1;1;1;1
1724;2;0;3;37;0;0;0;0;0;0;0;0;0;0;1;0;0;0;1;0;11;19;0;0;0;0;0;0;0;1;1;0;0;0;0;0;0;0;0;0;0;0;1;1;1;1;1;1;1
1725;3;0;3;51;0;0;0;0;0;0;0;0;0;0;1;1;0;0;1;0;16;28;0;0;0;0;0;0;0;1;1;0;0;0;0;0;0;0;0;0;1;0;1;1;1;1;1;1;1
1726;2;0;1;29;0;0;0;0;0;0;0;0;0;0;1;0;0;0;0;0;10;12;0;0;0;0;1;1;1;1;1;1;1;0;1;0;0;0;0;0;0;0;1;1;-1;0;-1;-1;1
1727;3;1;3;68;0;0;0;1;0;0;0;0;0;7;1;1;0;0;0;0;29;32;0;0;0;0;0,083333333;1;0;1;0;0;0;0,833333333;0;0;0;0;0;0;0;0;1;0;-1;1;-1;-1;1
1728;2;0;4;47;1;1;0;0;0;0;0;0;0;4;1;1;0;0;0;0;17;23;0;0;0;0;0;0;0;1;0;0;0;1;0;0;0;0;0;0;0;1;1;1;1;1;1;-1;1
1729;2;0;2;37;0;0;0;0;0;0;0;0;0;0;1;1;0;0;0;0;14;16;0;0;0;0;0,923076923;1;0;1;0;0;0;0;1;0;0;0;0;0;0;0;1;1;1;1;-1;-1;1
1730;2;1;5;92;1;0;0;0;0;0;0;0;0;22;1;1;0;0;1;0;29;56;0;0;0;0;0;0,785714286;0;1;0;0;0;1;1;0;0;0;0;1;0;0;1;-1;-1;1;1;-1;1
1731;3;1;7;93;1;0;0;0;0;0;0;0;0;19;1;1;0;0;1;0;22;64;0;0;0;0;0;0,125;0;1;1;0;0;0,923076923;0;0;0;0;0;0;0;0;1;-1;1;1;1;-1;1
1732;1;0;3;64;0;0;0;0;0;0;0;0;0;20;1;1;0;0;0;0;19;38;0;0;0;0;0;0;0;1;0;0;0;0;0;0;0;0;0;0;0;0;1;0;1;1;1;1;1
1733;1;0;3;58;1;1;0;0;0;0;0;0;0;23;1;1;0;0;0;0;13;38;0;0;0;0;0;0;0;1;0;0;0;0;0;0;0;0;0;0;0;0;1;0;1;1;1;1;1
1734;1;0;3;59;0;0;0;0;0;0;0;0;0;14;1;1;0;0;0;0;14;38;0;0;0;0;0;0;0;1;0;0;0;0;0;0;0;0;0;0;0;0;1;0;1;1;1;1;1
1735;1;0;3;67;0;0;0;0;0;0;0;0;0;20;1;1;0;0;0;0;22;38;0;0;0;0;0;0;0;1;0;0;0;0;0;0;0;0;0;0;0;0;1;0;1;1;1;1;1
1736;1;0;2;58;0;0;0;0;0;0;0;0;0;0;1;0;0;0;0;0;34;17;0;0;1;0;1;1;0;1;0;0;0;0;1;0;0;0;0;0;0;0;1;0;-1;1;-1;-1;1
1737;1;0;2;49;0;0;0;0;0;0;0;0;0;0;1;0;0;0;0;0;15;27;0;0;0;0;0;0;0;1;0;0;0;0;0;0;0;0;0;0;0;0;1;1;1;1;1;1;1
1738;2;0;2;38;0;0;0;0;0;0;0;0;0;0;1;1;0;0;0;0;15;16;0;0;0;0;0,923076923;1;0;1;0;0;0;0;1;0;0;0;0;0;0;0;1;1;1;1;-1;-1;1
1739;1;0;4;38;1;1;0;0;0;0;0;0;0;4;1;1;0;0;0;0;17;14;0;0;0;0;0;0;0;1;0;0;0;1;0;0;0;0;0;0;0;1;1;1;1;1;1;-1;1
1740;3;1;7;93;1;0;0;0;0;0;0;0;0;21;1;1;0;0;1;0;22;64;0;0;0;0;0;0,125;0;1;1;0;0;0,923076923;0;0;0;0;0;0;0;0;1;-1;1;1;1;-1;1
1741;3;1;5;64;1;0;0;0;0;0;0;0;0;4;1;1;0;0;0;0;20;37;0;0;0;0;0;0;0;1;0;0;0;1;0;0;0;0;0;0;0;1;1;0;1;1;1;-1;1
1742;3;0;2;121;0;0;0;0;0;0;0;0;0;79;1;1;0;0;0;0;14;100;0;0;0;0;0;0,071428571;0;1;0;0;0;0,960784314;0;0;0;0;0;0;0;0;1;-1;1;1;1;-1;1
1743;2;1;2;31;0;0;0;0;0;0;0;0;0;0;1;0;0;0;0;0;15;9;0;0;0;0;0;0,785714286;0;1;0;0;0;1;1;0;0;0;0;1;0;0;1;1;-1;1;1;-1;1
1744;1;0;5;54;1;0;0;0;0;0;0;0;0;0;1;1;0;0;0;0;14;33;0;0;0;0;0,6;0,125;0;1;0;0;0;0,2;0;0;0;0;0;0;0;0;1;0;0;1;1;-1;1
1745;1;0;3;35;0;0;0;0;0;0;0;0;0;0;1;0;0;0;0;0;9;19;0;0;0;0;1;0,142857143;1;1;0;0;0;0;0;0;0;0;0;1;0;0;1;1;1;1;0;-1;1
1746;1;0;6;48;1;0;0;0;0;0;0;0;0;0;1;0;0;0;1;0;11;30;0;0;0;0;0;0;0;1;0;1;0;1;0;0;0;0;0;0;0;0;1;1;1;0;1;-1;1
1747;2;0;2;34;0;0;0;0;0;0;0;0;0;0;1;1;0;0;0;0;12;15;0;0;0;0;0;0;0;1;0;0;0;0;0;0;0;0;0;0;0;0;1;1;1;1;1;1;1
1748;2;0;2;91;1;0;0;0;5;0;1;0;0;2;1;0;0;0;0;0;14;18;51;0;0;0;0;0,333333333;0;1;1;0;0;0;0;0;0;0;0;0;0;0;1;-1;1;1;-1;1;1
1749;1;0;2;52;0;0;0;0;0;0;0;0;0;0;1;0;0;0;0;0;15;30;0;0;0;0;0;0;0;1;0;0;0;0;0;0;0;0;0;0;0;0;1;1;1;1;1;1;1
1750;3;0;5;68;0;0;0;0;0;0;0;0;0;0;1;0;0;0;0;0;23;38;0;0;0;0;0;1;0;1;1;0;0;1;1;0;0;0;0;0;0;0;1;0;-1;1;-1;-1;1
1751;1;0;5;49;1;0;0;0;0;0;0;0;0;0;1;0;0;0;1;0;16;26;0;0;0;1;1;1;0;1;0;0;0;0;1;0;0;0;0;1;0;0;1;1;-1;1;-1;-1;1
1752;2;0;6;105;1;0;0;0;0;0;0;0;0;24;1;1;0;0;0;0;27;71;0;0;0;0;0;0;0;1;0;0;0;1;0;0;0;0;0;0;0;1;1;-1;1;1;1;-1;1
1753;1;0;7;87;1;0;0;0;0;0;0;0;0;29;1;1;0;0;0;0;12;68;0;0;0;0;0,066666667;0,076923077;0;1;1;0;0;0,866666667;0;0;0;0;0;0;0;0;1;-1;1;1;1;-1;1
1754;1;0;7;87;1;0;0;0;0;0;0;0;0;30;1;1;0;0;0;0;12;68;0;0;0;0;0,066666667;0,076923077;0;1;1;0;0;0,866666667;0;0;0;0;0;0;0;0;1;-1;1;1;1;-1;1
1755;1;0;7;87;1;0;0;0;0;0;0;0;0;21;1;1;0;0;0;0;12;68;0;0;0;0;0,066666667;0,076923077;0;1;1;0;0;0,866666667;0;0;0;0;0;0;0;0;1;-1;1;1;1;-1;1
1756;2;0;5;62;0;0;0;0;0;0;0;0;0;0;1;0;0;0;1;0;12;43;0;0;0;1;1;0,125;1;1;0;0;0;0;1;0;0;0;0;0;0;0;1;0;1;1;0;-1;1
1757;3;1;7;93;1;0;0;0;0;0;0;0;0;21;1;1;0;0;1;0;22;64;0;0;0;0;0;0,125;0;1;1;0;0;0,923076923;0;0;0;0;0;0;0;0;1;-1;1;1;1;-1;1
1758;2;0;4;79;0;0;0;0;0;0;0;0;0;0;1;1;0;0;0;0;23;49;0;0;0;1;1;1;1;1;0;1;0;0;1;0;0;0;0;0;0;0;1;-1;-1;0;-1;-1;1
1759;7;0;2;99;0;0;0;0;0;0;1;0;0;12;1;0;0;0;0;0;12;3;76;0;0;0;0;0,166666667;0;1;1;0;1;0;0;0;0;0;0;0;0;1;1;-1;1;-1;0;1;1
1760;4;1;3;43;0;0;0;0;0;0;0;0;0;0;1;1;0;0;0;0;14;22;0;0;0;0;0;0;0;1;1;0;0;0;1;0;0;0;0;0;0;0;1;1;1;1;1;1;1
1761;3;1;3;48;1;1;0;0;0;0;0;0;0;0;1;1;0;0;0;0;19;22;0;0;0;0;0;0;0;1;1;0;0;0;1;0;0;0;0;0;0;0;1;1;1;1;1;1;1
1762;1;0;4;50;0;0;0;0;0;0;0;0;0;0;1;1;0;0;0;0;22;21;0;0;0;0;0;0,785714286;0;1;0;0;0;1;1;0;0;0;0;1;0;0;1;1;-1;1;1;-1;1
1763;2;0;2;36;0;0;0;0;0;0;0;0;0;0;1;1;0;0;1;0;15;14;0;0;0;0;0,923076923;1;0;1;0;0;0;0;1;0;0;0;0;0;0;0;1;1;1;1;-1;-1;1
1764;2;0;2;37;0;0;0;0;0;0;0;0;0;0;1;1;0;0;0;0;15;15;0;0;0;0;0,923076923;1;0;1;0;0;0;0;1;0;0;0;0;0;0;0;1;1;1;1;-1;-1;1
1765;2;0;5;82;1;0;0;0;0;0;0;0;0;33;1;1;0;0;0;0;19;56;0;0;0;0;1;1;0;1;0;0;0;0;1;0;0;0;0;1;0;0;1;-1;-1;1;-1;-1;1
1766;2;0;2;35;1;1;0;0;0;0;0;0;0;0;1;0;0;0;0;0;18;10;0;0;0;0;0,923076923;1;0;1;0;0;0;0;1;0;0;0;0;0;0;0;1;1;1;1;-1;-1;1
1767;3;0;3;54;0;0;0;0;0;0;0;0;0;0;1;0;0;0;1;0;17;30;0;0;0;0;0;0;0;1;1;0;0;0;0;0;0;0;0;0;1;0;1;0;1;1;1;1;1
1768;3;1;4;48;0;0;0;0;0;0;0;0;0;1;1;1;0;0;0;0;16;25;0;0;0;0;0;0,785714286;0;1;0;0;0;1;1;0;0;0;0;1;0;0;1;1;-1;1;1;-1;1
1769;2;0;5;60;1;0;0;0;0;0;0;0;0;0;1;0;0;0;0;0;21;32;0;0;0;0;0,066666667;0,076923077;0;1;1;0;0;0,866666667;0;0;0;0;0;0;0;0;1;0;1;1;1;-1;1
1770;3;1;5;71;0;0;0;0;1;0;0;0;0;0;1;0;0;0;0;0;33;31;0;0;0;0;0;0;0;1;0;0;0;0;0;0;0;0;0;0;0;0;1;0;1;1;1;1;1
1771;1;0;2;22;0;0;0;0;0;0;0;0;0;0;1;0;0;0;0;0;12;3;0;0;0;0;0;0,166666667;0;1;1;0;1;0;0;0;0;0;0;0;0;1;1;1;1;-1;0;1;1
1772;7;0;2;98;0;0;0;0;0;0;1;0;0;11;1;0;0;0;0;0;12;3;75;0;0;0;0;0,166666667;0;1;1;0;1;0;0;0;0;0;0;0;0;1;1;-1;1;-1;0;1;1
1773;2;0;3;41;1;0;0;0;0;0;0;0;0;0;1;0;0;0;0;0;6;28;0;0;0;0;0,263157895;1;1;1;1;0;1;0,684210526;1;0;0;0;0;0;0;0;1;1;-1;-1;-1;-1;1
1774;2;1;3;35;0;0;0;0;0;0;0;0;0;0;1;0;0;0;1;0;18;10;0;0;0;0;0;0,785714286;0;1;0;0;0;1;1;0;0;0;0;1;0;0;1;1;-1;1;1;-1;1
1775;2;1;3;35;0;0;0;0;0;0;0;0;0;0;1;0;0;0;0;0;18;10;0;0;0;0;0;0,785714286;0;1;0;0;0;1;1;0;0;0;0;1;0;0;1;1;-1;1;1;-1;1
1776;2;1;3;39;0;0;0;0;0;0;0;0;0;0;1;0;0;0;0;0;18;14;0;0;0;0;0;0,785714286;0;1;0;0;0;1;1;0;0;0;0;1;0;0;1;1;-1;1;1;-1;1
1777;2;1;3;40;0;0;0;0;0;0;0;0;0;0;1;0;0;0;0;0;18;15;0;0;0;0;0;0,785714286;0;1;0;0;0;1;1;0;0;0;0;1;0;0;1;1;-1;1;1;-1;1
1778;2;1;3;36;0;0;0;0;0;0;0;0;0;0;1;0;0;0;0;0;18;11;0;0;0;0;0;0,214285714;0;1;0;0;0;1;0;0;0;0;0;1;0;0;1;1;0;1;1;-1;1
1779;3;1;2;47;0;0;0;0;0;0;0;0;0;0;1;0;0;0;1;0;23;17;0;0;0;0;0;0,666666667;1;1;0;0;0;1;0;0;0;0;0;0;0;0;1;1;-1;1;0;-1;1
1780;2;1;3;41;0;0;0;0;0;0;0;0;0;0;1;0;0;0;1;0;20;14;0;0;0;0;0;0,785714286;0;1;0;0;0;1;1;0;0;0;0;1;0;0;1;1;-1;1;1;-1;1
1781;2;0;2;32;1;1;0;0;0;0;0;0;0;0;1;0;0;0;0;0;12;13;0;0;0;0;0;0,785714286;0;1;0;0;0;1;1;0;0;0;0;1;0;0;1;1;-1;1;1;-1;1
1782;3;0;2;45;1;1;0;0;0;0;0;0;0;0;1;0;0;0;0;0;18;20;0;0;0;0;0,923076923;1;0;1;0;0;0;0;1;0;0;0;0;0;0;0;1;1;1;1;-1;-1;1
1783;2;0;3;48;0;0;0;0;0;0;0;0;0;0;1;1;0;0;0;0;20;21;0;0;0;0;0;0,785714286;0;1;0;0;0;1;1;0;0;0;0;1;0;0;1;1;-1;1;1;-1;1
1784;2;1;4;60;1;0;0;0;0;0;0;0;0;0;1;0;0;0;0;0;28;25;0;0;0;0;0;0;0;1;0;0;0;0;0;0;0;0;0;0;0;0;1;0;1;1;1;1;1
1785;3;0;3;47;0;0;0;0;0;0;0;0;0;1;1;0;0;0;1;0;17;23;0;0;0;0;0;0;0;1;1;0;0;1;0;0;0;0;0;0;0;0;1;1;1;1;1;-1;1
1786;2;0;3;49;1;0;0;0;0;0;1;0;0;0;1;0;0;0;1;0;14;24;3;0;0;0;0;0,642857143;1;1;0;0;0;0;0;0;0;0;0;0;0;0;1;1;-1;1;0;1;1
1787;2;0;3;78;1;0;0;0;3;0;1;0;0;1;1;0;0;0;1;0;11;19;40;0;0;0;0;0;0;1;1;0;0;0;0;0;0;0;0;0;0;0;1;-1;1;1;1;1;1
1788;3;1;7;93;1;0;0;0;0;0;0;0;0;17;1;1;0;0;1;0;22;64;0;0;0;0;0;0,125;0;1;1;0;0;0,923076923;0;0;0;0;0;0;0;0;1;-1;1;1;1;-1;1
1789;3;1;7;93;1;0;0;0;0;0;0;0;0;25;1;1;0;0;1;0;22;64;0;0;0;0;0;0,125;0;1;1;0;0;0,923076923;0;0;0;0;0;0;0;0;1;-1;1;1;1;-1;1
1790;3;1;7;93;1;0;0;0;0;0;0;0;0;20;1;1;0;0;1;0;22;64;0;0;0;0;0;0,125;0;1;1;0;0;0,923076923;0;0;0;0;0;0;0;0;1;-1;1;1;1;-1;1
1791;2;0;2;47;1;0;0;0;0;0;0;0;0;0;1;0;0;0;0;0;19;21;0;0;0;0;1;1;0;1;1;1;1;0;1;0;0;0;0;0;0;0;1;1;-1;-1;-1;-1;1
1792;7;0;9;134;1;0;0;0;2;0;0;0;0;15;1;0;0;0;1;0;6;49;71;0;1;1;1;1;1;1;0;0;0;0;1;0;0;0;0;0;0;0;1;-1;-1;1;-1;-1;1
1793;1;0;3;39;0;0;0;0;0;0;0;0;0;0;1;1;0;0;0;0;17;15;0;0;0;0;0;0;0;1;0;0;0;0;0;0;0;0;0;0;0;0;1;1;1;1;1;1;1
1794;3;1;4;76;0;0;0;0;1;0;0;0;0;0;1;0;0;0;0;0;26;43;0;0;1;0;0,5;1;1;1;0;0;0;0;1;0;0;0;0;0;0;0;1;-1;-1;1;-1;0;1
1795;1;0;2;27;0;0;0;0;0;0;0;0;0;0;1;0;0;0;0;0;15;5;0;0;0;0;0,923076923;1;0;1;0;0;0;0;1;0;0;0;0;0;0;0;1;1;1;1;-1;-1;1
1796;3;1;2;47;0;0;0;0;0;0;0;0;0;0;1;0;0;0;1;0;22;18;0;0;0;0;0;0,071428571;1;1;0;0;0;1;0;0;0;0;0;1;0;0;1;1;1;1;1;-1;1
1797;4;1;2;47;0;0;0;0;0;0;0;0;0;0;1;0;0;0;1;0;22;18;0;0;1;0;0,043668122;0,436781609;0;1;0;0;0;0,951965066;0;0;0;0;0;1;0;0;1;1;1;1;0;-1;1
1798;3;1;2;43;0;0;0;0;0;0;0;0;0;0;1;0;0;0;1;0;22;14;0;0;1;0;0,986111111;0,074074074;0;1;0;0;0;0;1;0;0;0;0;0;0;0;1;1;1;1;1;-1;1
1799;2;0;3;48;0;0;0;0;1;0;0;0;0;0;1;0;0;0;1;0;15;26;0;0;0;0;0,857142857;0,2;1;1;0;0;0;0,107142857;1;0;0;0;0;0;0;0;1;1;1;1;0;-1;1
1800;3;1;2;58;1;1;0;0;0;0;0;0;0;1;1;1;0;0;0;0;28;23;0;0;0;0;0;0,25;1;1;0;0;0;0;0;0;0;0;0;0;0;0;1;0;1;1;0;1;1
1801;2;0;2;50;0;0;0;0;0;0;0;0;0;0;1;1;0;0;0;0;20;23;0;0;0;0;1;0,833333333;1;1;0;1;0;0;1;0;0;0;0;0;0;0;1;1;-1;0;-1;-1;1
1802;3;0;3;50;0;0;0;0;0;0;0;0;0;0;1;0;0;0;0;0;20;23;0;0;0;0;0;0;0;1;0;0;0;0;0;0;0;0;0;0;0;0;1;1;1;1;1;1;1
1803;1;0;3;67;0;0;0;0;0;0;0;0;0;18;1;1;0;0;0;0;22;38;0;0;0;0;0;0;0;1;0;0;0;0;0;0;0;0;0;0;0;0;1;0;1;1;1;1;1
1804;1;0;3;61;0;0;0;0;0;0;0;0;0;19;1;1;0;0;0;0;16;38;0;0;0;0;0;0;0;1;0;0;0;0;0;0;0;0;0;0;0;0;1;0;1;1;1;1;1
1805;1;0;3;66;0;0;0;0;0;0;0;0;0;25;1;1;0;0;0;0;21;38;0;0;0;0;0;0;0;1;0;0;0;0;0;0;0;0;0;0;0;0;1;0;1;1;1;1;1
1806;1;0;3;66;0;0;0;0;0;0;0;0;0;16;1;1;0;0;0;0;21;38;0;0;0;0;0;0;0;1;0;0;0;0;0;0;0;0;0;0;0;0;1;0;1;1;1;1;1
1807;1;0;3;58;1;1;0;0;0;0;0;0;0;18;1;1;0;0;0;0;13;38;0;0;0;0;0;0;0;1;0;0;0;0;0;0;0;0;0;0;0;0;1;0;1;1;1;1;1
1808;1;0;3;61;0;0;0;0;0;0;0;0;0;25;1;1;0;0;0;0;16;38;0;0;0;0;0;0;0;1;0;0;0;0;0;0;0;0;0;0;0;0;1;0;1;1;1;1;1
1809;1;0;3;59;0;0;0;0;0;0;0;0;0;17;1;1;0;0;0;0;14;38;0;0;0;0;0;0;0;1;0;0;0;0;0;0;0;0;0;0;0;0;1;0;1;1;1;1;1
1810;1;0;3;58;1;1;0;0;0;0;0;0;0;21;1;1;0;0;0;0;13;38;0;0;0;0;0;0;0;1;0;0;0;0;0;0;0;0;0;0;0;0;1;0;1;1;1;1;1
1811;1;0;3;58;1;1;0;0;0;0;0;0;0;18;1;1;0;0;0;0;13;38;0;0;0;0;0;0;0;1;0;0;0;0;0;0;0;0;0;0;0;0;1;0;1;1;1;1;1
1812;1;0;3;64;0;0;0;0;0;0;0;0;0;22;1;1;0;0;0;0;19;38;0;0;0;0;0;0;0;1;0;0;0;0;0;0;0;0;0;0;0;0;1;0;1;1;1;1;1
1813;1;0;3;64;0;0;0;0;0;0;0;0;0;15;1;1;0;0;0;0;19;38;0;0;0;0;0;0;0;1;0;0;0;0;0;0;0;0;0;0;0;0;1;0;1;1;1;1;1
1814;1;0;3;66;0;0;0;0;0;0;0;0;0;18;1;1;0;0;0;0;21;38;0;0;0;0;0;0;0;1;0;0;0;0;0;0;0;0;0;0;0;0;1;0;1;1;1;1;1
1815;1;0;3;59;0;0;0;0;0;0;0;0;0;21;1;1;0;0;0;0;14;38;0;0;0;0;0;0;0;1;0;0;0;0;0;0;0;0;0;0;0;0;1;0;1;1;1;1;1
1816;1;0;3;64;0;0;0;0;0;0;0;0;0;20;1;1;0;0;0;0;19;38;0;0;0;0;0;0;0;1;0;0;0;0;0;0;0;0;0;0;0;0;1;0;1;1;1;1;1
1817;1;0;3;67;0;0;0;0;0;0;0;0;0;25;1;1;0;0;0;0;22;38;0;0;0;0;0;0;0;1;0;0;0;0;0;0;0;0;0;0;0;0;1;0;1;1;1;1;1
1818;1;0;3;67;0;0;0;0;0;0;0;0;0;17;1;1;0;0;0;0;22;38;0;0;0;0;0;0;0;1;0;0;0;0;0;0;0;0;0;0;0;0;1;0;1;1;1;1;1
1819;1;0;3;67;0;0;0;0;0;0;0;0;0;24;1;1;0;0;0;0;22;38;0;0;0;0;0;0;0;1;0;0;0;0;0;0;0;0;0;0;0;0;1;0;1;1;1;1;1
1820;2;1;2;26;0;0;0;0;0;0;0;0;0;0;1;0;0;0;1;0;12;7;0;0;0;1;0,923076923;1;0;1;0;0;0;0;1;0;0;0;0;0;0;0;1;1;1;1;-1;-1;1
1821;2;0;5;79;0;0;0;0;0;0;0;0;0;23;1;1;0;0;0;0;15;57;0;0;1;0;0;0;0;1;0;0;0;0,454545455;0;0;0;0;0;0;0;0;1;-1;1;1;1;0;1
1822;1;0;2;33;0;0;0;0;0;0;0;0;0;0;1;0;0;0;1;0;17;9;0;0;0;0;0;0;0;1;0;0;0;0;0;0;0;0;0;0;0;0;1;1;1;1;1;1;1
1823;1;0;6;52;0;0;0;0;0;1;0;0;0;3;1;1;0;0;0;0;12;33;0;0;0;0;0,066666667;0,076923077;0;1;1;0;0;0,866666667;0;0;0;0;0;0;0;0;1;1;1;1;1;-1;1
1824;1;0;6;52;0;0;0;0;0;1;0;0;0;3;1;1;0;0;0;0;12;33;0;0;0;0;0,066666667;0,076923077;0;1;1;0;0;0,866666667;0;0;0;0;0;0;0;0;1;1;1;1;1;-1;1
1825;7;6;2;80;1;1;0;0;0;0;0;0;0;3;1;1;0;1;0;0;68;5;0;0;2;0;0;0;0;1;1;0;0;1;0;0;0;0;0;1;0;0;-1;-1;1;1;1;-1;1
1826;2;0;1;30;0;0;0;0;0;0;0;0;0;0;1;0;0;0;0;0;15;8;0;0;0;0;0;1;1;1;0;1;0;0;1;0;0;0;0;0;0;0;1;1;1;0;-1;1;1
1827;5;0;6;79;0;0;0;0;0;0;0;0;0;0;1;0;0;0;1;0;19;53;0;0;0;0;0,833333333;0,235294118;1;1;0;0;0;0,083333333;0;0;0;0;0;1;0;0;1;-1;1;1;0;-1;1
1828;2;0;3;166;1;0;0;0;7;0;2;2;0;25;1;1;0;0;1;0;19;52;87;0;0;0;0;0,2;0;1;1;0;0;0;0;0;0;0;0;0;0;0;1;-1;1;1;0;1;1
1829;2;0;2;43;0;0;0;0;0;0;0;0;0;0;1;0;0;0;0;0;16;20;0;0;0;0;0;0;0;1;0;0;0;0;0;0;0;0;0;0;0;0;1;1;1;1;1;1;1
1830;2;1;3;39;1;0;0;0;0;0;0;0;0;0;1;0;0;0;1;0;17;15;0;0;0;0;0;0;0;1;0;0;0;0;0;0;0;0;0;0;0;0;1;1;1;1;1;1;1
1831;14;0;3;241;0;0;0;0;0;0;6;12;1;74;1;0;0;0;0;0;10;24;174;0;0;0;0;0,642857143;1;1;0;0;0;0;0;0;0;0;0;0;0;0;1;-1;-1;1;0;1;1
1832;1;0;2;34;1;1;0;0;0;0;0;0;0;0;1;0;0;0;0;0;15;12;0;0;0;0;0,307692308;1;0;1;0;0;0;0;0;0;0;0;0;0;0;0;1;1;1;1;-1;1;1
1833;3;1;3;45;0;0;0;0;0;0;0;0;0;0;1;0;0;0;0;0;18;20;0;0;0;0;0;0,214285714;0;1;0;0;0;1;0;0;0;0;0;1;0;0;1;1;0;1;1;-1;1
1834;1;0;3;63;0;0;0;0;0;0;0;0;0;21;1;1;0;0;0;0;18;38;0;0;0;0;0;0;0;1;0;0;0;0;0;0;0;0;0;0;0;0;1;0;1;1;1;1;1
1835;1;0;3;63;0;0;0;0;0;0;0;0;0;20;1;1;0;0;0;0;18;38;0;0;0;0;0;0;0;1;0;0;0;0;0;0;0;0;0;0;0;0;1;0;1;1;1;1;1
1836;1;0;3;63;0;0;0;0;0;0;0;0;0;17;1;1;0;0;0;0;18;38;0;0;0;0;0;0;0;1;0;0;0;0;0;0;0;0;0;0;0;0;1;0;1;1;1;1;1
1837;2;0;2;60;0;0;0;0;0;0;0;0;0;1;1;1;0;0;0;0;29;24;0;0;0;0;0;0;0;1;0;0;0;0;0;0;0;0;0;0;0;0;1;0;1;1;1;1;1
1838;2;0;2;56;0;0;0;0;0;0;0;0;0;1;1;1;0;0;0;0;29;20;0;0;0;0;0;0;0;1;0;0;0;0;0;0;0;0;0;0;0;0;1;0;1;1;1;1;1
1839;2;0;2;40;0;0;0;0;0;0;0;0;0;0;1;1;0;0;0;0;16;17;0;0;0;0;0;0,785714286;0;1;0;0;0;1;1;0;0;0;0;1;0;0;1;1;-1;1;1;-1;1
1840;3;0;5;135;1;0;0;0;0;0;0;0;0;23;1;1;0;0;0;0;17;111;0;0;0;0;1;1;1;1;1;1;1;0;1;0;0;0;0;0;0;0;1;-1;-1;0;-1;-1;1
1841;1;0;9;101;0;0;0;0;0;0;0;0;0;30;1;1;0;0;0;0;13;81;0;0;0;0;0;0,666666667;1;1;0;0;0;0;1;0;0;0;0;0;0;0;1;-1;-1;1;0;1;1
1842;2;0;2;44;0;0;0;0;0;0;0;0;0;1;1;0;0;0;0;0;18;19;0;0;0;0;0;0,071428571;1;1;0;0;0;1;0;0;0;0;0;1;0;0;1;1;1;1;1;-1;1
1843;1;0;5;47;0;0;0;0;0;0;0;0;0;0;1;0;0;0;1;0;8;32;0;0;0;0;0;0,074074074;1;1;0;0;0;0;0;0;0;0;0;0;0;0;1;1;1;1;1;1;1
1844;3;1;3;58;0;0;0;0;0;0;0;0;0;0;1;0;0;0;0;0;28;23;0;0;0;0;0;0;0;1;0;0;0;0;0;0;0;0;0;0;0;0;1;0;1;1;1;1;1
1845;3;1;3;61;0;0;0;0;0;0;0;0;0;0;1;0;0;0;0;0;31;23;0;0;0;0;0;0;0;1;0;0;0;0;0;0;0;0;0;0;0;0;1;0;1;1;1;1;1
1846;3;1;3;68;0;0;0;0;0;0;0;0;0;0;1;0;0;0;0;0;38;23;0;0;0;0;0;0;0;1;0;0;0;0;0;0;0;0;0;0;0;0;1;0;1;1;1;1;1
1847;3;1;3;60;0;0;0;0;0;0;0;0;0;0;1;0;0;0;0;0;30;23;0;0;0;0;0;0;0;1;0;0;0;0;0;0;0;0;0;0;0;0;1;0;1;1;1;1;1
1848;3;1;3;58;0;0;0;0;0;0;0;0;0;0;1;0;0;0;0;0;28;23;0;0;0;0;0;0;0;1;0;0;0;0;0;0;0;0;0;0;0;0;1;0;1;1;1;1;1
1849;3;1;3;59;0;0;0;0;0;0;0;0;0;0;1;0;0;0;0;0;29;23;0;0;0;0;0;0;0;1;0;0;0;0;0;0;0;0;0;0;0;0;1;0;1;1;1;1;1
1850;2;0;5;144;0;0;0;0;0;0;0;0;0;71;1;1;0;0;0;0;15;57;64;0;1;0;0;0;0;1;0;0;0;0;0;0;0;0;0;0;0;0;1;-1;1;1;1;1;1
1851;7;1;1;117;0;0;0;0;0;0;2;0;0;4;1;1;0;0;1;0;26;10;73;0;0;1;0,933333333;1;0;1;0;0;0;0;1;0;0;0;0;0;0;0;1;-1;1;1;-1;-1;1
1852;3;1;3;57;0;0;0;0;0;0;0;0;0;4;1;1;0;0;0;0;25;25;0;0;0;0;1;0,142857143;1;1;0;0;0;0;0;0;0;0;0;1;0;0;1;0;1;1;0;-1;1
1853;3;0;2;44;0;0;0;0;0;0;0;0;0;0;1;0;0;0;0;0;19;18;0;0;0;0;0;0;0;1;1;0;0;1;0;0;0;0;0;0;0;0;1;1;1;1;1;-1;1
1854;3;0;2;47;1;0;0;0;0;0;0;0;0;0;1;1;0;0;0;0;21;19;0;0;0;0;0;0,785714286;0;1;0;0;0;1;1;0;0;0;0;1;0;0;1;1;-1;1;1;-1;1
1855;3;1;1;43;0;0;0;0;0;0;0;0;0;0;1;1;0;0;1;0;26;10;0;0;0;1;0,933333333;1;0;1;0;0;0;0;1;0;0;0;0;0;0;0;1;1;1;1;-1;-1;1
1856;2;0;5;57;0;0;0;0;0;0;0;0;0;0;1;0;0;0;1;0;8;42;0;0;0;0;0;0,074074074;1;1;0;0;0;0;0;0;0;0;0;0;0;0;1;0;1;1;1;1;1
1857;4;1;3;47;0;0;0;0;0;0;0;0;0;0;1;0;0;0;0;0;22;18;0;0;0;0;0;0;0;1;0;0;0;0;0;0;0;0;0;0;0;0;1;1;1;1;1;1;1
1858;2;0;3;42;0;0;0;0;0;0;0;0;0;2;1;0;0;0;1;0;12;23;0;0;0;0;0;1;1;1;0;0;0;1;1;0;0;0;0;0;0;0;1;1;-1;1;-1;-1;1
1859;3;0;4;71;1;0;0;0;0;0;0;0;0;24;1;1;0;0;0;0;14;50;0;0;1;0;0;0,111111111;0;1;0;0;0;0;0;0;0;0;0;0;0;0;1;0;1;1;1;1;1
1860;2;0;2;37;0;0;0;0;0;0;0;0;0;0;1;0;0;0;0;0;15;15;0;0;0;0;0,923076923;1;0;1;0;0;0;0;1;0;0;0;0;0;0;0;1;1;1;1;-1;-1;1
1861;7;0;9;135;1;0;0;0;2;0;0;0;0;15;1;0;0;0;1;0;6;49;72;0;1;1;1;1;1;1;0;0;0;0;1;0;0;0;0;0;0;0;1;-1;-1;1;-1;-1;1
1862;4;1;4;59;0;0;0;0;0;0;0;0;0;0;1;0;0;0;1;0;16;36;0;0;0;0;0;0;0;1;0;0;0;0;0;0;0;0;0;0;0;0;1;0;1;1;1;1;1
1863;4;1;2;55;0;0;0;0;0;0;0;0;0;0;1;0;0;0;0;0;26;22;0;0;1;0;0;1;0;1;0;0;0;1;0;0;0;0;0;0;0;0;1;0;1;1;-1;-1;1
1864;3;1;3;58;0;0;0;0;0;0;0;0;0;0;1;0;0;0;0;0;28;23;0;0;0;0;0;0;0;1;0;0;0;0;0;0;0;0;0;0;0;0;1;0;1;1;1;1;1
1865;2;0;2;135;1;0;0;0;7;0;2;2;0;4;1;0;0;0;0;0;14;18;95;0;0;0;0;0,333333333;0;1;1;0;0;0;0;0;0;0;0;0;0;0;1;-1;1;1;-1;1;1
1866;3;1;1;40;0;0;0;0;0;0;0;0;0;0;1;1;0;0;1;0;24;9;0;0;0;0;0,923076923;1;0;1;0;0;0;0;1;0;0;0;0;0;0;0;1;1;1;1;-1;-1;1
1867;3;1;3;48;0;0;0;0;0;0;0;0;0;0;1;0;0;0;1;0;12;29;0;0;0;1;1;0,2;0;1;0;0;0;0;1;0;0;0;0;0;0;0;1;1;1;1;0;-1;1
1868;3;1;3;53;0;0;0;0;0;0;0;0;0;0;1;0;0;0;0;0;22;24;0;0;0;0;0;0,642857143;1;1;0;0;0;1;0;0;0;0;0;0;0;0;1;1;-1;1;0;-1;1
1869;2;0;3;48;0;0;0;0;0;0;0;0;0;0;1;1;0;0;0;0;14;27;0;0;0;0;0;0;0;1;1;0;0;0;0;0;0;0;0;0;1;0;1;1;1;1;1;1;1
1870;2;0;3;47;0;0;0;0;0;0;0;0;0;0;1;0;0;0;0;0;14;26;0;0;0;0;0;0;0;1;1;0;0;0;0;0;0;0;0;0;1;0;1;1;1;1;1;1;1
1871;4;1;5;102;1;0;0;0;0;0;0;0;0;0;1;1;0;0;1;0;39;56;0;0;0;0;0,857142857;0,121212121;0;1;0;0;0;0,142857143;0;0;1;0;0;0;0;0;1;-1;1;1;1;-1;1
1872;2;0;3;47;0;0;0;0;0;0;0;0;0;0;1;0;0;0;0;0;14;26;0;0;0;0;0;0;0;1;1;0;0;0;0;0;0;0;0;0;1;0;1;1;1;1;1;1;1
1873;2;0;3;47;1;0;0;0;0;0;0;0;0;0;1;0;0;0;0;0;17;23;0;0;0;0;1;1;0;1;0;1;0;0;1;0;0;0;0;1;0;0;1;1;-1;0;1;-1;1
1874;2;0;3;52;2;2;0;0;0;0;0;0;0;1;1;0;0;0;0;0;21;24;0;0;0;0;1;0;0;1;0;0;0;0;0;0;0;0;0;0;0;0;1;1;1;1;1;-1;1
1875;2;0;4;84;0;0;0;1;0;0;0;0;0;22;1;1;0;0;1;0;22;49;5;0;0;0;0;0,1875;1;1;0;0;0;0;0;0;0;0;0;0;0;0;1;-1;1;1;0;1;1
1876;3;0;4;58;0;0;0;0;0;0;0;0;0;0;1;1;0;0;0;0;12;39;0;0;0;0;0;0;0;1;0;0;0;0;0;0;0;0;0;0;0;0;1;0;1;1;1;1;1
1877;3;1;6;65;1;0;0;0;0;0;0;0;0;2;1;0;0;0;0;0;20;38;0;0;0;0;0;0;0;1;0;0;0;0;0;0;0;0;0;0;0;0;1;0;1;1;1;1;1
1878;4;0;6;78;0;0;0;0;0;0;0;0;0;10;1;1;1;0;1;0;13;58;0;0;1;0;0;0;0;1;0;0;0;0;1;0;0;0;0;0;0;1;1;-1;1;1;1;1;1
1879;2;0;3;42;0;0;0;0;0;0;0;0;0;0;1;0;0;0;0;0;9;26;0;0;0;0;0;0;0;1;1;0;0;0;0;0;0;0;0;0;1;0;1;1;1;1;1;1;1
1880;3;1;4;63;0;0;0;0;0;0;0;0;0;0;1;1;0;0;0;0;31;25;0;0;0;0;0;0,285714286;0;1;0;0;0;0;0;0;0;0;0;0;0;0;1;0;1;1;-1;1;1
1881;2;0;3;43;0;0;0;0;0;0;0;0;0;0;1;0;0;0;0;0;15;21;0;0;0;0;0;0;0;1;1;0;0;1;0;0;0;0;0;0;0;0;1;1;1;1;1;-1;1
1882;3;1;2;54;0;0;0;0;0;0;0;0;0;0;1;1;0;0;1;0;30;17;0;0;0;0;0;0,666666667;1;1;0;0;0;1;0;0;0;0;0;0;0;0;1;0;-1;1;0;-1;1
1883;1;0;4;43;0;0;0;0;0;0;0;0;0;0;1;0;0;0;0;0;24;12;0;0;0;0;0,933333333;1;0;1;0;0;0;0;1;0;0;0;0;0;0;0;1;1;1;1;-1;-1;1
1884;3;1;2;51;0;0;0;0;0;0;0;0;0;0;1;1;0;0;1;0;27;17;0;0;0;0;0;0,666666667;1;1;0;0;0;1;0;0;0;0;0;0;0;0;1;1;-1;1;0;-1;1
1885;3;1;3;71;0;0;0;0;0;0;0;0;0;6;1;0;0;0;0;0;28;36;0;0;0;0;0;0,022222222;0;1;0;0;0;1;0;0;0;0;0;0;0;0;1;0;1;1;1;-1;1
1886;2;0;5;77;1;0;0;0;0;0;0;0;0;0;1;0;0;0;0;0;24;46;0;0;0;0;0,909090909;0,315789474;1;1;0;0;0;0,090909091;0;0;0;0;0;1;0;0;1;-1;0;1;0;-1;1
1887;2;0;2;47;0;0;0;0;0;0;0;0;0;0;1;0;0;0;1;0;17;23;0;0;0;0;1;1;0;1;0;0;0;0;1;0;0;0;0;0;0;0;1;1;-1;1;1;-1;1
1888;2;0;2;35;0;0;0;0;0;0;0;0;0;0;1;1;0;0;1;0;12;16;0;0;0;1;0,933333333;1;1;1;0;0;0;0,066666667;1;0;0;0;0;1;0;0;1;1;-1;1;-1;-1;1
1889;6;0;4;134;0;0;0;0;0;0;1;0;0;1;1;0;0;0;1;0;22;43;61;0;1;1;0,923076923;1;0;0;0;1;0;0;1;0;0;0;0;0;0;0;1;-1;1;0;-1;-1;1
1890;2;1;5;75;1;1;0;0;0;0;0;0;0;22;1;1;0;1;0;0;17;51;0;0;0;1;0,192982456;1;1;1;1;0;0;0,01754386;0;0;0;0;0;1;0;0;1;0;-1;1;-1;1;1
1891;4;0;5;57;0;0;0;1;0;0;0;0;0;9;1;0;1;0;1;0;12;38;0;0;0;0;0;0;0;1;1;0;0;1;1;0;0;0;0;0;0;0;1;0;1;1;1;-1;1
1892;2;0;4;51;0;0;0;0;0;0;0;0;0;1;1;1;0;0;0;0;15;29;0;0;0;0;0;0;0;1;0;0;0;0;0;0;0;0;0;0;0;0;1;1;1;1;1;1;1
1893;3;1;4;92;0;0;0;0;0;0;0;0;0;4;1;1;0;0;0;0;21;64;0;0;0;0;0,818181818;1;1;1;0;0;0;0;1;0;0;0;0;0;0;0;1;-1;-1;1;-1;-1;1
1894;1;0;1;39;0;0;0;0;0;0;0;0;0;0;1;1;0;0;0;0;24;8;0;0;0;0;0;0;0;1;0;0;0;0;0;0;0;0;0;0;0;0;1;1;1;1;1;1;1
1895;2;0;2;39;0;0;0;0;0;0;0;0;0;1;1;0;0;0;0;0;15;17;0;0;0;0;0,923076923;1;0;1;0;0;0;0;1;0;0;0;0;0;0;0;1;1;1;1;-1;-1;1
1896;2;0;3;41;0;0;0;0;0;0;0;0;0;0;1;0;0;0;0;0;8;26;0;0;0;0;0;0;0;1;1;0;0;0;0;0;0;0;0;0;1;0;1;1;1;1;1;1;1
1897;3;1;4;51;0;0;0;0;0;0;0;0;0;0;1;0;0;0;0;0;12;32;0;0;0;0;0;0;0;1;1;0;0;0;0;0;0;0;0;0;1;0;1;1;1;1;1;1;1
1898;4;2;4;54;0;0;0;0;0;0;0;0;0;0;1;0;0;0;1;0;18;29;0;0;0;0;0,833333333;0,235294118;1;1;0;0;0;0,083333333;0;0;0;0;0;1;0;0;1;0;1;1;0;-1;1
1899;1;0;7;68;1;0;0;0;0;0;0;0;0;0;1;1;0;0;0;0;20;41;0;0;0;0;0,066666667;0,076923077;0;1;1;0;0;0,866666667;0;0;0;0;0;0;0;0;1;0;1;1;1;-1;1
1900;3;0;5;68;2;1;0;0;0;0;0;0;0;0;1;0;0;0;1;0;18;43;0;0;0;0;0;0;0;1;0;0;0;0;0;0;0;0;0;0;0;0;1;0;1;1;1;1;1
1901;2;0;6;65;0;0;0;0;0;0;1;0;0;0;1;0;0;0;1;0;17;36;4;0;1;1;1;1;1;1;0;0;0;0;1;0;0;0;0;0;0;0;1;0;-1;1;-1;-1;1
1902;3;0;4;71;0;0;0;1;0;0;0;0;0;29;1;1;1;0;0;0;14;50;0;0;0;0;0;1;0;1;0;0;0;0;1;0;0;0;0;0;0;0;1;0;-1;1;-1;1;1
1903;2;0;6;60;0;0;0;0;0;0;0;0;0;0;1;0;0;0;1;0;17;36;0;0;1;1;1;1;1;1;0;0;0;0;1;0;0;0;0;0;0;0;1;0;-1;1;-1;-1;1
1904;3;0;3;41;0;0;0;0;0;0;0;0;0;4;1;1;0;0;1;0;12;22;0;0;0;0;0;0;0;1;0;0;0;0;0;0;0;0;0;0;0;0;1;1;1;1;1;1;1
1905;2;0;2;38;0;0;0;0;0;0;0;0;0;0;1;0;0;0;0;0;16;15;0;0;0;0;0;0;0;1;1;0;0;1;0;0;0;0;0;0;0;0;1;1;1;1;1;-1;1
1906;4;1;3;46;0;0;0;0;0;0;0;0;0;0;1;0;0;0;0;0;22;17;0;0;0;0;0,923076923;1;0;1;0;0;0;0;1;0;0;0;0;0;0;0;1;1;1;1;-1;-1;1
1907;3;1;5;75;0;0;0;0;0;1;0;0;0;7;1;1;0;0;0;0;29;39;0;0;0;0;0;0;0;1;0;0;0;1;0;0;0;0;0;0;0;1;1;0;1;1;1;-1;1
1908;1;0;5;48;0;0;0;0;0;0;0;0;0;0;1;1;0;0;0;0;13;28;0;0;0;0;0,066666667;0,076923077;0;1;1;0;0;0,866666667;0;0;0;0;0;0;0;0;1;1;1;1;1;-1;1
1909;3;1;1;53;0;0;0;0;0;0;0;0;0;0;1;0;0;0;0;0;26;20;0;0;0;0;0,833333333;0,952380952;1;1;0;0;0;0,166666667;1;0;0;0;0;0;0;0;1;1;-1;1;-1;-1;1
1910;2;0;2;53;0;0;0;0;0;0;0;0;0;0;1;0;0;0;0;0;19;27;0;0;0;0;0,833333333;0,952380952;1;1;0;0;0;0,166666667;1;0;0;0;0;0;0;0;1;1;-1;1;-1;-1;1
1911;2;0;1;37;1;1;0;0;0;0;0;0;0;0;1;0;0;0;0;0;19;11;0;0;0;0;0,307692308;1;0;1;0;0;0;0;0;0;0;0;0;0;0;0;1;1;1;1;-1;1;1
1912;2;0;5;52;0;0;0;0;0;0;0;0;0;0;1;0;0;0;0;0;9;36;0;0;0;0;0;0;0;1;0;0;0;0;0;0;0;0;0;0;0;0;1;1;1;1;1;1;1
1913;2;1;3;43;0;0;0;0;0;0;0;0;0;0;1;0;0;0;0;0;20;16;0;0;0;0;0;0;0;1;0;0;0;0;0;0;0;0;0;0;0;0;1;1;1;1;1;1;1
1914;3;1;4;59;0;0;0;0;0;0;0;0;0;1;1;1;0;0;0;0;17;35;0;0;0;1;0,833333333;1;1;1;0;1;0;0,166666667;1;0;0;0;0;0;0;0;1;0;1;0;-1;-1;1
1915;5;1;2;52;0;0;0;0;0;0;0;0;0;0;1;0;0;0;1;0;21;24;0;0;0;0;0;1;0;1;0;0;0;0;1;0;0;0;0;0;0;0;1;1;-1;1;-1;1;1
1916;2;0;3;90;1;0;0;0;3;0;2;1;0;1;1;0;0;0;1;0;11;19;52;0;0;0;0;0;0;1;1;0;0;0;0;0;0;0;0;0;0;0;1;-1;1;1;1;1;1
1917;9;0;9;210;1;0;0;0;2;0;4;4;0;15;1;0;0;0;1;0;6;49;147;0;1;1;1;1;1;1;0;0;0;0;1;0;0;0;0;0;0;0;1;-1;-1;1;-1;-1;1
1918;3;1;4;53;0;0;0;0;0;0;0;0;0;0;1;0;0;0;0;0;12;34;0;0;0;0;0;0;0;1;1;0;0;0;0;0;0;0;0;0;1;0;1;1;1;1;1;1;1
1919;7;0;4;128;1;1;0;0;3;0;2;2;0;1;1;0;0;0;1;0;15;46;59;0;1;1;1;0,2;0;1;0;0;0;0;1;0;0;0;0;0;0;0;1;-1;1;1;0;-1;1
1920;2;1;2;34;0;0;0;0;0;0;0;0;0;0;1;0;0;0;0;0;17;10;0;0;0;0;0;0,785714286;0;1;0;0;0;1;1;0;0;0;0;1;0;0;1;1;-1;1;1;-1;1
1921;3;1;4;63;1;0;0;0;0;0;0;0;0;0;1;1;0;0;0;0;22;34;0;0;0;0;0;0;0;1;1;0;0;1;0;0;0;0;0;0;0;0;1;0;1;1;1;-1;1
1922;2;0;4;86;5;0;0;0;0;0;0;0;0;6;1;1;0;0;1;0;15;64;0;0;2;0;0;0,1;0;1;0;0;0;0;0;0;0;0;0;0;0;0;1;-1;0;1;1;1;1
1923;3;0;4;51;1;1;0;0;0;0;0;0;0;0;1;0;0;0;0;0;21;23;0;0;0;0;0;0;0;1;0;0;0;0;0;0;0;0;0;0;0;0;1;1;1;1;1;1;1
1924;2;0;4;43;0;0;0;0;0;0;0;0;0;0;1;1;0;0;1;0;17;19;0;0;0;0;0;0;0;1;1;0;0;1;0;0;0;0;0;0;0;0;1;1;1;1;1;-1;1
1925;3;0;2;42;0;0;0;0;0;0;0;0;0;0;1;0;0;0;0;0;16;19;0;0;0;0;0;0;0;1;0;0;0;0;0;0;0;0;0;0;0;0;1;1;1;1;1;1;1
1926;1;0;2;32;1;1;0;0;0;0;0;0;0;0;1;0;0;0;0;0;19;6;0;0;0;0;0,083333333;0,9;1;1;1;0;0;0,166666667;1;0;0;0;0;0;0;0;1;1;-1;1;0;1;1
1927;4;1;4;43;0;0;0;0;0;0;0;0;0;0;1;0;0;0;1;0;16;20;0;0;0;1;0;1;1;1;0;0;0;0;1;0;0;0;0;0;0;0;1;1;-1;1;-1;1;1
1928;2;0;3;40;1;0;0;0;0;0;0;0;0;0;1;0;0;0;0;0;6;27;0;0;0;0;0,166666667;1;0;1;1;0;1;0,722222222;1;0;0;0;0;0;0;0;1;1;-1;-1;-1;-1;1
1929;2;0;4;52;1;0;0;0;0;0;0;0;0;0;1;0;0;0;0;0;17;28;0;0;0;0;0,923076923;1;0;1;0;0;0;0;1;0;0;0;0;0;0;0;1;1;1;1;-1;-1;1
1930;2;0;3;37;0;0;0;0;0;0;0;0;0;0;1;0;0;0;1;0;11;19;0;0;0;0;0;0;0;1;1;0;0;0;0;0;0;0;0;0;0;0;1;1;1;1;1;1;1
1931;2;0;3;86;1;0;0;0;3;0;2;1;0;1;1;0;0;0;1;0;11;19;48;0;0;0;0;0;0;1;1;0;0;0;0;0;0;0;0;0;0;0;1;-1;1;1;1;1;1
1932;3;0;4;57;0;0;0;0;0;0;0;0;0;0;1;0;0;0;0;0;15;35;0;0;0;0;0;0;0;1;0;0;0;0;0;0;0;0;0;0;0;0;1;0;1;1;1;1;1
1933;3;0;3;42;0;0;0;0;0;0;0;0;0;0;1;0;0;0;0;0;15;20;0;0;0;0;0;0;0;1;0;0;0;0;0;0;0;0;0;0;0;0;1;1;1;1;1;1;1
1934;1;0;2;22;0;0;0;0;0;0;0;0;0;0;1;0;0;0;0;0;11;4;0;0;0;0;0,933333333;1;0;1;0;0;0;0;1;0;0;0;0;0;0;0;1;1;1;1;-1;-1;1
1935;3;2;3;52;3;3;0;0;0;0;0;0;0;12;1;1;0;0;0;0;32;13;0;0;0;0;0,375;0;0;1;0;0;0;0,1875;0;0;0;0;0;0;0;0;0;1;1;1;0;0;1
1936;3;1;6;79;0;0;0;0;0;0;0;0;0;4;1;0;0;0;0;0;20;52;0;0;0;0;0;0;0;1;1;0;0;0;1;0;0;0;0;0;0;0;1;-1;1;1;1;1;1
1937;2;0;3;44;0;0;0;0;0;0;0;0;0;0;1;1;0;0;0;0;15;22;0;0;0;0;0;0;0;1;1;0;0;0;1;0;0;0;0;0;0;0;1;1;1;1;1;1;1
1938;3;0;3;43;0;0;0;0;0;0;0;0;0;0;1;1;0;0;0;0;14;22;0;0;0;0;0;0;0;1;1;0;0;0;1;0;0;0;0;0;0;0;1;1;1;1;1;1;1
1939;2;0;3;44;0;0;0;0;0;0;0;0;0;0;1;1;0;0;0;0;15;22;0;0;0;0;0;0;0;1;1;0;0;0;1;0;0;0;0;0;0;0;1;1;1;1;1;1;1
1940;2;0;3;48;0;0;0;0;0;0;0;0;0;0;1;1;0;0;0;0;19;22;0;0;0;0;0;0;0;1;1;0;0;0;1;0;0;0;0;0;0;0;1;1;1;1;1;1;1
1941;2;0;3;39;0;0;0;0;0;0;0;0;0;0;1;1;0;0;0;0;10;22;0;0;0;0;0;0;0;1;1;0;0;0;1;0;0;0;0;0;0;0;1;1;1;1;1;1;1
1942;1;0;3;32;1;0;0;0;0;0;0;0;0;0;1;0;0;0;0;0;8;17;0;0;0;0;0;0;0;1;0;0;0;0;0;0;0;0;0;0;0;0;1;1;1;1;1;1;1
1943;2;0;2;39;0;0;0;0;0;0;0;0;0;0;1;0;0;0;0;0;14;18;0;0;0;0;0;0;0;1;0;0;0;0;0;0;0;0;0;0;0;0;1;1;1;1;1;1;1
1944;1;0;2;20;0;0;0;0;0;0;0;0;0;0;1;0;0;0;0;0;9;4;0;0;0;0;0,933333333;1;0;1;0;0;0;0;1;0;0;0;0;0;0;0;1;1;1;1;-1;-1;1
1945;1;0;2;22;0;0;0;0;0;0;0;0;0;0;1;0;0;0;0;0;11;4;0;0;0;0;0,933333333;0,909090909;0;1;0;0;0;0;1;0;0;0;0;0;0;0;1;1;1;1;-1;-1;1
1946;2;0;4;53;1;0;0;0;0;0;0;0;0;0;1;0;0;0;1;0;17;29;0;0;0;0;0,923076923;1;0;1;0;0;0;0;1;0;0;0;0;0;0;0;1;1;1;1;-1;-1;1
1947;3;1;2;42;0;0;0;0;0;0;0;0;0;0;1;0;0;0;0;0;16;19;0;0;0;0;1;1;0;1;0;0;0;0;1;0;0;0;0;0;0;0;1;1;-1;1;-1;-1;1
1948;3;1;2;39;0;0;0;0;0;0;0;0;0;2;1;0;0;0;0;0;16;16;0;0;0;0;1;1;0;1;0;0;0;0;1;0;0;0;0;0;0;0;1;1;-1;1;-1;-1;1
1949;3;1;2;39;0;0;0;0;0;0;0;0;0;3;1;0;0;0;0;0;16;16;0;0;0;0;1;1;0;1;0;0;0;0;1;0;0;0;0;0;0;0;1;1;-1;1;-1;-1;1
1950;3;1;2;39;0;0;0;0;0;0;0;0;0;3;1;1;0;0;0;0;16;16;0;0;0;0;1;1;0;1;0;0;0;0;1;0;0;0;0;0;0;0;1;1;-1;1;-1;-1;1
1951;2;0;3;78;0;0;0;0;1;0;0;0;0;21;1;1;0;0;1;0;19;52;0;0;0;0;0;0,2;0;1;1;0;0;0;0;0;0;0;0;0;0;0;1;-1;1;1;0;1;1
1952;2;1;2;26;0;0;0;0;0;0;0;0;0;0;1;0;0;0;0;0;15;4;0;0;0;0;0,933333333;0,909090909;0;1;0;0;0;0;1;0;0;0;0;0;0;0;1;1;1;1;-1;-1;1
1953;1;0;2;24;0;0;0;0;0;0;0;0;0;0;1;0;0;0;0;0;12;5;0;0;0;0;1;0,142857143;1;1;0;0;0;0;0;0;0;0;0;1;0;0;1;1;1;1;0;-1;1
1954;1;0;2;26;0;0;0;0;0;0;0;0;0;0;1;0;0;0;1;0;15;4;0;0;0;0;0,933333333;1;0;1;0;0;0;0;1;0;0;0;0;0;0;0;1;1;1;1;-1;-1;1
1955;5;0;4;104;0;0;0;0;0;0;0;0;0;21;1;1;0;0;1;0;10;87;0;0;1;0;0;0,8;0;1;1;1;1;0,5;0;0;0;0;0;0;0;0;1;-1;-1;0;0;0;1
1956;1;0;5;42;0;0;0;0;0;0;0;0;0;0;1;0;0;0;0;0;10;25;0;0;0;0;0;0,285714286;0;1;0;0;0;0;0;0;0;0;0;0;0;0;1;1;1;1;-1;1;1
1957;1;0;5;50;1;0;0;0;0;0;0;0;0;4;1;1;0;0;0;0;13;30;0;0;0;0;0;0;0;1;0;0;0;1;0;0;0;0;0;0;0;1;1;1;1;1;1;-1;1
1958;1;0;3;39;0;0;0;0;0;0;0;0;0;0;1;0;0;0;0;0;23;9;0;0;0;0;0;0,785714286;0;1;0;0;0;1;1;0;0;0;0;1;0;0;1;1;-1;1;1;-1;1
1959;2;0;3;43;0;0;0;0;0;0;0;0;0;0;1;1;0;0;0;0;14;22;0;0;0;0;0;0;0;1;1;0;0;0;1;0;0;0;0;0;0;0;1;1;1;1;1;1;1
1960;2;0;3;44;0;0;0;0;0;0;0;0;0;0;1;1;0;0;0;0;15;22;0;0;0;0;0;0;0;1;1;0;0;0;1;0;0;0;0;0;0;0;1;1;1;1;1;1;1
1961;2;0;1;40;1;1;0;0;0;0;0;0;0;0;1;0;0;0;0;0;23;10;0;0;1;0;0;0;0;1;1;0;0;0;1;0;0;0;0;0;0;0;1;1;1;1;1;1;1
1962;2;0;3;41;0;0;0;0;0;0;0;0;0;0;1;1;0;0;0;0;12;22;0;0;0;0;0;0;0;1;1;0;0;0;1;0;0;0;0;0;0;0;1;1;1;1;1;1;1
1963;5;1;2;67;1;0;0;0;0;0;0;0;0;0;1;0;0;0;1;0;31;29;0;0;1;1;0,471698113;0,976744186;0;1;0;0;0;0,037735849;1;0;0;0;0;0;0;0;1;0;-1;1;-1;0;1
1964;5;1;2;67;1;0;0;0;0;0;0;0;0;1;1;0;0;0;1;0;31;29;0;0;1;1;0,471698113;0,976744186;0;1;0;0;0;0,037735849;1;0;0;0;0;0;0;0;1;0;-1;1;-1;0;1
1965;6;0;4;135;0;0;0;0;0;0;1;0;0;1;1;0;0;0;1;0;22;43;62;0;1;0;0;1;0;0;0;1;0;0;1;0;0;0;0;0;0;0;1;-1;1;0;-1;1;1
1966;2;0;4;51;0;0;0;0;0;0;0;0;0;0;1;0;0;0;0;0;12;32;0;0;1;0;0;0,923076923;1;1;0;0;0;1;1;0;0;0;0;0;0;0;1;1;-1;1;-1;-1;1
1967;1;0;4;52;1;1;0;0;0;0;0;0;0;4;1;1;0;0;0;0;31;14;0;0;0;0;0;0;0;1;0;0;0;1;0;0;0;0;0;0;0;1;1;1;1;1;1;-1;1
1968;2;0;4;61;1;1;0;0;0;0;0;0;0;4;1;1;0;0;0;0;31;23;0;0;0;0;0;0;0;1;0;0;0;1;0;0;0;0;0;0;0;1;1;0;1;1;1;-1;1
1969;2;1;3;60;0;0;0;0;0;0;1;0;0;5;1;1;0;0;0;0;15;13;24;0;0;0;0;0,153846154;0;1;0;0;0;0;0;0;0;0;0;0;0;0;1;0;1;1;1;1;1
1970;2;0;2;33;0;0;0;0;0;0;0;0;0;0;1;1;0;0;0;0;11;15;0;0;0;0;0;0;0;1;0;0;0;0;0;0;0;0;0;0;0;0;1;1;1;1;1;1;1
1971;5;0;5;71;1;0;0;1;0;0;0;0;0;9;1;0;1;0;1;0;12;52;0;0;0;1;1;1;0;1;0;0;0;0;1;0;0;0;0;0;0;0;1;0;-1;1;-1;-1;1
1972;1;0;3;56;0;0;0;0;0;0;1;0;0;5;1;1;0;0;0;0;11;13;24;0;0;0;0;0,153846154;0;1;0;0;0;0;0;0;0;0;0;0;0;0;1;0;1;1;1;1;1
1973;2;1;2;104;0;0;0;0;1;0;3;3;0;6;0;0;0;0;0;0;16;4;75;0;0;0;0,333333333;0;0;0;1;0;1;0;0;0;0;0;1;0;0;0;1;-1;1;-1;1;0;1
1974;4;1;5;75;1;0;0;0;0;0;0;0;0;0;1;0;0;0;1;0;25;43;0;0;0;0;0,5;1;1;1;0;0;0;0;1;0;0;0;0;0;0;0;1;0;-1;1;-1;0;1
1975;2;0;4;49;1;1;0;0;0;0;0;0;0;0;1;0;0;0;0;0;13;29;0;0;0;0;0,446428571;1;1;1;0;0;0;0;0;0;0;0;0;0;0;0;1;1;-1;1;-1;0;1
1976;3;1;3;70;0;0;0;0;0;0;1;0;0;5;1;1;0;0;0;0;15;23;24;0;0;0;0;0,153846154;0;1;0;0;0;0;0;0;0;0;0;0;0;0;1;0;1;1;1;1;1
1977;2;0;1;41;0;0;0;0;0;0;0;0;0;0;1;1;0;0;0;0;22;12;0;0;0;0;1;0,857142857;1;1;0;1;0;0;1;0;0;0;0;0;0;0;1;1;-1;0;-1;-1;1
1978;9;0;9;202;1;0;0;0;2;0;4;3;0;15;1;0;0;0;1;0;6;49;139;0;1;1;1;1;1;1;0;0;0;0;1;0;0;0;0;0;0;0;1;-1;-1;1;-1;-1;1
1979;2;0;2;47;0;0;0;0;0;0;0;0;0;1;1;1;0;0;0;0;24;16;0;0;0;0;0;0,222222222;0;1;0;0;0;0;0;0;0;0;0;0;0;0;1;1;0;1;1;1;1
1980;2;0;4;50;0;0;0;0;0;0;0;0;0;4;1;1;0;0;0;0;20;23;0;0;0;0;0;0;0;1;0;0;0;1;0;0;0;0;0;0;0;1;1;1;1;1;1;-1;1
1981;2;0;4;50;0;0;0;0;0;0;0;0;0;4;1;1;0;0;0;0;20;23;0;0;0;0;0;0;0;1;0;0;0;1;0;0;0;0;0;0;0;1;1;1;1;1;1;-1;1
1982;2;0;4;50;0;0;0;0;0;0;0;0;0;4;1;1;0;0;0;0;20;23;0;0;0;0;0;0;0;1;0;0;0;1;0;0;0;0;0;0;0;1;1;1;1;1;1;-1;1
1983;2;0;2;35;0;0;0;0;0;0;0;0;0;4;1;1;0;0;0;0;10;18;0;0;0;0;0;0,25;0;1;1;0;0;1;0;0;0;0;0;0;0;0;1;1;1;1;0;-1;1
1984;2;0;1;33;0;0;0;0;0;0;0;0;0;0;1;0;0;0;0;0;16;10;0;0;0;0;0;0;0;1;1;0;0;0;1;0;0;0;0;0;0;0;1;1;1;1;1;1;1
1985;3;1;1;41;0;0;0;0;0;0;0;0;0;0;1;0;0;0;0;0;24;10;0;0;0;0;0;0;0;1;1;0;0;0;1;0;0;0;0;0;0;0;1;1;1;1;1;1;1
1986;2;0;1;29;0;0;0;0;0;0;0;0;0;0;1;1;0;0;0;0;12;10;0;0;0;0;0;0;0;1;1;0;0;0;1;0;0;0;0;0;0;0;1;1;1;1;1;1;1
1987;2;0;3;47;0;0;0;0;0;0;0;0;0;0;1;1;0;0;0;0;18;22;0;0;0;0;0;0;0;1;1;0;0;0;1;0;0;0;0;0;0;0;1;1;1;1;1;1;1
1988;2;0;1;37;0;0;0;0;0;0;0;0;0;0;1;0;0;0;0;0;20;10;0;0;0;0;0;0;0;1;1;0;0;0;1;0;0;0;0;0;0;0;1;1;1;1;1;1;1
1989;7;6;2;115;1;1;0;0;0;0;3;0;0;13;1;1;0;1;0;0;68;5;34;0;2;0;0;0;0;1;1;0;0;0;0;0;0;0;0;1;0;0;-1;-1;1;1;1;1;1
1990;3;0;3;48;0;0;0;0;0;0;0;0;0;0;1;1;0;0;0;0;19;22;0;0;0;0;0;0;0;1;1;0;0;0;1;0;0;0;0;0;0;0;1;1;1;1;1;1;1
1991;2;0;1;40;0;0;0;0;0;0;0;0;0;0;1;0;0;0;0;0;23;10;0;0;0;0;0;0;0;1;1;0;0;0;1;0;0;0;0;0;0;0;1;1;1;1;1;1;1
1992;2;0;1;40;0;0;0;0;0;0;0;0;0;0;1;0;0;0;0;0;23;10;0;0;0;0;0;0;0;1;1;0;0;0;1;0;0;0;0;0;0;0;1;1;1;1;1;1;1
1993;2;0;1;33;1;1;0;0;0;0;0;0;0;0;1;1;0;0;0;0;16;10;0;0;0;0;0;0;0;1;1;0;0;0;1;0;0;0;0;0;0;0;1;1;1;1;1;1;1
1994;2;0;6;71;1;0;0;0;0;0;0;0;0;0;1;1;0;0;0;0;16;48;0;0;0;0;0;0;0;1;1;0;0;0;1;0;0;0;0;0;0;0;1;0;1;1;1;1;1
1995;3;0;3;54;0;0;0;0;0;0;0;0;0;0;1;1;0;0;0;0;25;22;0;0;0;0;0;0;0;1;1;0;0;0;1;0;0;0;0;0;0;0;1;0;1;1;1;1;1
1996;2;0;4;52;0;0;0;0;1;0;0;0;0;0;1;1;0;0;0;0;12;33;0;0;1;0;0;0;0;1;1;0;0;1;0;0;0;0;0;0;0;0;1;1;1;1;1;-1;1
1997;2;0;3;39;0;0;0;0;0;0;0;0;0;0;1;0;0;0;0;0;20;12;0;0;0;0;0;0;0;1;0;0;0;0;0;0;0;0;0;0;0;0;1;1;1;1;1;1;1
1998;4;1;4;145;2;0;0;0;0;0;1;0;0;36;1;0;0;0;0;0;25;35;77;0;2;0;0;0;0;1;0;0;0;0;0;0;0;0;0;0;0;0;1;-1;1;1;1;1;1
1999;2;0;2;52;0;0;0;0;0;0;0;0;0;0;1;0;0;0;0;0;29;16;0;0;0;0;1;1;0;1;0;0;0;0;1;0;0;0;0;0;0;0;1;1;-1;1;-1;-1;1
2000;2;0;1;35;0;0;0;0;0;0;0;0;0;0;1;0;0;0;0;0;18;10;0;0;0;0;0;0;0;1;1;0;0;0;1;0;0;0;0;0;0;0;1;1;1;1;1;1;1
2001;2;0;3;47;0;0;0;0;0;0;0;0;0;0;1;1;0;0;0;0;18;22;0;0;0;0;0;0;0;1;1;0;0;0;1;0;0;0;0;0;0;0;1;1;1;1;1;1;1
2002;3;0;3;56;1;1;0;0;0;0;0;0;0;0;1;1;0;0;0;0;27;22;0;0;0;0;0;0;0;1;1;0;0;0;1;0;0;0;0;0;0;0;1;0;1;1;1;1;1
2003;2;0;3;44;0;0;0;0;0;0;0;0;0;0;1;1;0;0;0;0;15;22;0;0;0;0;0;0;0;1;1;0;0;0;1;0;0;0;0;0;0;0;1;1;1;1;1;1;1
2004;2;0;3;40;0;0;0;0;0;0;0;0;0;2;1;1;0;0;0;0;11;22;0;0;0;0;0;0;0;1;1;0;0;0;1;0;0;0;0;0;0;0;1;1;1;1;1;1;1
2005;2;0;3;42;0;0;0;0;0;0;0;0;0;0;1;1;0;0;0;0;13;22;0;0;0;0;0;0;0;1;1;0;0;0;1;0;0;0;0;0;0;0;1;1;1;1;1;1;1
2006;2;0;1;43;0;0;0;0;0;0;0;0;0;0;1;0;0;0;0;0;26;10;0;0;0;0;0;0;0;1;1;0;0;0;1;0;0;0;0;0;0;0;1;1;1;1;1;1;1
2007;2;0;3;45;0;0;0;0;0;0;0;0;0;0;1;1;0;0;0;0;16;22;0;0;0;0;0;0;0;1;1;0;0;0;1;0;0;0;0;0;0;0;1;1;1;1;1;1;1
2008;2;0;6;63;1;0;0;0;0;0;0;0;0;0;1;1;0;0;0;0;12;44;0;0;0;0;0;0;0;1;1;0;0;0;1;0;0;0;0;0;0;0;1;0;1;1;1;1;1
2009;3;1;3;47;0;0;0;0;0;0;0;0;0;0;1;0;0;0;0;0;17;23;0;0;0;0;0;0;0;1;1;0;0;1;0;0;0;0;0;0;0;0;1;1;1;1;1;-1;1
2010;2;0;3;45;0;0;0;0;0;0;0;0;0;0;1;1;0;0;0;0;16;22;0;0;0;0;0;0;0;1;1;0;0;0;1;0;0;0;0;0;0;0;1;1;1;1;1;1;1
2011;2;0;4;83;0;0;0;0;0;0;4;0;0;1;1;0;0;0;0;0;11;33;31;0;1;1;1;1;1;1;0;0;0;0;1;0;0;0;0;0;0;0;1;-1;-1;1;-1;-1;1
2012;2;0;1;39;0;0;0;0;0;0;0;0;0;0;1;0;0;0;0;0;22;10;0;0;0;0;0;0;0;1;1;0;0;0;1;0;0;0;0;0;0;0;1;1;1;1;1;1;1
2013;2;0;3;45;0;0;0;0;0;0;0;0;0;0;1;1;0;0;0;0;16;22;0;0;0;0;0;0;0;1;1;0;0;0;1;0;0;0;0;0;0;0;1;1;1;1;1;1;1
2014;3;0;3;46;0;0;0;0;0;0;0;0;0;0;1;1;0;0;0;0;17;22;0;0;0;0;0;0;0;1;1;0;0;0;1;0;0;0;0;0;0;0;1;1;1;1;1;1;1
2015;3;0;6;84;3;0;0;0;0;0;0;0;0;0;1;1;0;0;0;0;18;59;0;0;0;0;0;0;0;1;1;0;0;0;1;0;0;0;0;0;0;0;1;-1;1;1;1;1;1
2016;3;0;3;47;0;0;0;0;0;0;0;0;0;0;1;0;0;0;1;0;24;16;0;0;0;0;0;0,071428571;1;1;0;0;0;1;0;0;0;0;0;1;0;0;1;1;1;1;1;-1;1
2017;3;0;3;49;0;0;0;0;0;0;0;0;0;0;1;1;0;0;0;0;20;22;0;0;0;0;0;0;0;1;1;0;0;0;1;0;0;0;0;0;0;0;1;1;1;1;1;1;1
2018;2;0;3;47;0;0;0;0;0;0;0;0;0;0;1;1;0;0;0;0;18;22;0;0;0;0;0;0;0;1;1;0;0;0;1;0;0;0;0;0;0;0;1;1;1;1;1;1;1
2019;4;1;2;51;0;0;0;0;0;0;0;0;0;0;1;0;0;0;1;0;25;19;0;0;0;0;0,5;0;0;1;1;0;0;0,5;0;0;0;0;0;1;0;0;1;1;1;1;1;-1;1
2020;2;0;2;37;1;1;0;0;0;0;0;0;0;0;1;0;0;0;0;0;12;18;0;0;0;0;0;0;0;1;0;0;0;0;0;0;0;0;0;0;0;0;1;1;1;1;1;1;1
2021;2;0;3;44;0;0;0;0;0;0;0;0;0;0;1;0;0;0;1;0;16;21;0;0;0;0;0;0,583333333;0;1;0;0;0;0,8;0;0;0;0;0;1;0;1;1;1;1;1;-1;-1;1
2022;2;0;2;50;0;0;0;0;0;0;0;0;0;0;1;0;0;0;0;0;28;15;0;0;0;0;0;0,785714286;0;1;0;0;0;1;1;0;0;0;0;1;0;0;1;1;-1;1;1;-1;1
2023;3;1;2;40;0;0;0;0;0;0;0;0;0;0;1;0;0;0;0;0;16;17;0;0;0;0;1;1;0;1;0;0;0;0;1;0;0;0;0;0;0;0;1;1;-1;1;-1;-1;1
2024;9;0;9;188;1;0;0;0;2;0;1;0;0;15;1;0;0;0;1;0;6;49;125;0;1;1;1;1;1;1;0;0;0;0;1;0;0;0;0;0;0;0;1;-1;-1;1;-1;-1;1
2025;2;0;5;60;1;0;0;0;0;0;0;0;0;0;1;0;0;0;1;0;11;42;0;0;0;0;0,333333333;0,1875;1;1;0;0;0;0,666666667;0;0;0;0;0;1;0;0;1;0;1;1;0;-1;1
2026;2;0;6;72;0;0;0;0;0;0;0;0;0;4;1;1;0;0;0;0;18;47;0;0;0;0;0;0;0;1;1;0;0;0;1;0;0;0;0;0;0;0;1;0;1;1;1;1;1
2027;2;0;6;84;3;0;0;0;0;0;0;0;0;0;1;1;0;0;0;0;18;59;0;0;0;0;0;0;0;1;1;0;0;0;1;0;0;0;0;0;0;0;1;-1;1;1;1;1;1
2028;2;0;3;47;0;0;0;0;0;0;0;0;0;0;1;1;0;0;1;0;19;21;0;0;0;0;0;0;0;1;1;0;0;0;1;0;0;0;0;0;0;0;1;1;1;1;1;1;1
2029;2;0;6;81;1;0;0;0;1;0;0;0;0;0;1;1;0;0;1;0;22;52;0;0;0;0;0;0;0;1;1;0;0;0;1;0;0;0;0;0;0;0;1;-1;1;1;1;1;1
2030;3;0;6;67;0;0;0;0;0;0;0;0;0;0;1;1;0;0;0;0;20;40;0;0;0;0;0;0;0;1;1;0;0;0;1;0;0;0;0;0;0;0;1;0;1;1;1;1;1
2031;5;0;5;75;2;0;0;1;0;0;0;0;0;9;1;0;1;0;0;0;12;56;0;0;0;1;1;1;0;1;0;0;0;0;1;0;0;0;0;0;0;0;1;0;-1;1;-1;-1;1
2032;2;0;7;76;0;0;0;0;0;0;0;0;0;4;1;0;0;0;0;0;34;35;0;0;0;0;0;0;0;1;0;0;0;1;0;0;1;0;0;0;0;0;1;-1;1;1;1;-1;1
2033;4;0;5;75;1;0;0;1;0;0;0;0;0;9;1;0;1;0;0;0;12;56;0;0;1;1;0,25;1;0;1;0;0;0;0,75;1;0;0;0;0;0;0;0;1;0;-1;1;-1;-1;1
2034;5;0;5;65;1;0;0;1;0;0;0;0;0;9;1;0;1;0;1;0;12;46;0;0;0;1;1;1;0;1;0;0;0;0;1;0;0;0;0;0;0;0;1;0;-1;1;-1;-1;1
2035;5;0;5;62;1;0;0;1;0;0;0;0;0;9;1;0;1;0;1;0;12;43;0;0;0;1;1;1;0;1;0;0;0;0;1;0;0;0;0;0;0;0;1;0;-1;1;-1;-1;1
2036;5;0;5;65;1;0;0;1;0;0;0;0;0;9;1;0;1;0;1;0;12;46;0;0;0;1;1;1;0;1;0;0;0;0;1;0;0;0;0;0;0;0;1;0;-1;1;-1;-1;1
2037;5;0;5;67;1;0;0;1;0;0;0;0;0;9;1;0;1;0;1;0;12;48;0;0;0;1;1;1;0;1;0;0;0;0;1;0;0;0;0;0;0;0;1;0;-1;1;-1;-1;1
2038;2;0;5;116;2;0;0;0;4;0;2;1;0;1;1;0;0;0;0;0;11;49;48;0;0;1;0;0;0;1;1;0;0;0;0;0;0;0;0;0;0;0;1;-1;1;1;1;1;1
2039;5;0;5;69;1;0;0;1;0;0;0;0;0;9;1;0;1;0;1;0;12;50;0;0;0;1;1;1;0;1;0;0;0;0;1;0;0;0;0;0;0;0;1;0;-1;1;-1;-1;1
2040;2;0;2;37;0;0;0;0;0;0;0;0;0;0;1;0;0;0;0;0;15;15;0;0;0;0;0,923076923;1;0;1;0;0;0;0;1;0;0;0;0;0;0;0;1;1;1;1;-1;-1;1
2041;3;1;2;43;0;0;0;0;0;0;0;0;0;4;1;1;0;0;0;0;15;21;0;0;0;0;1;0,142857143;1;1;0;0;0;0;0;0;0;0;0;1;0;0;1;1;1;1;0;-1;1
2042;3;0;2;49;0;0;0;0;0;0;0;0;0;0;1;0;0;0;1;0;17;25;0;0;0;1;0,923076923;1;0;1;0;0;0;0;1;0;0;0;0;0;0;0;1;1;1;1;-1;-1;1
2043;5;0;5;66;1;0;0;1;0;0;0;0;0;9;1;0;1;0;1;0;12;47;0;0;0;1;1;1;0;1;0;0;0;0;1;0;0;0;0;0;0;0;1;0;-1;1;-1;-1;1
2044;3;0;6;97;1;0;0;0;0;0;0;0;0;16;1;1;0;0;1;0;15;75;0;0;2;0;0;1;0;1;0;0;0;0;1;0;0;0;0;0;0;0;1;-1;-1;1;-1;1;1
2045;7;6;2;79;1;1;0;0;0;0;0;0;0;1;1;1;0;1;0;0;67;5;0;0;2;0;0;0;0;1;1;0;0;1;0;0;0;0;0;1;0;0;-1;-1;1;1;1;-1;1
2046;7;6;2;73;1;1;0;0;0;0;0;0;0;2;1;1;0;1;0;0;61;5;0;0;2;0;0;0;0;1;1;0;0;1;0;0;0;0;0;1;0;0;-1;0;1;1;1;-1;1
2047;1;0;3;50;1;0;0;0;0;0;0;0;0;4;1;1;0;0;0;0;15;28;0;0;0;0;0;0;0;1;0;0;0;0;0;0;0;0;0;0;0;0;1;1;1;1;1;1;1
2048;2;0;2;40;0;0;0;0;1;0;0;0;0;0;1;0;0;0;0;0;10;23;0;0;0;0;0,75;0,1;1;1;1;0;0;0,25;0;0;0;0;0;0;0;0;1;1;1;1;0;-1;1
2049;5;0;5;64;1;0;0;1;0;0;0;0;0;9;1;0;1;0;1;0;12;45;0;0;0;1;1;1;0;1;0;0;0;0;1;0;0;0;0;0;0;0;1;0;-1;1;-1;-1;1
2050;2;0;2;38;0;0;0;0;0;0;0;0;0;0;1;0;0;0;0;0;16;15;0;0;0;0;1;1;0;1;0;0;0;0;1;0;0;0;0;0;0;0;1;1;-1;1;-1;-1;1
2051;2;0;4;53;1;0;0;0;0;0;0;0;0;0;1;1;0;0;0;0;16;30;0;0;0;0;0;0;0;1;0;0;0;0;0;0;0;0;0;0;0;0;1;1;1;1;1;1;1
2052;2;0;4;52;1;0;0;0;0;0;0;0;0;0;1;0;0;0;1;0;13;32;0;0;0;0;1;1;0;1;0;0;0;0;1;0;0;0;0;0;0;0;1;1;-1;1;-1;-1;1
2053;1;0;2;26;0;0;0;0;0;0;0;0;0;0;1;0;0;0;0;0;14;5;0;0;0;0;1;1;0;1;0;1;0;0;1;0;0;0;0;0;0;0;1;1;-1;0;-1;-1;1
2054;3;0;2;48;0;0;0;0;0;0;0;0;0;0;1;0;0;0;0;0;16;25;0;0;0;0;1;1;0;1;0;0;0;0;1;0;0;0;0;0;0;0;1;1;-1;1;-1;-1;1
2055;2;0;3;41;0;0;0;0;0;0;0;0;0;0;1;0;0;0;0;0;10;24;0;0;0;0;0;0,642857143;1;1;0;0;0;1;0;0;0;0;0;0;0;0;1;1;-1;1;0;-1;1
2056;3;0;5;72;1;0;0;0;0;0;0;0;0;0;1;0;0;0;1;0;21;44;0;0;0;0;0;0;0;1;0;0;0;0;0;0;0;0;0;0;0;0;1;0;1;1;1;1;1
2057;2;0;2;37;0;0;0;0;0;0;0;0;0;0;1;0;0;0;0;0;14;16;0;0;0;0;0;1;0;1;0;0;0;0;1;0;0;0;0;0;0;0;1;1;-1;1;-1;1;1
2058;3;0;6;81;1;0;0;0;0;0;0;0;0;0;1;0;0;0;0;0;13;61;0;0;0;0;0;0;0;1;0;0;0;0;0;0;0;0;0;0;0;0;1;-1;1;1;1;1;1
2059;2;0;4;53;1;0;0;0;0;0;0;0;0;0;1;0;0;0;0;0;17;29;0;0;0;0;0,923076923;1;0;1;0;0;0;0;1;0;0;0;0;0;0;0;1;1;1;1;-1;-1;1
2060;2;0;1;45;0;0;0;0;0;0;0;0;0;0;1;1;0;0;0;0;13;25;0;0;0;0;0,25;1;0;1;0;1;0;0,1;0;0;0;0;0;0;0;0;1;1;-1;0;-1;0;1
2061;9;0;9;203;1;0;0;0;2;0;4;3;0;15;1;0;0;0;1;0;6;49;140;0;1;1;1;1;1;1;0;0;0;0;1;0;0;0;0;0;0;0;1;-1;-1;1;-1;-1;1
2062;2;0;5;56;1;0;0;0;0;0;0;0;0;0;1;1;0;0;0;0;9;40;0;0;0;0;0,985507246;1;1;0;0;1;0;0;1;0;0;0;0;0;0;0;1;0;-1;0;-1;-1;1
2063;3;0;3;47;0;0;0;0;0;0;0;0;0;0;1;1;0;0;0;0;12;28;0;0;1;0;0,9;1;1;1;0;1;0;0,1;1;0;0;0;0;1;0;0;1;1;-1;0;-1;-1;1
2064;2;0;3;44;1;1;0;0;0;0;0;0;0;0;1;0;0;0;1;0;21;16;0;0;0;1;0;1;1;1;0;0;0;0;1;0;0;0;0;0;0;0;1;1;-1;1;-1;1;1
2065;3;1;2;48;0;0;0;0;0;0;0;0;0;0;1;0;0;0;1;0;26;15;0;0;0;0;0,5;0,0625;1;1;0;0;0;0,5;0;0;0;0;0;1;0;0;1;1;1;1;0;-1;1
2066;7;6;2;96;1;1;0;0;0;0;3;0;0;5;1;1;0;1;0;0;61;5;22;0;2;0;0;0;0;1;1;0;0;0;0;0;0;0;0;1;0;0;-1;-1;1;1;1;1;1
2067;2;0;5;59;0;0;0;0;0;0;0;0;0;0;1;0;0;0;1;0;17;35;0;0;1;1;1;1;1;1;0;0;0;0;1;0;0;0;0;0;0;0;1;0;-1;1;-1;-1;1
2068;2;0;2;29;0;0;0;0;0;0;0;0;0;2;1;0;0;0;0;0;14;8;0;0;0;0;0;0,153846154;0;1;0;0;0;0;0;0;0;0;0;0;0;0;1;1;1;1;1;1;1
2069;1;0;6;102;3;0;0;0;0;0;0;0;0;27;1;1;0;0;1;0;22;73;0;0;0;0;0;0,785714286;0;1;0;0;0;1;1;0;0;0;0;1;0;0;1;-1;-1;1;1;-1;1
2070;3;0;3;40;0;0;0;0;0;0;0;0;0;4;1;1;0;0;1;0;12;21;0;0;0;0;0;0;0;1;0;0;0;0;0;0;0;0;0;0;0;0;1;1;1;1;1;1;1
2071;7;6;2;110;1;1;0;0;0;0;2;0;0;5;1;1;0;1;0;0;67;5;30;0;2;0;0;0;0;1;1;0;0;0;0;0;0;0;0;1;0;0;-1;-1;1;1;1;1;1
2072;2;0;1;48;0;0;0;0;0;0;0;0;0;0;1;0;0;0;0;0;19;22;0;0;0;0;0,5;1;1;1;0;0;0;0;1;0;0;0;0;0;0;0;1;1;-1;1;-1;0;1
2073;2;0;2;35;0;0;0;0;0;0;0;0;0;0;1;0;0;0;1;0;14;14;0;0;0;0;0;0,153846154;0;1;0;0;0;0;0;0;0;0;0;0;0;0;1;1;1;1;1;1;1
2074;3;1;4;60;1;0;0;0;0;0;0;0;0;0;1;0;0;0;0;0;21;32;0;0;0;0;0;0;0;1;1;0;0;1;0;0;0;0;0;0;0;0;1;0;1;1;1;-1;1
2075;2;0;1;46;1;0;0;0;0;0;0;0;0;0;1;0;0;0;0;0;17;22;0;0;0;0;1;1;1;1;0;0;0;0;1;0;0;0;0;0;0;0;1;1;-1;1;-1;-1;1
2076;2;1;2;55;1;1;0;0;0;0;0;0;0;0;0;1;0;0;1;0;42;5;0;0;0;0;0;0;0;0;1;0;0;1;0;0;0;0;0;0;0;0;1;0;1;1;1;-1;1
2077;1;0;6;102;3;0;0;0;0;0;0;0;0;19;1;1;0;0;1;0;22;73;0;0;0;0;0;0,785714286;0;1;0;0;0;1;1;0;0;0;0;1;0;0;1;-1;-1;1;1;-1;1
2078;3;1;3;49;0;0;0;0;0;0;0;0;0;0;1;0;0;0;0;0;21;21;0;0;0;0;0;0;0;1;1;0;0;1;0;0;0;0;0;0;0;0;1;1;1;1;1;-1;1
2079;3;1;2;47;0;0;0;0;0;0;0;0;0;3;1;1;0;0;0;0;23;17;0;0;1;0;0,75;0,222222222;1;1;0;0;0;0,125;0;0;0;0;0;0;0;0;1;1;1;1;0;-1;1
2080;3;1;3;49;0;0;0;0;0;0;0;0;0;0;1;0;0;0;0;0;21;21;0;0;0;0;0;0;0;1;1;0;0;1;0;0;0;0;0;0;0;0;1;1;1;1;1;-1;1
2081;7;6;2;83;2;2;0;0;0;0;0;0;0;2;1;1;0;1;0;0;71;5;0;0;2;0;0;0;0;1;1;0;0;1;0;0;0;0;0;1;0;0;-1;-1;1;1;1;-1;1
2082;3;1;6;64;0;0;0;0;0;0;0;0;0;0;1;0;0;0;1;0;21;36;0;0;1;1;1;1;1;1;0;0;0;0;1;0;0;0;0;0;0;0;1;0;-1;1;-1;-1;1
2083;11;7;3;163;0;0;0;0;0;0;0;2;0;20;1;1;0;1;1;0;83;73;0;0;1;0;0;0,115384615;0;1;1;0;1;0,95890411;0;0;0;0;0;1;0;0;-1;-1;1;-1;1;-1;1
2084;5;1;5;73;2;1;0;0;0;0;0;0;0;0;1;1;0;0;1;0;24;42;0;0;0;1;1;1;0;1;0;0;0;0;1;0;0;0;0;0;0;0;1;0;-1;1;-1;-1;1
2085;4;1;3;51;0;0;0;0;0;0;0;0;0;0;1;0;0;0;1;0;28;16;0;0;0;0;0;0,071428571;1;1;0;0;0;1;0;0;0;0;0;1;0;0;1;1;1;1;1;-1;1
2086;4;1;3;52;0;0;0;0;0;0;0;0;0;0;1;0;0;0;1;0;28;17;0;0;0;0;0;0,071428571;1;1;0;0;0;1;0;0;0;0;0;1;0;0;1;1;1;1;1;-1;1
2087;3;0;4;52;0;0;0;0;1;0;0;0;0;0;1;0;0;0;0;0;14;31;0;0;0;1;0,733333333;0,941176471;1;1;0;0;0;0;1;0;0;0;0;0;0;0;1;1;-1;1;-1;-1;1
2088;2;0;2;34;0;0;0;0;0;0;0;0;0;0;1;0;0;0;0;0;14;13;0;0;0;0;0;1;0;1;0;0;0;0;1;0;0;0;0;0;0;0;1;1;-1;1;-1;1;1
2089;3;1;3;38;0;0;0;0;0;0;0;0;0;4;1;0;0;0;0;0;15;16;0;0;0;0;0;0;0;1;0;0;0;0;0;0;0;0;0;0;0;0;1;1;1;1;1;1;1
2090;2;0;4;55;0;0;0;0;0;0;0;0;0;0;1;1;0;0;1;0;17;31;0;0;0;0;0;0,785714286;0;1;0;0;0;1;1;0;0;0;0;1;0;0;1;0;-1;1;1;-1;1
2091;3;1;3;50;0;0;0;0;0;0;0;0;0;0;1;1;0;0;1;0;22;21;0;0;0;0;0;0,666666667;1;1;0;0;0;1;0;0;0;0;0;0;0;0;1;1;-1;1;0;-1;1
2092;2;0;4;56;0;0;0;0;0;0;0;0;0;0;1;0;0;0;1;0;24;25;0;0;0;0;0;0,583333333;0;1;0;0;0;0,8;0;0;0;0;0;1;0;1;1;0;1;1;-1;-1;1
2093;8;6;4;93;1;1;0;0;0;0;0;0;0;12;1;1;0;1;1;0;66;20;0;0;0;1;0;1;1;0;0;1;0;0,666666667;1;0;0;0;0;0;0;0;-1;-1;-1;0;-1;0;1
2094;4;1;3;44;0;0;0;0;0;0;0;0;0;4;1;1;0;0;1;0;16;21;0;0;0;0;0;0;0;1;0;0;0;0;0;0;0;0;0;0;0;0;1;1;1;1;1;1;1
2095;2;0;5;108;2;0;0;0;4;0;1;0;0;1;1;0;0;0;0;0;11;49;40;0;0;1;0;0;0;1;1;0;0;0;0;0;0;0;0;0;0;0;1;-1;1;1;1;1;1
2096;2;0;2;35;0;0;0;0;0;0;0;0;0;0;1;0;0;0;0;0;14;14;0;0;0;0;0;1;0;1;0;0;0;0;1;0;0;0;0;0;0;0;1;1;-1;1;-1;1;1
2097;2;0;5;67;1;0;0;0;1;0;0;0;0;0;1;0;0;0;0;0;11;49;0;0;0;1;0;0;0;1;1;0;0;0;0;0;0;0;0;0;0;0;1;0;1;1;1;1;1
2098;3;1;2;50;0;0;0;0;0;0;0;0;0;0;1;0;0;0;0;0;22;21;0;0;0;0;0;0;0;1;1;0;0;1;0;0;0;0;0;0;0;0;1;1;1;1;1;-1;1
2099;3;1;4;66;0;0;0;0;0;0;0;0;0;0;1;0;0;0;0;0;22;37;0;0;0;0;0;0;0;1;1;0;0;1;0;0;0;0;0;0;0;0;1;0;1;1;1;-1;1
2100;2;0;5;145;0;0;0;0;0;0;1;0;0;71;1;1;0;0;0;0;15;57;65;0;1;0;0;0;0;1;0;0;0;0;0;0;0;0;0;0;0;0;1;-1;1;1;1;1;1
2101;2;0;2;39;0;0;0;0;0;0;0;0;0;0;1;1;0;0;0;0;15;17;0;0;0;0;0,923076923;1;0;1;0;0;0;0;1;0;0;0;0;0;0;0;1;1;1;1;-1;-1;1
2102;2;0;2;50;1;1;0;0;0;0;0;0;0;0;1;0;0;0;0;0;20;23;0;0;0;0;0;0,666666667;0;1;0;0;0;0;1;0;0;0;0;0;0;0;1;1;-1;1;1;1;1
2103;4;1;3;45;0;0;0;0;0;0;0;0;0;4;1;1;0;0;1;0;16;22;0;0;0;0;0;0;0;1;0;0;0;0;0;0;0;0;0;0;0;0;1;1;1;1;1;1;1
2104;2;0;5;180;0;0;0;0;2;0;3;0;0;71;1;1;0;0;0;0;15;57;100;0;1;0;0;0;0;1;0;0;0;0;0;0;0;0;0;0;0;0;1;-1;1;1;1;1;1
2105;1;0;3;35;1;0;0;0;0;0;0;0;0;0;1;0;0;0;0;0;8;20;0;0;0;0;0;0;0;0;0;0;0;0;1;0;0;0;0;0;1;0;1;1;1;1;1;1;1
2106;4;0;3;73;0;0;0;0;0;0;0;0;0;0;1;1;0;0;1;0;27;39;0;0;0;1;1;1;0;1;0;0;0;0;1;0;0;0;0;0;0;0;1;0;-1;1;-1;-1;1
2107;2;0;6;64;1;0;0;0;0;0;0;0;0;0;1;0;0;0;0;0;20;37;0;0;0;0;0;0;0;0;0;0;0;0;1;0;0;0;0;0;1;0;1;0;1;1;1;1;1
2108;3;1;1;30;0;0;0;0;0;0;0;0;0;0;1;1;0;0;0;0;14;9;0;0;0;0;1;1;0;1;0;0;0;0;1;0;0;0;0;1;0;0;1;1;-1;1;-1;-1;1
2109;2;0;8;92;1;0;0;0;0;0;0;0;0;1;1;1;0;0;1;0;24;61;0;0;0;1;1;1;0;1;0;0;0;0;1;0;0;0;0;0;0;0;1;-1;-1;1;-1;-1;1
2110;2;0;3;47;1;0;0;0;0;0;0;0;0;0;1;0;0;0;1;0;16;24;0;0;0;0;0,923076923;1;0;1;0;0;0;0;1;0;0;0;0;0;0;0;1;1;1;1;-1;-1;1
2111;2;0;3;47;1;0;0;0;0;0;0;0;0;0;1;0;0;0;1;0;16;24;0;0;0;0;0,923076923;1;0;1;0;0;0;0;1;0;0;0;0;0;0;0;1;1;1;1;-1;-1;1
2112;2;0;3;47;1;0;0;0;0;0;0;0;0;0;1;0;0;0;1;0;16;24;0;0;0;0;0,923076923;1;0;1;0;0;0;0;1;0;0;0;0;0;0;0;1;1;1;1;-1;-1;1
2113;2;0;3;48;1;0;0;0;0;0;0;0;0;0;1;0;0;0;0;0;16;25;0;0;0;0;0,923076923;1;0;1;0;0;0;0;1;0;0;0;0;0;0;0;1;1;1;1;-1;-1;1
2114;2;0;3;46;1;0;0;0;0;0;0;0;0;0;1;0;0;0;0;0;16;23;0;0;0;0;0,923076923;1;0;1;0;0;0;0;1;0;0;0;0;0;0;0;1;1;1;1;-1;-1;1
2115;2;0;3;46;1;0;0;0;0;0;0;0;0;0;1;0;0;0;0;0;16;23;0;0;0;0;0,923076923;1;0;1;0;0;0;0;1;0;0;0;0;0;0;0;1;1;1;1;-1;-1;1
2116;2;0;3;47;1;0;0;0;0;0;0;0;0;0;1;0;0;0;0;0;16;24;0;0;0;0;0,923076923;1;0;1;0;0;0;0;1;0;0;0;0;0;0;0;1;1;1;1;-1;-1;1
2117;2;0;3;46;1;0;0;0;0;0;0;0;0;0;1;0;0;0;1;0;16;23;0;0;0;0;0,923076923;1;0;1;0;0;0;0;1;0;0;0;0;0;0;0;1;1;1;1;-1;-1;1
2118;5;1;5;71;2;1;0;0;0;0;0;0;0;0;1;1;0;0;1;0;24;40;0;0;0;1;1;1;0;1;0;0;0;0;1;0;0;0;0;0;0;0;1;0;-1;1;-1;-1;1
2119;2;0;5;179;0;0;0;0;2;0;2;0;0;71;1;1;0;0;0;0;15;57;99;0;1;0;0;0;0;1;0;0;0;0;0;0;0;0;0;0;0;0;1;-1;1;1;1;1;1
2120;3;1;4;65;0;0;0;0;1;0;0;0;0;0;1;0;0;0;0;0;15;43;0;0;1;0;1;1;0;1;0;0;0;0;1;0;0;0;0;1;0;0;1;0;-1;1;-1;-1;1
2121;2;0;4;54;0;0;0;0;0;0;0;0;0;0;1;1;0;0;0;0;12;35;0;0;0;0;0;0;0;1;1;0;0;0;0;0;0;0;0;0;1;0;1;0;1;1;1;1;1
2122;2;0;4;51;0;0;0;0;0;0;0;0;0;0;1;1;0;0;0;0;12;32;0;0;0;0;0;0;0;1;1;0;0;0;0;0;0;0;0;0;1;0;1;1;1;1;1;1;1
2123;4;1;2;58;1;0;0;0;0;0;1;0;0;1;1;0;0;0;0;0;28;19;3;0;0;0;0,964285714;0,975;0;1;0;1;0;0;1;0;0;0;0;1;0;0;1;0;-1;0;-1;-1;1
2124;3;0;4;46;0;0;0;0;0;0;0;0;0;0;1;0;0;0;1;0;10;29;0;0;0;0;0;1;0;1;0;1;0;0;1;0;0;0;0;0;0;0;1;1;1;0;-1;1;1
2125;3;1;1;55;0;0;0;0;0;0;0;0;0;0;1;1;0;0;0;0;38;10;0;0;0;0;0,923076923;1;0;1;0;0;0;0;1;0;0;0;0;0;0;0;1;0;1;1;-1;-1;1
2126;2;0;4;66;1;0;0;0;0;0;0;0;0;0;1;0;0;0;0;0;24;35;0;0;0;0;0;0,583333333;0;1;0;0;0;0,8;0;0;0;0;0;1;0;1;1;0;1;1;-1;-1;1
2127;3;1;5;94;2;0;0;0;0;0;0;0;0;2;1;1;0;0;0;0;27;60;0;0;0;0;0,6;1;1;1;0;0;0;0;1;0;0;0;0;1;0;0;1;-1;-1;1;-1;0;1
2128;2;0;2;44;1;0;0;0;0;0;0;0;0;0;1;1;0;0;0;0;18;19;0;0;0;0;0;0;0;1;0;0;0;0;0;0;0;0;0;0;0;0;1;1;1;1;1;1;1
2129;2;0;5;105;0;0;0;0;1;0;2;0;0;23;1;1;0;0;0;0;15;57;25;0;1;0;0;0;0;1;0;0;0;0;0;0;0;0;0;0;0;0;1;-1;1;1;1;1;1
2130;2;0;5;190;0;0;0;0;2;0;5;2;0;71;1;1;0;0;0;0;15;57;110;0;1;0;0;0;0;1;0;0;0;0;0;0;0;0;0;0;0;0;1;-1;1;1;1;1;1
2131;3;0;2;34;0;0;0;0;0;0;0;0;0;0;1;0;0;0;1;0;15;12;0;0;0;0;0,75;0,675675676;0;1;0;0;0;0;1;0;0;0;0;1;0;0;1;1;0;1;0;-1;1
2132;3;0;4;68;1;0;0;0;0;0;0;0;0;0;1;0;0;0;1;0;21;40;0;0;0;0;0;0;0;1;0;0;0;0;0;0;0;0;0;0;0;0;1;0;1;1;1;1;1
2133;3;0;3;49;0;0;0;0;0;0;0;0;0;1;1;1;0;0;0;0;22;20;0;0;0;0;0;0,5;0;0;0;0;0;0;1;0;0;0;0;0;1;0;1;1;0;1;-1;1;1
2134;2;0;2;36;0;0;0;0;0;0;0;0;0;0;1;0;0;0;0;0;15;14;0;0;0;0;0,923076923;1;0;1;0;0;0;0;1;0;0;0;0;0;0;0;1;1;1;1;-1;-1;1
2135;2;0;5;189;0;0;0;0;2;0;4;2;0;71;1;1;0;0;0;0;15;57;109;0;1;0;0;0;0;1;0;0;0;0;0;0;0;0;0;0;0;0;1;-1;1;1;1;1;1
2136;2;0;2;61;0;0;0;0;1;0;0;0;0;0;1;0;0;0;0;0;17;37;0;0;0;0;0;1;0;1;0;0;0;0;1;0;0;0;0;0;0;0;1;0;-1;1;1;1;1
2137;3;1;2;37;1;1;0;0;0;0;0;0;0;2;1;1;0;0;1;0;13;17;0;0;0;0;1;0,222222222;0;1;0;1;0;0;1;0;0;0;0;0;0;0;1;1;-1;0;1;-1;1
2138;4;0;4;97;0;0;0;0;0;0;1;0;0;1;1;0;0;0;1;0;22;43;24;0;1;1;0,923076923;1;0;0;0;1;0;0;1;0;0;0;0;0;0;0;1;-1;1;0;-1;-1;1
2139;3;1;9;83;1;0;0;0;0;0;0;0;0;7;1;1;0;0;1;0;22;54;0;0;0;0;0;1;0;1;0;1;0;0;1;0;0;0;0;0;0;0;1;-1;-1;0;1;1;1
2140;3;0;3;54;0;0;0;0;0;0;0;0;0;0;1;0;0;0;0;0;12;35;0;0;0;0;0;0;0;1;1;0;0;0;0;0;0;0;0;0;1;0;1;0;1;1;1;1;1
2141;3;0;3;57;0;0;0;0;0;0;0;0;0;0;1;1;0;0;0;0;12;38;0;0;0;0;0;0;0;1;1;0;0;0;0;0;0;0;0;0;1;0;1;0;1;1;1;1;1
2142;3;0;3;54;0;0;0;0;0;0;0;0;0;0;1;1;0;0;0;0;12;35;0;0;0;0;0;0;0;1;1;0;0;0;0;0;0;0;0;0;1;0;1;0;1;1;1;1;1
2143;2;0;2;43;0;0;0;0;0;0;0;0;0;0;1;0;0;0;0;0;21;15;0;0;0;0;0;0;0;1;1;0;0;1;0;0;0;0;0;0;0;0;1;1;1;1;1;-1;1
2144;3;0;2;39;0;0;0;0;0;0;0;0;0;0;1;0;0;0;1;0;19;13;0;0;0;1;1;1;0;1;0;0;0;0;1;0;0;0;0;1;0;0;1;1;-1;1;-1;-1;1
2145;15;0;4;253;0;0;0;0;0;0;6;12;1;74;1;0;0;0;0;0;17;29;174;0;0;0;0;0,642857143;1;1;0;0;0;0;0;0;0;0;0;0;0;0;1;-1;-1;1;0;1;1
2146;2;0;3;42;0;0;0;0;0;0;0;0;0;1;1;0;0;0;0;0;13;22;0;0;0;0;0,135135135;1;0;1;0;0;0;0;0;0;0;0;0;0;0;0;1;1;-1;1;-1;1;1
2147;3;0;4;49;0;0;0;0;0;0;0;0;0;0;1;0;0;0;0;0;17;25;0;0;0;0;0;0,642857143;1;1;0;0;0;1;0;0;0;0;0;0;0;0;1;1;-1;1;0;-1;1
2148;2;0;3;49;1;0;0;0;0;0;0;0;0;1;1;1;0;0;0;0;17;25;0;0;0;0;0,923076923;1;0;1;0;0;0;0;1;0;0;0;0;0;0;0;1;1;1;1;-1;-1;1
2149;2;0;2;43;0;0;0;0;0;0;0;0;0;0;1;0;0;0;0;0;14;22;0;0;1;0;0,75;0,222222222;1;1;0;0;0;0,125;0;0;0;0;0;0;0;0;1;1;1;1;0;-1;1
2150;3;1;3;43;0;0;0;0;0;0;0;0;0;0;1;0;0;0;1;0;16;20;0;0;0;0;0;0;0;1;0;0;0;1;0;0;0;0;0;0;0;1;1;1;1;1;1;-1;1
2151;3;1;3;46;0;0;0;0;0;0;0;0;0;0;1;0;0;0;0;0;16;23;0;0;0;0;0;0;0;1;0;0;0;1;0;0;0;0;0;0;0;1;1;1;1;1;1;-1;1
2152;3;0;4;70;0;0;0;0;0;0;2;0;0;2;1;0;0;0;0;0;17;29;16;0;0;0;0;0,642857143;1;1;0;0;0;0;0;0;0;0;0;0;0;0;1;0;-1;1;0;1;1
2153;4;0;4;58;0;0;0;0;0;0;1;0;0;0;1;0;0;0;0;0;17;29;4;0;0;0;0;0,642857143;1;1;0;0;0;0;0;0;0;0;0;0;0;0;1;0;-1;1;0;1;1
2154;2;0;4;100;2;0;0;0;4;0;1;0;0;1;1;0;0;0;0;0;11;41;40;0;0;0;0;0;0;1;1;0;0;0;0;0;0;0;0;0;0;0;1;-1;1;1;1;1;1
2155;2;0;2;47;0;0;0;0;0;0;0;0;0;0;1;0;0;0;0;0;17;23;0;0;0;0;0;0;0;1;1;0;0;0;0;0;0;0;0;0;1;0;1;1;1;1;1;1;1
2156;8;6;4;93;1;1;0;0;0;0;0;0;0;12;1;1;0;1;1;0;66;20;0;0;0;1;0;1;1;0;0;1;0;0,666666667;1;0;0;0;0;0;0;0;-1;-1;-1;0;-1;0;1
2157;3;1;4;69;0;0;0;0;1;0;0;0;0;0;1;1;0;0;1;0;26;36;0;0;0;0;0,022727273;1;1;1;0;0;0;0,977272727;0;0;0;0;0;0;0;0;1;0;-1;1;-1;-1;1
2158;4;0;2;57;1;0;0;0;0;0;0;0;0;0;1;0;0;0;1;0;13;37;0;0;0;0;1;1;0;1;0;1;0;0;1;0;0;0;0;1;1;0;1;0;-1;0;1;-1;1
2159;2;0;5;63;0;0;0;0;0;0;0;0;0;0;1;0;0;0;1;0;17;35;3;0;1;1;1;1;1;1;0;0;0;0;1;0;0;0;0;0;0;0;1;0;-1;1;-1;-1;1
2160;4;0;6;67;0;0;0;0;0;0;0;0;0;0;1;0;0;0;0;0;19;41;0;0;0;0;0;0;0;1;1;0;0;0;0;0;0;0;0;0;0;0;1;0;1;1;1;1;1
2161;2;0;4;108;2;0;0;0;4;0;2;1;0;1;1;0;0;0;0;0;11;41;48;0;0;0;0;0;0;1;1;0;0;0;0;0;0;0;0;0;0;0;1;-1;1;1;1;1;1
2162;3;1;5;68;0;0;0;0;0;1;0;0;0;7;1;1;0;0;0;0;22;39;0;0;0;0;0;0;0;1;0;0;0;1;0;0;0;0;0;0;0;1;1;0;1;1;1;-1;1
2163;4;1;2;62;1;0;0;0;0;0;0;0;0;0;1;0;0;0;0;0;24;31;0;0;0;0;1;1;0;1;0;1;0;0;1;0;0;0;0;1;1;0;1;0;-1;0;1;-1;1
2164;1;0;4;58;1;0;0;0;0;0;0;0;0;19;1;1;0;0;1;0;18;33;0;0;0;0;0;0;0;1;0;0;0;1;0;0;0;0;0;0;0;0;1;0;1;1;1;-1;1
2165;4;0;2;45;0;0;0;1;0;0;0;0;0;11;1;0;1;0;0;0;14;24;0;0;0;0;0;0,2;0;1;1;0;1;0;1;0;0;0;0;0;0;0;1;1;1;-1;0;1;1
2166;2;0;5;179;0;0;0;0;2;0;2;0;0;71;1;1;0;0;0;0;15;57;99;0;1;0;0;0;0;1;0;0;0;0;0;0;0;0;0;0;0;0;1;-1;1;1;1;1;1
2167;2;0;3;64;0;0;0;0;0;0;1;0;0;0;1;0;0;0;0;0;15;34;7;0;1;0;0;1;0;1;1;0;0;0;1;0;0;0;0;0;0;0;1;0;-1;1;-1;1;1
2168;2;0;4;46;0;0;0;0;0;0;0;0;0;2;1;0;0;0;0;0;13;26;0;0;0;0;0;1;0;1;1;0;0;1;1;0;0;0;0;0;0;0;1;1;-1;1;-1;-1;1
2169;2;0;5;183;0;0;0;0;2;0;2;1;0;71;1;1;0;0;0;0;15;57;103;0;1;0;0;0;0;1;0;0;0;0;0;0;0;0;0;0;0;0;1;-1;1;1;1;1;1
2170;2;0;3;48;1;1;0;0;0;0;0;0;0;0;1;1;0;0;1;0;17;24;0;0;0;0;0,2;0,222222222;1;1;0;0;0;0,8;0;0;0;0;0;0;0;0;1;1;1;1;0;-1;1
2171;2;0;3;45;1;0;0;0;0;0;0;0;0;0;1;0;0;0;1;0;16;22;0;0;0;0;0,923076923;1;0;1;0;0;0;0;1;0;0;0;0;0;0;0;1;1;1;1;-1;-1;1
2172;2;0;4;112;2;0;0;0;4;0;2;1;0;1;1;0;0;0;0;0;11;41;52;0;0;0;0;0;0;1;1;0;0;0;0;0;0;0;0;0;0;0;1;-1;1;1;1;1;1
2173;2;0;3;39;1;1;0;0;0;0;0;0;0;0;1;0;0;0;1;0;17;15;0;0;0;0;0,2;0,222222222;1;1;0;0;0;0,8;0;0;0;0;0;0;0;0;1;1;1;1;0;-1;1
2174;3;0;3;58;0;0;0;0;0;0;0;0;0;0;1;0;0;0;0;0;22;29;0;0;0;0;0;0,785714286;0;1;0;0;0;1;1;0;0;0;0;1;0;0;1;0;-1;1;1;-1;1
2175;2;0;2;37;0;0;0;0;0;0;0;0;0;2;1;0;0;0;0;0;12;18;0;0;0;0;1;1;0;1;0;0;0;0;1;0;0;0;0;0;0;0;1;1;-1;1;-1;-1;1
2176;3;1;2;47;0;0;0;0;0;0;0;0;0;0;1;0;0;0;0;0;26;14;0;0;0;0;0;0,0625;1;1;0;0;0;1;0;0;0;0;0;0;0;1;1;1;1;1;1;-1;1
2177;3;1;2;46;0;0;0;0;0;0;0;0;0;0;1;1;0;0;0;0;23;16;0;0;0;0;0;0;0;1;1;0;0;0,111111111;0;0;0;0;0;0;0;0;1;1;1;1;1;1;1
2178;2;0;2;40;0;0;0;0;0;0;0;0;0;0;1;0;0;0;0;0;15;18;0;0;0;0;0;0;0;1;0;0;0;0;0;0;0;0;0;0;0;0;1;1;1;1;1;1;1
2179;4;1;2;54;0;0;0;0;0;0;2;0;0;8;1;0;0;0;1;0;14;17;15;0;0;0;0;0;0;1;0;0;0;0;0;0;0;0;0;0;0;0;1;0;1;1;1;1;1
2180;1;0;2;27;0;0;0;0;0;0;0;0;0;0;1;0;0;0;0;0;14;6;0;0;0;0;0;0;0;1;0;1;0;0;0;0;0;0;0;0;0;0;1;1;1;0;1;1;1
2181;3;0;4;54;0;0;0;1;0;0;0;0;0;0;1;0;0;0;1;0;22;25;0;0;0;1;0;1;1;1;0;0;0;0;1;0;0;0;0;0;0;0;1;0;-1;1;-1;1;1
2182;3;0;3;51;0;0;0;0;0;0;1;0;0;0;1;0;0;0;0;0;12;24;7;0;1;0;1;0,5;1;1;0;0;0;0;1;0;0;0;0;0;0;0;1;1;1;1;0;-1;1
2183;2;0;3;47;0;0;0;0;0;0;0;0;0;4;0;1;0;0;0;0;11;28;0;0;0;0;0;0;0;0;1;0;0;1;0;0;0;0;0;0;0;0;1;1;1;1;1;-1;1
2184;4;1;2;51;0;0;0;0;0;0;0;0;0;1;1;0;0;0;0;0;23;21;0;0;0;0;1;0,25;1;1;0;0;0;0;1;0;0;0;0;1;0;0;1;1;1;1;0;-1;1
2185;3;1;2;38;0;0;0;0;0;0;0;0;0;2;1;0;0;0;0;0;16;15;0;0;0;0;1;1;0;1;0;0;0;0;1;0;0;0;0;0;0;0;1;1;-1;1;-1;-1;1
2186;3;1;2;41;0;0;0;0;0;0;0;0;0;2;1;0;0;0;0;0;16;18;0;0;0;0;1;1;0;1;0;0;0;0;1;0;0;0;0;0;0;0;1;1;-1;1;-1;-1;1
2187;4;1;4;45;0;0;0;0;0;0;0;0;0;1;1;0;0;0;0;0;9;29;0;0;0;0;0;0;0;1;1;0;0;0;0;0;0;0;0;0;0;0;1;1;1;1;1;1;1
2188;2;0;3;45;0;0;0;0;0;0;0;0;0;2;1;0;0;0;0;0;13;25;0;0;0;0;0;0;0;1;1;0;0;1;0;0;0;0;0;0;0;0;1;1;1;1;1;-1;1
2189;2;0;2;38;0;0;0;0;0;0;0;0;0;0;1;1;0;0;0;0;15;16;0;0;0;0;0,923076923;1;0;1;0;0;0;0;1;0;0;0;0;0;0;0;1;1;1;1;-1;-1;1
2190;2;0;2;38;0;0;0;0;0;0;0;0;0;0;1;1;0;0;0;0;15;16;0;0;0;0;0,923076923;1;0;1;0;0;0;0;1;0;0;0;0;0;0;0;1;1;1;1;-1;-1;1
2191;2;0;2;37;0;0;0;0;0;0;0;0;0;0;1;1;0;0;0;0;15;15;0;0;0;0;0,923076923;1;0;1;0;0;0;0;1;0;0;0;0;0;0;0;1;1;1;1;-1;-1;1
2192;2;0;4;51;0;0;0;0;0;0;0;0;0;1;1;0;0;0;0;0;11;33;0;0;1;1;1;1;1;1;0;0;0;0;1;0;0;0;0;0;0;0;1;1;-1;1;-1;-1;1
2193;2;0;6;75;1;0;0;0;0;0;0;0;0;6;1;1;0;0;0;0;19;49;0;0;0;1;1;1;0;1;0;0;0;0;1;0;0;0;0;1;0;0;1;0;-1;1;-1;-1;1
2194;3;1;7;85;0;0;0;0;1;0;0;0;0;0;1;1;0;0;0;0;22;56;0;0;0;0;0,9;1;1;1;0;0;0;0,1;1;0;0;0;0;1;0;0;1;-1;-1;1;-1;-1;1
2195;2;0;4;55;0;0;0;0;1;0;0;0;0;0;1;0;0;0;0;0;14;34;0;0;1;0;0;0;0;1;0;0;0;0;0;0;0;0;0;0;0;0;1;0;1;1;1;1;1
2196;2;0;4;97;1;0;0;0;4;0;1;0;0;1;1;0;0;0;1;0;11;38;40;0;0;0;0;0;0;1;1;0;0;0;0;0;0;0;0;0;0;0;1;-1;1;1;1;1;1
2197;5;1;3;71;0;0;0;0;0;0;0;0;0;0;1;0;0;0;1;0;28;36;0;0;0;1;0,923076923;1;1;1;0;0;0;0;1;0;0;0;0;0;0;0;1;0;1;1;-1;-1;1
2198;2;0;4;59;1;0;0;0;1;0;0;0;0;0;1;0;0;0;0;0;11;41;0;0;0;0;0;0;0;1;1;0;0;0;0;0;0;0;0;0;0;0;1;0;1;1;1;1;1
2199;4;0;3;50;0;0;0;0;0;0;0;0;0;0;1;0;0;0;1;0;14;29;0;0;0;0;0;0,038461539;0;1;0;0;0;0;0;0;0;0;0;1;0;0;1;1;1;1;0;1;1
2200;3;1;3;44;0;0;0;0;0;0;0;0;0;0;1;1;0;0;0;0;17;20;0;0;0;0;0;0;0;1;0;0;0;0;0;0;0;0;0;0;0;0;1;1;1;1;1;1;1
2201;3;1;4;55;0;0;0;0;0;0;0;0;0;1;1;0;0;0;0;0;15;33;0;0;1;1;1;1;1;1;0;0;0;0;1;0;0;0;0;0;0;0;1;0;-1;1;-1;-1;1
2202;3;1;4;53;0;0;0;0;0;0;0;0;0;0;1;0;0;0;1;0;21;25;0;0;1;0;0,9;0,090909091;1;1;0;0;0;0,1;0;0;0;0;0;1;0;0;1;1;1;1;1;-1;1
2203;2;0;3;56;0;0;0;0;0;0;0;0;0;0;1;0;0;0;0;0;15;34;0;0;1;0;0;1;0;1;1;0;0;1;1;0;0;0;0;0;0;0;1;0;-1;1;-1;-1;1
2204;2;0;4;58;0;0;0;0;0;0;0;0;0;1;1;1;0;0;0;0;22;29;0;0;0;0;0;0,785714286;0;1;0;0;0;1;1;0;0;0;0;1;0;0;1;0;-1;1;1;-1;1
2205;3;1;6;69;0;0;0;0;0;0;1;0;0;0;1;0;0;0;1;0;21;36;4;0;1;1;1;1;1;1;0;0;0;0;1;0;0;0;0;0;0;0;1;0;-1;1;-1;-1;1
2206;3;1;5;63;0;0;0;0;0;0;0;0;0;0;1;0;0;0;1;0;21;35;0;0;1;0;0,9;0,090909091;1;1;0;0;0;0,1;0;0;0;0;0;1;0;0;1;0;1;1;1;-1;1
2207;6;0;3;110;0;0;0;0;0;0;2;1;0;0;1;0;0;0;0;0;12;24;66;0;2;0;1;0,5;1;1;0;0;0;0;1;0;0;0;0;0;0;0;1;-1;1;1;0;-1;1
2208;3;0;1;37;0;0;0;0;0;0;0;0;0;0;1;0;0;0;0;0;21;9;0;0;0;0;0,923076923;1;0;1;0;0;0;0;1;0;0;0;0;0;0;0;1;1;1;1;-1;-1;1
2209;3;0;5;75;1;0;0;0;0;0;0;0;0;0;1;0;0;0;1;0;19;49;0;0;0;0;0;0;0;1;0;0;0;0;0;0;0;0;0;0;0;0;1;0;1;1;1;1;1
2210;4;1;4;53;1;0;0;0;0;0;0;0;0;0;1;0;0;0;0;0;14;32;0;0;1;0;0;0;0;1;0;0;0;0;0;0;0;0;0;0;0;0;1;1;1;1;1;1;1
2211;2;0;2;34;0;0;0;0;0;0;0;0;0;0;1;0;0;0;0;0;12;15;0;0;0;0;0;0;0;1;0;0;0;1;0;0;0;0;0;0;0;1;1;1;1;1;1;-1;1
2212;4;1;2;42;0;0;0;0;0;0;0;0;0;0;1;0;0;0;0;0;18;17;0;0;1;0;0;1;0;1;0;0;0;1;0;0;0;0;0;0;0;0;1;1;1;1;-1;-1;1
2213;3;1;4;87;0;0;0;0;0;0;4;0;0;1;1;0;0;0;0;0;15;33;31;0;1;1;1;1;1;1;0;0;0;0;1;0;0;0;0;0;0;0;1;-1;-1;1;-1;-1;1
2214;2;0;3;63;1;0;0;0;0;0;0;0;0;0;1;1;0;0;0;0;28;28;0;0;0;0;0,923076923;1;0;1;0;0;0;0;1;0;0;0;0;0;0;0;1;0;1;1;-1;-1;1
2215;2;0;4;56;0;0;0;0;1;0;0;0;0;0;1;0;0;0;1;0;11;38;0;0;0;0;0;0;0;1;1;0;0;0;0;0;0;0;0;0;0;0;1;0;1;1;1;1;1
2216;2;0;5;58;0;0;0;0;0;0;0;0;0;0;1;1;0;0;0;0;13;38;0;0;0;0;0,066666667;0,076923077;0;1;1;0;0;0,866666667;0;0;0;0;0;0;0;0;1;0;1;1;1;-1;1
2217;3;1;6;68;0;0;0;0;0;0;0;0;0;0;1;0;0;0;1;0;21;36;3;0;1;1;1;1;1;1;0;0;0;0;1;0;0;0;0;0;0;0;1;0;-1;1;-1;-1;1
2218;2;0;4;109;1;0;0;0;4;0;2;1;0;1;1;0;0;0;1;0;11;38;52;0;0;0;0;0;0;1;1;0;0;0;0;0;0;0;0;0;0;0;1;-1;1;1;1;1;1
2219;2;0;4;105;1;0;0;0;4;0;2;1;0;1;1;0;0;0;1;0;11;38;48;0;0;0;0;0;0;1;1;0;0;0;0;0;0;0;0;0;0;0;1;-1;1;1;1;1;1
2220;3;1;3;76;0;0;0;0;1;0;0;0;0;17;1;1;0;0;0;0;16;53;0;0;0;0;0;0,333333333;0;1;1;0;0;0;0;0;0;0;0;0;0;0;1;-1;1;1;-1;1;1
2221;4;1;4;57;0;0;0;0;0;0;0;0;0;0;1;0;0;0;0;0;21;29;0;0;0;0;0;0,642857143;1;1;0;0;0;1;0;0;0;0;0;0;0;0;1;0;-1;1;0;-1;1
2222;3;0;2;123;0;0;0;0;0;0;0;0;0;82;1;1;0;0;0;0;14;102;0;0;1;0;0;0;0;1;0;0;0;0,960784314;0;0;0;0;0;0;0;0;1;-1;1;1;1;-1;1
2223;3;1;2;41;0;0;0;0;0;0;0;0;0;0;1;1;0;0;0;0;16;18;0;0;0;0;1;1;0;1;0;1;0;0;1;0;0;0;0;1;0;0;1;1;-1;0;1;-1;1
2224;2;0;2;37;0;0;0;0;0;0;0;0;0;0;1;0;0;0;0;0;12;18;0;0;0;0;0;0;0;1;0;0;0;0;0;0;0;0;0;0;0;0;1;1;1;1;1;1;1
2225;2;0;2;36;0;0;0;0;0;0;0;0;0;0;1;0;0;0;0;0;14;15;0;0;0;0;0;0;0;1;0;1;0;0;0;0;0;0;0;0;0;0;1;1;1;0;1;1;1
2226;2;0;3;202;3;0;0;0;6;0;6;5;0;5;1;0;0;0;1;0;14;34;146;0;1;0;0,040540541;0,178571429;0;1;0;1;0;0;0;0;0;0;0;0;0;0;1;-1;1;0;0;1;1
2227;3;0;2;49;0;0;0;0;0;0;0;0;0;0;1;0;0;0;1;0;18;24;0;0;0;0;0;0;0;1;0;0;0;0;0;0;0;0;0;0;0;0;1;1;1;1;1;1;1
2228;3;0;4;63;1;0;0;0;0;0;0;0;0;0;1;0;0;0;1;0;17;39;0;0;1;1;0,923076923;1;0;1;0;0;0;0;1;0;0;0;0;0;0;0;1;0;1;1;-1;-1;1
2229;6;5;4;89;3;0;0;0;0;0;0;0;0;13;1;1;0;0;1;0;39;43;0;0;0;0;0;0;0;1;0;0;0;1;0;0;0;0;0;0;0;0;-1;-1;1;1;1;-1;1
2230;3;0;4;44;0;0;0;0;0;0;0;0;0;0;1;0;0;0;0;0;11;26;0;0;0;0;0;0;0;1;1;0;0;0;0;0;0;0;0;0;0;0;1;1;1;1;1;1;1
2231;3;1;5;80;2;1;0;0;2;0;0;0;0;0;1;0;0;0;1;0;22;51;0;0;0;0;0;0,2;1;1;0;0;0;1;0;0;0;0;0;0;0;0;1;-1;1;1;0;-1;1
2232;2;0;2;37;0;0;0;0;0;0;0;0;0;0;1;0;0;0;1;0;16;14;0;0;0;0;0;1;1;1;0;0;0;1;1;0;0;0;0;0;0;0;1;1;-1;1;-1;-1;1
2233;2;0;3;54;0;0;0;0;0;0;0;0;0;0;1;0;0;0;1;0;19;28;0;0;0;0;0;0;0;1;1;0;0;0;0;0;0;0;0;0;1;0;1;0;1;1;1;1;1
2234;2;0;3;56;0;0;0;0;0;0;0;0;0;0;1;0;0;0;1;0;19;30;0;0;0;0;0;0;0;1;1;0;0;0;0;0;0;0;0;0;1;0;1;0;1;1;1;1;1
2235;2;0;3;54;0;0;0;0;0;0;0;0;0;0;1;0;0;0;1;0;19;28;0;0;0;0;0;0;0;1;1;0;0;0;0;0;0;0;0;0;1;0;1;0;1;1;1;1;1
2236;2;0;7;86;1;1;0;0;0;0;0;0;0;13;1;1;0;0;1;0;28;51;0;0;2;0;0;0,333333333;0;1;0;0;0;0;0;0;0;0;0;0;0;0;1;-1;1;1;0;1;1
2237;4;1;3;57;0;0;0;0;0;0;0;0;0;0;1;1;0;0;1;0;22;28;0;0;1;1;0,923076923;1;0;1;0;0;0;0;1;0;0;0;0;0;0;0;1;0;1;1;-1;-1;1
2238;2;0;4;55;0;0;0;0;1;0;0;0;0;1;1;1;0;0;1;0;8;40;0;0;0;0;0,307692308;1;0;1;0;0;0;0,692307692;1;0;0;0;0;0;0;0;1;0;-1;1;-1;-1;1
2239;3;0;6;66;1;0;0;0;0;0;0;0;0;0;1;1;0;0;0;0;19;40;0;0;0;0;0;0;0;1;0;0;0;0;0;0;0;0;0;0;0;0;1;0;1;1;1;1;1
2240;2;0;2;49;0;0;0;0;0;0;0;0;0;0;1;0;0;0;0;0;10;32;0;0;0;0;1;0;0;1;0;0;0;0;1;0;0;0;0;0;0;0;1;1;1;1;1;-1;1
2241;2;1;3;60;1;1;0;0;0;0;0;0;0;0;0;1;0;0;1;0;41;11;0;0;1;0;0;0;0;0;1;0;0;1;0;0;0;0;0;0;0;0;1;0;1;1;1;-1;1
2242;2;1;2;57;1;1;0;0;0;0;0;0;0;0;0;1;0;0;0;0;40;9;0;0;0;0;0;0;0;0;1;0;0;1;0;0;0;0;0;0;0;0;1;0;1;1;1;-1;1
2243;2;0;4;51;0;0;0;0;0;0;0;0;0;0;1;1;0;0;0;0;12;32;0;0;0;0;0;0;0;1;1;0;0;0;0;0;0;0;0;0;1;0;1;1;1;1;1;1;1
2244;2;0;2;44;0;0;0;0;0;0;0;0;0;1;1;0;0;0;1;0;21;16;0;0;0;0;0;0;0;1;1;0;0;0;0;0;0;0;0;0;0;0;1;1;1;1;1;1;1
2245;2;0;5;80;1;0;0;0;0;0;0;0;0;0;1;1;0;0;0;0;20;53;0;0;0;0;0;0,785714286;0;1;0;0;0;1;1;0;0;0;0;1;0;0;1;-1;-1;1;1;-1;1
2246;4;1;1;145;1;0;0;0;4;0;2;1;0;46;1;0;0;0;0;0;21;16;100;0;1;0;0;0;0;1;0;0;0;0;0;0;0;0;0;0;0;0;1;-1;1;1;1;1;1
2247;2;0;5;70;1;1;0;0;0;0;0;0;0;0;1;0;0;0;0;0;13;50;0;0;0;0;1;0,142857143;1;1;0;0;0;0;0;0;0;0;0;1;0;0;1;0;1;1;0;-1;1
2248;3;0;4;54;0;0;0;0;0;0;0;0;0;4;1;1;0;0;0;0;16;31;0;0;0;0;0;0;0;1;1;0;0;1;0;0;0;0;0;0;0;0;1;0;1;1;1;-1;1
2249;3;1;4;58;0;0;0;0;0;0;0;0;0;0;1;0;0;0;1;0;20;31;0;0;0;0;0;0;0;1;0;0;0;0;0;0;0;0;0;0;0;0;1;0;1;1;1;1;1
2250;2;0;1;40;0;0;0;0;0;0;0;0;0;0;1;0;0;0;0;0;18;15;0;0;0;1;0,923076923;1;0;1;0;1;0;0;1;0;0;0;0;0;0;0;1;1;1;0;-1;-1;1
2251;2;0;3;42;1;1;0;0;0;0;0;0;0;0;1;1;0;0;1;0;17;18;0;0;0;0;0,2;0,222222222;1;1;0;0;0;0,8;0;0;0;0;0;0;0;0;1;1;1;1;0;-1;1
2252;2;0;1;37;0;0;0;0;0;0;0;0;0;0;1;0;0;0;0;0;19;11;0;0;0;0;1;1;1;1;0;1;0;0;1;0;0;0;0;0;0;0;1;1;-1;0;-1;-1;1
2253;2;0;3;48;1;1;0;0;0;0;0;0;0;0;1;1;0;0;1;0;17;24;0;0;0;0;0,2;0,222222222;1;1;0;0;0;0,8;0;0;0;0;0;0;0;0;1;1;1;1;0;-1;1
2254;4;1;2;127;0;0;0;0;0;0;0;0;0;82;1;1;0;0;0;0;18;102;0;0;1;0;0;0;0;1;0;0;0;0,960784314;0;0;0;0;0;0;0;0;1;-1;1;1;1;-1;1
2255;2;0;3;56;0;0;0;0;1;0;0;0;0;0;1;0;0;0;0;0;22;27;0;0;0;0;0;1;0;1;1;0;0;1;1;0;0;0;0;0;0;0;1;0;-1;1;-1;-1;1
2256;2;0;0;59;1;1;0;0;1;3;2;1;0;7;1;0;0;0;0;0;18;1;32;0;0;0;0,333333333;0,028571429;0;1;0;0;0;0;0;0;0;0;0;0;0;0;1;0;1;1;1;0;1
2257;2;0;3;51;1;0;0;0;0;0;0;0;0;1;1;0;0;0;0;0;17;27;0;0;0;0;0,9;1;0;1;0;0;0;0,1;1;1;0;0;0;1;0;0;1;1;-1;1;-1;-1;1
2258;5;1;3;60;0;0;0;0;0;0;0;0;0;0;1;1;0;0;1;0;22;31;0;0;0;0;0,022727273;1;1;1;0;0;0;0,977272727;0;0;0;0;0;0;0;0;1;0;-1;1;-1;-1;1
2259;2;0;4;51;1;1;0;0;0;0;0;0;0;0;1;1;0;0;0;0;15;29;0;0;0;0;0;0;0;1;0;0;0;0;0;0;0;0;0;0;0;0;1;1;1;1;1;1;1
2260;2;0;2;48;0;0;0;0;0;0;0;0;0;1;1;0;0;0;1;0;25;16;0;0;0;0;1;1;0;1;0;0;0;0;1;0;0;0;0;1;0;0;1;1;-1;1;1;-1;1
2261;2;0;2;36;0;0;0;0;0;0;0;0;0;2;1;1;0;0;0;0;12;17;0;0;0;0;0;0;0;1;0;0;0;1;0;0;0;0;0;0;0;1;1;1;1;1;1;-1;1
2262;8;6;4;92;4;4;0;0;0;0;0;0;0;7;1;1;0;1;1;0;65;20;0;0;0;1;0;1;1;0;0;1;0;0,666666667;1;0;0;0;0;0;0;0;-1;-1;-1;0;-1;0;1
2263;8;6;4;92;4;4;0;0;0;0;0;0;0;7;1;1;0;1;1;0;65;20;0;0;0;1;0;1;1;0;0;1;0;0,666666667;1;0;0;0;0;0;0;0;-1;-1;-1;0;-1;0;1
2264;3;1;1;36;0;0;0;0;0;0;0;0;0;0;1;0;0;0;0;0;18;11;0;0;0;0;0,857142857;1;0;1;0;0;0;0,142857143;1;0;0;0;0;0;0;0;1;1;-1;1;-1;-1;1
2265;2;0;7;65;0;0;0;0;0;1;0;0;0;3;1;1;0;0;1;0;12;46;0;0;0;0;0,066666667;0,076923077;0;1;1;0;0;0,866666667;0;0;0;0;0;0;0;0;1;0;1;1;1;-1;1
2266;4;1;2;65;1;0;0;0;0;0;0;0;0;0;1;0;0;0;0;0;27;31;0;0;0;0;1;1;0;1;0;1;0;0;1;0;0;0;0;1;1;0;1;0;-1;0;1;-1;1
2267;4;1;2;69;1;0;0;0;0;0;0;0;0;0;1;0;0;0;0;0;31;31;0;0;0;0;1;1;0;1;0;1;0;0;1;0;0;0;0;1;1;0;1;0;-1;0;1;-1;1
2268;3;1;2;61;1;0;0;0;0;0;0;0;0;0;1;0;0;0;0;0;23;31;0;0;0;0;1;1;0;1;0;1;0;0;1;0;0;0;0;1;1;0;1;0;-1;0;1;-1;1
2269;3;1;2;57;1;0;0;0;0;0;0;0;0;0;1;0;0;0;0;0;19;31;0;0;0;0;1;1;0;1;0;1;0;0;1;0;0;0;0;1;1;0;1;0;-1;0;1;-1;1
2270;3;1;2;51;1;0;0;0;0;0;0;0;0;0;1;0;0;0;0;0;13;31;0;0;0;0;1;1;0;1;0;1;0;0;1;0;0;0;0;1;1;0;1;1;-1;0;1;-1;1
2271;4;1;2;57;1;0;0;0;0;0;0;0;0;0;1;0;0;0;0;0;19;31;0;0;0;0;1;1;0;1;0;1;0;0;1;0;0;0;0;1;1;0;1;0;-1;0;1;-1;1
2272;4;1;2;57;1;0;0;0;0;0;0;0;0;0;1;0;0;0;0;0;19;31;0;0;0;0;1;1;0;1;0;1;0;0;1;0;0;0;0;1;1;0;1;0;-1;0;1;-1;1
2273;4;1;2;63;1;0;0;0;0;0;0;0;0;0;1;0;0;0;0;0;25;31;0;0;0;0;1;1;0;1;0;1;0;0;1;0;0;0;0;1;1;0;1;0;-1;0;1;-1;1
2274;3;1;2;55;1;0;0;0;0;0;0;0;0;0;1;0;0;0;0;0;17;31;0;0;0;0;1;1;0;1;0;1;0;0;1;0;0;0;0;1;1;0;1;0;-1;0;1;-1;1
2275;4;1;3;53;1;0;0;0;0;0;0;0;0;0;1;0;0;0;1;0;20;26;0;0;0;0;1;1;0;1;0;1;0;0;1;0;0;0;0;1;0;0;1;1;-1;0;-1;-1;1
2276;3;1;2;62;1;0;0;0;0;0;0;0;0;0;1;0;0;0;0;0;24;31;0;0;0;0;1;1;0;1;0;1;0;0;1;0;0;0;0;1;1;0;1;0;-1;0;1;-1;1
2277;2;0;5;52;1;0;0;0;0;0;0;0;0;1;1;0;0;0;0;0;16;29;0;0;0;0;1;1;0;1;0;0;0;0;1;0;0;0;0;1;0;0;1;1;-1;1;1;-1;1
2278;2;0;3;51;1;0;0;0;0;0;0;0;0;0;1;0;0;0;0;0;16;28;0;0;0;0;1;1;0;1;0;1;0;0;1;0;0;0;0;1;0;0;1;1;-1;0;-1;-1;1
2279;2;0;2;48;0;0;0;0;0;0;0;0;0;0;1;1;0;0;0;0;27;14;0;0;0;0;0,923076923;1;0;1;0;0;0;0;1;0;0;0;0;0;0;0;1;1;1;1;-1;-1;1
2280;2;0;2;48;0;0;0;0;0;0;0;0;0;0;1;1;0;0;0;0;27;14;0;0;0;0;0,923076923;1;0;1;0;0;0;0;1;0;0;0;0;0;0;0;1;1;1;1;-1;-1;1
2281;2;0;4;47;1;1;0;0;0;0;0;0;0;4;1;1;0;0;0;0;17;23;0;0;0;0;0;0;0;1;0;0;0;1;0;0;0;0;0;0;0;1;1;1;1;1;1;-1;1
2282;2;0;2;48;0;0;0;0;0;0;0;0;0;0;1;1;0;0;0;0;27;14;0;0;0;0;0,923076923;1;0;1;0;0;0;0;1;0;0;0;0;0;0;0;1;1;1;1;-1;-1;1
2283;4;1;5;80;0;0;0;0;1;0;0;0;0;0;1;0;0;0;0;0;33;40;0;0;0;0;0;0;0;1;0;0;0;0;0;0;0;0;0;0;0;0;1;-1;1;1;1;1;1
2284;3;1;9;91;1;0;0;0;0;0;0;0;0;4;1;1;0;0;1;0;22;62;0;0;0;0;0;1;0;1;0;1;0;0;1;0;0;0;0;0;0;0;1;-1;-1;0;1;1;1
2285;3;1;3;55;1;0;0;0;0;0;0;0;0;0;1;0;0;0;0;0;20;28;0;0;0;0;1;1;0;1;0;1;0;0;1;0;0;0;0;1;0;0;1;0;-1;0;-1;-1;1
2286;2;0;3;46;0;0;0;0;0;0;0;0;0;4;1;1;0;0;0;0;11;28;0;0;0;0;0;0;0;1;1;0;0;1;0;0;0;0;0;0;0;0;1;1;1;1;1;-1;1
2287;2;0;2;33;0;0;0;0;0;0;0;0;0;0;1;1;0;0;0;0;11;15;0;0;0;0;0;0;0;1;1;0;0;1;0;0;0;0;0;0;0;0;1;1;1;1;1;-1;1
2288;2;0;3;50;0;0;0;0;0;0;0;0;0;4;1;1;0;0;1;0;11;32;0;0;0;0;0;0;0;1;1;0;0;1;0;0;0;0;0;0;0;0;1;1;1;1;1;-1;1
2289;2;0;3;47;0;0;0;0;0;0;0;0;0;4;1;1;0;0;0;0;11;29;0;0;0;0;0;0;0;1;1;0;0;1;0;0;0;0;0;0;0;0;1;1;1;1;1;-1;1
2290;2;0;3;45;0;0;0;0;0;0;0;0;0;4;1;1;0;0;0;0;11;27;0;0;0;0;0;0;0;1;1;0;0;1;0;0;0;0;0;0;0;0;1;1;1;1;1;-1;1
2291;9;1;7;127;1;0;0;0;0;0;0;0;0;17;1;1;0;0;1;0;16;104;0;0;1;0;0;0;0;1;0;0;0;0,960784314;0;0;0;0;0;0;0;0;1;-1;1;1;1;-1;1
2292;3;1;4;50;0;0;0;0;0;0;0;0;0;0;0;0;0;0;1;0;20;22;0;0;0;0;0;0;0;0;1;0;0;1;0;0;0;0;0;0;0;0;1;1;1;1;1;-1;1
2293;2;0;5;73;0;0;0;0;0;0;0;0;0;0;1;0;0;0;1;0;14;52;0;0;1;0;0,083333333;0,333333333;1;1;1;0;0;0,916666667;0;0;0;0;0;1;0;0;1;0;1;1;0;-1;1
2294;3;0;3;46;0;0;0;0;0;0;0;0;0;0;1;1;0;0;0;0;19;20;0;0;0;0;0;0;0;1;0;0;0;0;0;0;0;0;0;0;0;0;1;1;1;1;1;1;1
2295;2;0;3;53;1;0;0;0;0;0;0;0;0;0;1;0;0;0;0;0;16;30;0;0;0;0;0;1;1;1;0;0;0;0;1;0;0;0;0;0;0;0;1;1;-1;1;-1;1;1
2296;4;1;3;45;0;0;0;0;0;0;0;0;0;0;1;0;0;0;0;0;17;21;0;0;0;0;0;0;0;1;0;0;0;0;0;0;0;0;0;0;0;0;1;1;1;1;1;1;1
2297;2;0;4;47;1;1;0;0;0;0;0;0;0;4;1;1;0;0;0;0;17;23;0;0;0;0;0;0;0;1;0;0;0;1;0;0;0;0;0;0;0;1;1;1;1;1;1;-1;1
2298;2;0;2;41;0;0;0;0;0;0;0;0;0;0;1;0;0;0;1;0;18;16;0;0;0;0;0;0;0;1;1;0;0;0;0;0;0;0;0;0;1;0;1;1;1;1;1;1;1
2299;3;1;4;68;0;0;0;0;0;0;0;0;0;4;1;1;0;0;1;0;28;33;0;0;0;0;0,333333333;1;1;1;0;0;0;0,666666667;1;0;0;0;0;0;0;0;1;0;-1;1;-1;-1;1
2300;2;0;6;65;1;0;0;0;0;0;0;0;0;1;1;1;0;0;1;0;17;41;0;0;0;0;0;0;0;1;1;0;0;1;0;0;0;0;0;0;0;0;1;0;1;1;1;-1;1
2301;8;6;4;89;4;4;0;0;0;0;0;0;0;7;1;1;0;1;1;0;62;20;0;0;0;1;0;1;1;0;0;1;0;0,666666667;1;0;0;0;0;0;0;0;-1;-1;-1;0;-1;0;1
2302;8;6;4;89;4;4;0;0;0;0;0;0;0;7;1;1;0;1;1;0;62;20;0;0;0;1;0;1;1;0;0;1;0;0,666666667;1;0;1;0;0;0;0;0;-1;-1;-1;0;-1;0;1
2303;8;6;4;89;4;4;0;0;0;0;0;0;0;7;1;1;0;1;1;0;62;20;0;0;0;1;0;1;1;0;0;1;0;0;1;0;1;0;0;0;0;0;-1;-1;-1;0;-1;1;1
2304;8;6;4;88;4;4;0;0;0;0;0;0;0;6;1;1;0;1;1;0;61;20;0;0;0;1;0;1;1;0;0;1;0;0,666666667;1;0;0;0;0;0;1;0;-1;-1;-1;0;-1;0;1
2305;3;1;2;52;0;0;0;0;0;0;0;0;0;1;1;0;0;0;1;0;29;16;0;0;0;0;1;1;0;1;0;0;0;0;1;0;0;0;0;1;0;0;1;1;-1;1;1;-1;1
2306;2;0;3;43;0;0;0;0;0;0;0;0;0;0;1;0;0;0;1;0;15;21;0;0;0;0;0;0;0;1;0;0;0;0;0;0;0;0;0;0;0;0;1;1;1;1;1;1;1
2307;4;1;4;48;0;0;0;0;0;0;0;0;0;0;1;0;0;0;0;0;15;26;0;0;0;0;0;0;0;1;1;0;0;0;0;0;0;0;0;0;0;0;1;1;1;1;1;1;1
2308;2;0;6;105;1;0;0;0;0;0;0;0;0;18;1;1;0;0;0;0;27;71;0;0;0;0;0;0;0;1;0;0;0;1;0;0;0;0;0;0;0;1;1;-1;1;1;1;-1;1
2309;2;0;4;50;0;0;0;0;0;0;0;0;0;0;1;1;0;0;1;0;10;33;0;0;0;0;0;0;0;1;1;0;0;0;0;0;0;0;0;0;1;0;1;1;1;1;1;1;1
2310;2;0;2;48;0;0;0;0;0;0;0;0;0;1;1;0;0;0;1;0;25;16;0;0;0;0;1;1;0;1;0;0;0;0;1;0;0;0;0;1;0;0;1;1;-1;1;1;-1;1
2311;1;0;7;132;2;1;0;0;0;0;1;0;0;39;1;1;0;0;1;0;14;76;34;0;0;0;0;0;0;1;0;0;0;0;0;0;0;0;0;0;0;0;1;-1;1;1;1;1;1
2312;3;1;5;75;1;0;0;0;1;0;0;0;0;0;1;1;0;0;0;0;29;39;0;0;0;0;0;0,043478261;1;1;0;0;0;0;0;0;0;0;0;0;0;0;1;0;1;1;0;1;1
2313;2;0;2;36;1;0;0;0;0;0;0;0;0;1;1;0;0;0;0;0;14;15;0;0;0;0;0;0;0;1;0;0;0;1;0;0;0;0;0;0;0;1;1;1;1;1;1;-1;1
2314;3;1;7;85;1;0;0;0;0;0;0;0;0;4;1;1;0;0;0;0;22;56;0;0;0;0;0;1;0;1;0;1;0;0;1;0;0;0;0;0;0;0;1;-1;-1;0;1;1;1
2315;3;0;7;86;3;0;0;0;0;0;0;0;0;0;1;0;0;0;1;0;18;61;0;0;0;0;0;0;0;1;0;0;0;1;0;0;0;0;0;1;0;0;1;-1;1;1;1;-1;1
2316;3;1;8;102;1;0;0;0;0;0;0;0;0;4;1;1;0;0;0;0;22;73;0;0;0;0;0;1;0;1;0;1;0;0;1;0;0;0;0;0;0;0;1;-1;-1;0;1;1;1
2317;3;1;7;90;1;0;0;0;0;0;0;0;0;4;1;1;0;0;0;0;22;61;0;0;0;0;0;1;0;1;0;1;0;0;1;0;0;0;0;0;0;0;1;-1;-1;0;1;1;1
2318;4;1;2;54;0;0;0;0;0;0;0;0;0;0;1;0;0;0;0;0;26;21;0;0;1;0;0;1;0;1;0;0;0;1;0;0;0;0;0;0;0;0;1;0;1;1;-1;-1;1
2319;2;0;2;52;0;0;0;0;0;0;0;0;0;0;1;1;0;0;0;0;28;17;0;0;0;0;0;0;0;1;1;0;0;1;0;0;0;0;0;0;0;0;1;1;1;1;1;-1;1
2320;4;0;2;54;0;0;0;0;0;0;0;0;0;0;1;0;0;0;0;0;22;25;0;0;0;0;0;0;0;1;0;0;0;0;0;0;0;0;0;0;0;0;1;0;1;1;1;1;1
2321;2;0;2;37;1;0;0;0;0;0;0;0;0;1;1;0;0;0;1;0;14;16;0;0;0;0;0;0,083333333;0;1;0;0;0;0;0;0;0;0;0;0;0;0;1;1;1;1;1;1;1
2322;3;0;5;73;1;0;0;0;0;0;0;0;0;0;1;0;0;0;1;0;20;46;0;0;0;0;0;0;0;1;0;0;0;0;0;0;0;0;0;0;0;0;1;0;1;1;1;1;1
2323;3;1;3;61;0;0;0;0;1;0;0;0;0;0;1;0;0;0;1;0;22;32;0;0;0;0;0;0;0;1;0;1;0;0,888888889;0;0;0;0;0;1;0;0;1;0;1;0;1;-1;1
2324;3;0;5;62;0;0;0;0;0;0;0;0;0;0;1;0;0;0;1;0;17;38;0;0;1;1;0,923076923;1;0;1;0;0;0;0;1;0;0;0;0;0;0;0;1;0;1;1;-1;-1;1
2325;2;1;2;53;1;1;0;0;0;0;0;0;0;0;0;1;0;0;0;0;39;6;0;0;0;0;0;0;0;0;1;0;0;1;0;0;0;0;0;0;0;0;1;1;1;1;1;-1;1
2326;2;0;6;60;0;0;0;0;0;0;0;0;0;0;1;0;0;0;1;0;17;36;0;0;0;1;0;1;1;1;0;0;0;0;1;0;0;0;0;0;0;0;1;0;-1;1;-1;1;1
2327;4;0;2;59;0;0;0;0;0;0;0;0;0;0;1;1;0;0;0;0;22;30;0;0;0;0;0;0;0;1;0;0;0;0;0;0;0;0;0;0;0;0;1;0;1;1;1;1;1
2328;3;1;5;56;1;0;0;0;0;0;0;0;0;1;1;0;0;0;0;0;20;29;0;0;0;0;1;1;0;1;0;0;0;0;1;0;0;0;0;1;0;0;1;0;-1;1;1;-1;1
2329;3;0;6;75;1;0;0;0;0;0;0;0;0;0;1;0;0;0;1;0;17;51;0;0;1;1;0,923076923;1;0;1;0;0;0;0;1;0;0;0;0;0;0;0;1;0;1;1;-1;-1;1
2330;3;1;2;45;0;0;0;0;0;0;0;0;0;0;1;0;0;0;0;0;20;18;0;0;0;0;0,923076923;1;0;1;0;0;0;0;1;0;0;0;0;0;0;0;1;1;1;1;-1;-1;1
2331;2;0;5;63;0;0;0;0;0;0;0;0;0;11;1;1;0;0;0;0;11;45;0;0;0;0;0,909090909;0,285714286;1;1;0;0;0;0,090909091;0;0;0;0;0;1;0;0;1;0;1;1;0;-1;1
2332;4;1;2;67;1;0;0;0;0;0;0;0;0;0;1;0;0;0;0;0;29;31;0;0;0;0;1;1;0;1;0;1;0;0;1;0;0;0;0;1;1;0;1;0;-1;0;1;-1;1
2333;5;0;2;62;1;0;0;0;0;0;0;0;0;0;1;0;0;0;1;0;17;38;0;0;0;1;1;1;0;1;0;0;0;0;1;0;0;0;0;0;0;0;1;0;-1;1;-1;-1;1
2334;2;0;2;42;0;0;0;0;0;0;0;0;0;2;1;0;0;0;1;0;15;20;0;0;1;0;1;0,076923077;0;1;1;0;0;0;0;0;0;0;0;0;0;0;1;1;1;1;0;-1;1
2335;4;1;4;58;0;0;0;0;0;0;0;0;0;4;1;1;0;0;0;0;20;31;0;0;0;0;0;0;0;1;1;0;0;1;0;0;0;0;0;0;0;0;1;0;1;1;1;-1;1
2336;2;0;5;62;0;0;0;0;0;0;0;0;0;8;1;1;0;0;1;0;17;38;0;0;0;0;0;0;0;1;1;0;0;1;0;0;0;0;0;0;0;0;1;0;1;1;1;-1;1
2337;4;0;7;65;0;0;0;0;0;0;0;0;0;16;1;1;1;0;0;0;13;45;0;0;0;0;1;0,142857143;1;1;0;0;0;0;1;0;0;0;0;1;0;0;1;0;1;1;0;-1;1
2338;2;0;2;48;0;0;0;0;0;0;0;0;0;0;1;0;0;0;0;0;20;21;0;0;0;0;1;0,714285714;1;1;0;0;0;0;1;0;0;0;0;1;0;0;1;1;-1;1;0;-1;1
2339;2;0;2;48;0;0;0;0;0;0;0;0;0;0;1;0;0;0;0;0;20;21;0;0;0;0;0;0;0;1;0;0;0;0;0;0;0;0;0;1;0;0;1;1;1;1;1;1;1
2340;1;0;7;132;2;1;0;0;0;0;1;0;0;37;1;1;0;0;1;0;14;76;34;0;0;0;0;0;0;1;0;0;0;0;0;0;0;0;0;0;0;0;1;-1;1;1;1;1;1
2341;2;0;6;80;0;0;0;0;0;1;0;0;0;7;1;1;0;0;0;0;24;49;0;0;0;0;0;0;0;1;0;0;0;1;0;0;0;0;0;0;0;1;1;-1;1;1;1;-1;1
2342;4;2;1;50;0;0;0;0;0;0;0;0;0;2;1;1;0;0;0;0;35;8;0;0;0;0;0;0;0;0;0;0;0;0;1;0;0;0;0;0;1;0;1;1;1;1;1;1;1
2343;2;0;5;88;1;0;0;0;0;0;0;0;0;21;1;1;0;0;0;0;23;58;0;0;0;0;0;0;0;1;0;0;0;1;0;0;0;0;0;0;0;1;1;-1;1;1;1;-1;1
2344;2;1;2;58;1;1;0;0;0;0;0;0;0;0;0;1;0;0;0;0;40;10;0;0;0;0;0;0;0;0;1;0;0;1;0;0;0;0;0;0;0;0;1;0;1;1;1;-1;1
2345;2;0;3;45;0;0;0;0;0;0;0;0;0;0;1;0;0;0;0;0;15;23;0;0;0;0;0;0;0;1;0;0;0;0;0;0;0;0;0;0;0;0;1;1;1;1;1;1;1
2346;6;0;2;47;0;0;0;0;0;0;0;0;0;3;1;0;0;0;1;0;9;31;0;0;1;1;0,909090909;0,384615385;1;1;0;0;0;0,090909091;1;0;0;0;0;1;0;0;1;1;0;1;0;-1;1
2347;2;0;2;38;1;1;0;0;0;0;0;0;0;0;1;0;0;0;0;0;15;16;0;0;0;0;1;0,166666667;0;1;0;0;0;0;1;0;0;0;0;1;0;0;1;1;1;1;1;-1;1
2348;2;0;4;55;0;0;0;0;0;0;0;0;0;0;1;0;0;0;0;0;20;28;0;0;0;0;0;1;0;1;1;0;0;1;1;0;0;0;0;0;0;0;1;0;-1;1;-1;-1;1
2349;2;0;5;59;0;0;0;0;0;0;0;0;0;0;1;0;0;0;0;0;24;28;0;0;0;0;0;0;0;1;0;0;0;0;0;0;0;0;0;0;0;0;1;0;1;1;1;1;1
2350;7;1;2;95;1;0;0;0;1;0;0;0;0;6;1;1;0;0;1;0;20;68;0;0;0;0;0;0,315789474;1;1;0;0;0;0;0;0;0;0;0;1;0;0;1;-1;0;1;0;1;1
2351;6;1;2;97;1;0;0;0;1;0;0;0;0;6;1;1;0;0;1;0;20;70;0;0;0;0;0;0;0;1;0;0;0;1;0;0;0;0;0;0;0;0;1;-1;1;1;1;-1;1
2352;3;0;5;69;0;0;0;0;0;0;0;0;0;0;1;1;0;0;1;0;17;45;0;0;0;0;0;0;0;1;0;0;0;0;0;0;0;0;0;0;0;0;1;0;1;1;1;1;1
2353;2;0;5;64;1;0;0;0;0;0;0;0;0;6;1;1;0;0;0;0;20;37;0;0;0;0;0,714285714;0,1;0;1;0;0;0;0,285714286;0;0;0;0;1;0;0;0;1;0;0;1;1;-1;1
2354;2;0;3;50;1;0;0;0;0;0;0;0;0;0;1;0;0;0;0;0;16;27;0;0;0;0;0,923076923;1;0;1;0;0;0;0;1;0;0;0;0;0;0;0;1;1;1;1;-1;-1;1
2355;5;0;4;71;1;0;0;0;0;0;0;0;0;4;1;1;0;0;1;0;16;48;0;0;0;1;0,923076923;1;0;1;0;0;0;0;1;0;0;0;0;0;0;0;1;0;1;1;-1;-1;1
2356;2;0;5;75;0;0;0;0;1;0;1;0;0;0;1;0;0;0;1;0;17;46;4;0;1;1;1;1;1;1;0;0;0;0;1;0;0;0;0;0;0;0;1;0;-1;1;-1;-1;1
2357;4;1;3;51;0;0;0;0;0;0;0;0;0;0;1;0;0;0;1;0;21;23;0;0;0;0;0,5;0;0;1;1;0;0;0,5;0;0;0;0;0;1;0;0;1;1;1;1;1;-1;1
2358;4;0;1;76;1;0;0;0;4;0;0;0;0;0;1;0;0;0;1;0;23;46;0;0;2;0;0,2;1;1;1;0;0;0;0,8;1;0;0;0;0;0;0;0;1;-1;-1;1;-1;-1;1
2359;6;0;4;71;0;0;0;0;0;0;1;0;0;0;1;0;0;0;1;0;13;46;4;0;1;1;0,923076923;1;1;1;0;0;0;0;1;0;0;0;0;0;0;0;1;0;1;1;-1;-1;1
2360;4;1;4;57;0;0;0;0;0;0;0;0;0;0;1;1;0;0;0;0;17;33;0;0;0;0;0;0;0;0;0;0;0;0;1;0;0;0;0;0;1;0;1;0;1;1;1;1;1
2361;2;0;1;53;1;1;0;0;1;0;0;0;0;0;1;0;0;0;0;0;19;27;0;0;0;1;1;1;1;1;0;1;0;0;1;0;0;0;0;0;0;0;1;1;-1;0;-1;-1;1
2362;3;1;1;49;0;0;0;0;0;0;0;0;0;1;1;1;0;0;0;0;25;17;0;0;0;0;0;0;0;1;1;0;0;0;0;0;0;0;0;0;0;0;1;1;1;1;1;1;1
2363;3;1;5;63;1;0;0;0;0;0;0;0;0;1;1;0;0;0;0;0;18;38;0;0;0;0;0,888888889;1;1;1;0;0;0;0,111111111;1;0;0;0;0;1;0;0;1;0;-1;1;-1;-1;1
2364;3;0;4;74;1;0;0;0;0;0;0;0;0;0;1;0;0;0;0;0;33;34;0;0;0;0;0;1;0;1;1;0;0;1;1;0;0;0;0;0;0;0;1;0;-1;1;-1;-1;1
2365;2;0;4;49;0;0;0;0;0;0;0;0;0;1;1;0;0;0;0;0;12;30;0;0;0;0;0;0;0;0;0;0;0;0;1;0;0;0;0;0;1;0;1;1;1;1;1;1;1
2366;2;0;2;53;2;0;0;0;0;0;0;0;0;0;1;0;0;0;0;0;20;26;0;0;0;0;1;0,166666667;0;1;0;0;0;0;0;0;0;0;0;0;0;0;1;1;1;1;1;-1;1
2367;3;0;6;60;0;0;0;0;0;0;0;0;0;1;1;0;0;0;0;0;12;41;0;0;0;0;0;0;0;0;0;0;0;0;1;0;0;0;0;0;1;0;1;0;1;1;1;1;1
2368;3;0;5;98;1;0;0;0;0;0;0;0;0;0;1;1;0;0;0;0;22;69;0;0;0;0;1;0,142857143;1;1;0;0;0;0;0;0;0;0;0;1;0;0;1;-1;1;1;0;-1;1
2369;2;0;4;44;0;0;0;0;0;0;0;0;0;0;1;0;0;0;0;0;12;25;0;0;0;0;0;0;0;1;0;0;0;0;0;0;0;0;0;0;0;0;1;1;1;1;1;1;1
2370;2;0;3;45;0;0;0;0;0;0;0;0;0;0;1;0;0;0;0;0;17;21;0;0;0;0;0;1;0;1;1;0;0;1;1;0;0;0;0;0;0;0;1;1;-1;1;-1;-1;1
2371;4;1;5;102;1;0;0;0;0;0;0;0;0;0;1;1;0;0;0;0;26;69;0;0;0;0;1;0,142857143;1;1;0;0;0;0;0;0;0;0;0;1;0;0;1;-1;1;1;0;-1;1
2372;3;1;2;52;0;0;0;0;0;0;0;0;0;1;1;0;0;0;1;0;29;16;0;0;0;0;1;1;0;1;0;0;0;0;1;0;0;0;0;1;0;0;1;1;-1;1;1;-1;1
2373;3;1;2;53;0;0;0;0;0;0;0;0;0;3;1;1;0;0;1;0;30;16;0;0;0;0;1;1;0;1;0;0;0;0;1;0;0;0;0;1;0;0;1;1;-1;1;1;-1;1
2374;5;1;5;61;0;0;0;0;0;0;0;0;0;0;1;1;0;0;0;0;17;37;0;0;0;0;0;0;0;1;1;0;0;0;0;0;0;0;0;0;0;0;1;0;1;1;1;1;1
2375;2;0;2;48;2;1;0;0;0;0;0;0;0;0;1;1;0;0;0;0;19;22;0;0;0;0;1;1;0;1;0;0;0;0;1;0;0;0;0;1;0;0;1;1;-1;1;-1;-1;1
2376;2;0;3;49;1;0;0;0;0;0;0;0;0;0;1;0;0;0;0;0;16;26;0;0;0;0;0,923076923;1;0;1;0;0;0;0;1;0;0;0;0;0;0;0;1;1;1;1;-1;-1;1
2377;2;0;2;48;0;0;0;0;0;0;1;0;0;10;1;1;0;0;0;0;10;17;13;0;0;0;0,743589744;1;1;1;0;0;0;0;1;0;0;0;0;0;0;1;1;1;-1;1;-1;-1;1
2378;2;0;5;74;0;0;0;0;1;0;0;0;0;0;1;0;0;0;1;0;17;46;3;0;1;1;1;1;1;1;0;0;0;0;1;0;0;0;0;0;0;0;1;0;-1;1;-1;-1;1
2379;2;0;7;145;1;1;0;0;0;0;1;0;0;21;1;1;0;0;1;0;26;53;58;0;2;0;0;0,333333333;0;1;0;0;0;0;0;0;0;0;0;0;0;0;1;-1;1;1;0;1;1
2380;2;0;7;147;1;1;0;0;0;0;1;0;0;23;1;1;0;0;1;0;26;55;58;0;2;0;0;0,333333333;0;1;0;0;0;0;0;0;0;0;0;0;0;0;1;-1;1;1;0;1;1
2381;2;0;7;147;1;1;0;0;0;0;1;0;0;22;1;1;0;0;1;0;26;55;58;0;2;0;0;0,333333333;0;1;0;0;0;0;0;0;0;0;0;0;0;0;1;-1;1;1;0;1;1
2382;3;1;2;50;0;0;0;0;0;0;0;0;0;0;1;0;0;0;0;0;29;14;0;0;0;0;0,857142857;1;0;1;0;0;0;0,142857143;1;0;0;0;0;0;0;0;1;1;-1;1;-1;-1;1
2383;3;0;4;57;0;0;0;0;0;0;0;0;0;0;1;1;0;0;0;0;22;28;0;0;0;0;0;0;0;1;1;0;0;0;0;0;0;0;0;0;0;0;1;0;1;1;1;1;1
2384;3;0;2;51;1;0;0;0;0;0;0;0;0;0;1;0;0;0;0;0;13;31;0;0;0;0;1;1;0;1;0;1;0;0;1;0;0;0;0;1;1;0;1;1;-1;0;1;-1;1
2385;4;1;2;62;0;0;0;0;0;0;0;0;0;0;1;0;0;0;0;0;29;26;0;0;1;0;0,888888889;0;0;1;0;0;0;0,111111111;0;0;0;0;0;0;0;1;1;0;1;1;1;-1;1
2386;4;1;3;61;1;0;0;0;0;0;0;0;0;0;1;0;0;0;0;0;20;34;0;0;0;0;1;1;0;1;0;1;0;0;1;0;0;0;0;1;0;0;1;0;-1;0;-1;-1;1
2387;4;1;3;53;1;0;0;0;0;0;0;0;0;0;1;0;0;0;1;0;20;26;0;0;0;0;1;1;0;1;0;1;0;0;1;0;0;0;0;1;0;0;1;1;-1;0;-1;-1;1
2388;2;0;3;52;1;0;0;0;0;1;0;0;0;2;1;1;0;0;1;0;16;29;0;0;0;0;0,923076923;1;0;1;0;0;0;0;1;0;0;0;0;0;0;0;1;1;1;1;-1;-1;1
2389;2;0;7;225;1;1;0;0;1;0;3;2;0;31;1;1;0;0;1;0;26;55;136;0;2;0;0;0,333333333;0;1;0;0;0;0;0;0;0;0;0;0;0;0;1;-1;1;1;0;1;1
2390;2;0;3;48;0;0;0;0;0;0;0;0;0;0;1;1;0;0;0;0;21;20;0;0;0;0;0;0;0;1;0;0;0;0;0;0;0;0;0;0;0;0;1;1;1;1;1;1;1
2391;2;0;7;223;1;1;0;0;1;0;3;2;0;27;1;1;0;0;1;0;26;53;136;0;2;0;0;0,333333333;0;1;0;0;0;0;0;0;0;0;0;0;0;0;1;-1;1;1;0;1;1
2392;2;0;7;96;1;1;0;0;1;0;1;0;0;13;1;1;0;0;1;0;26;53;9;0;2;0;0;0,333333333;0;1;0;0;0;0;0;0;0;0;0;0;0;0;1;-1;1;1;0;1;1
2393;2;0;7;93;1;1;0;0;0;0;0;0;0;13;1;1;0;0;1;0;26;60;0;0;2;0;0;0,333333333;0;1;0;0;0;0;0;0;0;0;0;0;0;0;1;-1;1;1;0;1;1
2394;3;1;4;201;3;0;0;0;6;0;6;5;0;5;1;0;0;0;1;0;10;37;146;0;0;0;0,040540541;0,178571429;0;1;0;1;0;0;0;0;0;0;0;0;0;0;1;-1;1;0;0;1;1
2395;3;0;4;65;1;0;0;0;0;0;0;0;0;0;1;0;0;0;1;0;22;36;0;0;0;0;0,9;1;1;1;0;0;0;0,1;1;0;0;0;0;1;0;0;1;0;-1;1;-1;-1;1
2396;2;0;7;103;1;1;0;0;1;0;1;0;0;13;1;1;0;0;1;0;26;60;9;0;2;0;0;0,333333333;0;1;0;0;0;0;0;0;0;0;0;0;0;0;1;-1;1;1;0;1;1
2397;3;1;4;83;2;0;0;0;1;0;1;0;0;0;1;0;0;0;1;0;10;37;28;0;0;0;0,040540541;0,178571429;0;1;0;1;0;0;0;0;0;0;0;0;0;0;1;-1;1;0;0;1;1
2398;2;0;7;225;1;1;0;0;1;0;3;2;0;31;1;1;0;0;1;0;26;55;136;0;2;0;0;0,333333333;0;1;0;0;0;0;0;0;0;0;0;0;0;0;1;-1;1;1;0;1;1
2399;2;0;7;211;1;1;0;0;1;0;3;2;0;28;1;1;0;0;0;0;28;47;128;0;1;0;0;0,333333333;0;1;0;0;0;0;0;0;0;0;0;0;0;0;1;-1;1;1;0;1;1
2400;2;0;7;98;1;1;0;0;1;0;1;0;0;13;1;1;0;0;1;0;26;55;9;0;2;0;0;0,333333333;0;1;0;0;0;0;0;0;0;0;0;0;0;0;1;-1;1;1;0;1;1
2401;3;1;2;80;0;0;0;0;0;0;1;0;0;2;0;0;0;0;0;0;29;17;25;0;0;0;0,022727273;1;1;0;0;0;0;0;0;0;0;0;0;0;0;0;1;-1;-1;1;-1;1;1
2402;2;0;2;34;0;0;0;0;0;0;0;0;0;0;1;0;0;0;0;0;11;16;0;0;0;0;0,666666667;1;0;1;0;0;0;0,333333333;1;0;0;0;0;0;0;0;1;1;-1;1;-1;-1;1
2403;2;0;3;50;0;0;0;0;0;0;0;0;0;0;1;1;0;0;0;0;15;28;0;0;0;0;0,866666667;0,105263158;0;1;0;0;0;0,133333333;0;0;1;0;1;0;0;0;1;1;1;1;0;-1;1
2404;2;0;3;48;0;0;0;0;0;0;0;0;0;0;1;0;0;0;0;0;15;26;0;0;0;0;0,866666667;0,105263158;0;1;0;0;0;0,133333333;0;0;1;0;1;0;0;0;1;1;1;1;0;-1;1
2405;2;0;3;41;0;0;0;0;0;0;0;0;0;0;1;1;0;0;1;0;11;23;0;0;0;0;0;0;0;1;0;0;0;0;0;0;0;0;0;0;0;0;1;1;1;1;1;1;1
2406;3;0;3;74;1;0;0;0;0;0;0;0;0;0;1;0;0;0;0;0;27;40;0;0;0;0;0;0;0;1;1;0;0;0;0;0;0;0;0;0;1;0;1;0;1;1;1;1;1
2407;4;0;5;69;0;0;0;0;2;0;0;0;0;0;1;0;0;0;0;0;12;50;0;0;1;0;0,923076923;1;0;1;0;0;0;0;1;0;0;0;0;0;0;0;1;0;1;1;-1;-1;1
2408;4;0;4;62;0;0;0;0;0;0;0;0;0;3;1;0;0;0;1;0;14;41;0;0;0;1;0,785714286;1;1;1;0;0;0;0,214285714;1;0;0;0;0;1;0;0;1;0;-1;1;-1;-1;1
2409;4;1;4;58;0;0;0;0;0;0;0;0;0;0;1;0;0;0;0;0;24;27;0;0;0;0;0;0;0;1;1;0;0;0;0;0;0;0;0;0;0;0;1;0;1;1;1;1;1
2410;3;1;3;54;0;0;0;0;0;0;0;0;0;0;1;0;0;0;1;0;23;24;0;0;0;0;0;0,666666667;1;1;0;0;0;1;0;0;0;0;0;0;0;0;1;0;-1;1;0;-1;1
2411;3;1;2;45;0;0;0;0;0;0;0;0;0;1;1;1;0;0;0;0;21;17;0;0;0;0;0;1;0;1;1;0;0;1;1;0;0;0;0;0;0;0;1;1;-1;1;-1;-1;1
2412;2;0;1;35;1;1;0;0;0;0;0;0;0;0;1;0;0;0;0;0;16;12;0;0;1;0;0,923076923;1;0;1;0;0;0;0;1;0;0;0;0;0;0;0;1;1;1;1;-1;-1;1
2413;3;0;2;46;1;0;0;0;0;0;0;0;0;0;1;0;0;0;0;0;20;19;0;0;0;0;0,333333333;0,333333333;0;1;0;0;0;0;0;0;0;0;0;0;0;0;1;1;1;1;0;0;1
2414;2;1;3;60;1;1;0;0;0;0;0;0;0;0;0;1;0;0;0;0;41;11;0;0;0;0;0;0;0;0;1;0;0;1;0;0;0;0;0;0;0;0;1;0;1;1;1;-1;1
2415;2;1;2;55;1;1;0;0;0;0;0;0;0;0;0;1;0;0;0;0;41;6;0;0;0;0;0;0;0;0;1;0;0;1;0;0;0;0;0;0;0;0;1;0;1;1;1;-1;1
2416;3;1;3;57;0;0;0;0;0;0;0;0;0;0;1;0;0;0;0;0;29;21;0;0;0;0;0;1;0;1;1;0;0;1;1;0;0;0;0;0;0;0;1;0;-1;1;-1;-1;1
2417;3;1;4;54;1;0;0;0;0;0;0;0;0;0;1;0;0;0;1;0;10;37;0;0;0;0;0,040540541;0,178571429;0;1;0;1;0;0,081081081;0;0;0;0;0;0;0;0;1;0;1;0;0;1;1
2418;3;1;4;199;3;0;0;0;6;0;5;5;0;4;1;0;0;0;1;0;10;37;144;0;0;0;0,040540541;0,178571429;0;1;0;1;0;0;0;0;0;0;0;0;0;0;1;-1;1;0;0;1;1
2419;4;2;1;67;4;4;0;0;0;0;0;0;0;11;0;0;0;0;0;0;49;10;0;0;0;0;0;0;0;0;0;0;0;0;0;0;0;0;0;1;0;0;0;0;1;1;1;1;1
2420;2;0;7;85;1;1;0;0;0;0;0;0;0;13;1;1;0;0;1;0;27;51;0;0;2;0;0;0,333333333;0;1;0;0;0;0;0;0;0;0;0;0;0;0;1;-1;1;1;0;1;1
2421;3;0;4;59;0;0;0;0;0;0;0;0;0;0;1;0;0;0;1;0;20;32;0;0;1;0;1;0,169491525;1;1;0;0;0;0;0;0;0;0;0;1;0;0;1;0;1;1;0;-1;1
2422;3;0;4;65;0;0;0;0;0;0;0;0;0;0;1;0;0;0;1;0;20;38;0;0;1;0;1;0,169491525;1;1;0;0;0;0;0;0;0;0;0;1;0;0;1;0;1;1;0;-1;1
2423;3;1;3;48;0;0;0;0;0;0;0;0;0;0;1;0;0;0;0;0;20;21;0;0;1;0;0,888888889;0;0;1;0;0;0;0,111111111;0;0;0;0;0;0;0;0;1;1;1;1;1;-1;1
2424;2;0;7;101;1;1;0;0;1;0;1;0;0;13;1;1;0;0;1;0;26;58;9;0;2;0;0;0,333333333;0;1;0;0;0;0;0;0;0;0;0;0;0;0;1;-1;1;1;0;1;1
2425;2;1;3;59;1;1;0;0;0;0;0;0;0;0;0;1;0;0;1;0;38;13;0;0;0;0;0;0;0;0;1;0;0;1;0;0;0;0;0;0;0;0;1;0;1;1;1;-1;1
2426;2;0;1;53;0;0;0;0;0;0;0;0;0;0;1;1;0;0;0;0;24;22;0;0;1;0;0,6;1;1;1;0;0;0;0;1;0;0;0;0;1;0;0;1;1;-1;1;-1;0;1
2427;3;1;1;37;0;0;0;0;0;0;0;0;0;7;1;1;0;0;0;0;20;10;0;0;0;0;0,923076923;1;0;1;0;0;0;0;1;0;0;0;0;0;0;0;1;1;1;1;-1;-1;1
2428;4;1;2;54;0;0;0;0;0;0;0;0;0;0;1;0;0;0;0;0;21;26;0;0;1;0;0,888888889;0;0;1;0;0;0;0,111111111;0;0;0;0;0;0;0;1;1;0;1;1;1;-1;1
2429;3;1;7;84;2;0;0;0;0;0;0;0;0;15;1;1;0;0;1;0;16;61;0;0;2;0;0;0,25;0;1;0;0;0;0,166666667;0;0;0;0;0;0;0;0;1;-1;1;1;0;1;1
2430;4;1;2;61;0;0;0;0;0;0;0;0;0;0;1;0;0;0;0;0;28;26;0;0;1;0;0,888888889;0;0;1;0;0;0;0,111111111;0;0;0;0;0;0;0;1;1;0;1;1;1;-1;1
2431;2;0;1;34;0;0;0;0;0;0;0;0;0;0;1;1;0;0;0;0;15;12;0;0;0;0;0,923076923;1;0;1;0;0;0;0;1;0;0;0;0;0;0;0;1;1;1;1;-1;-1;1
2432;5;0;5;82;0;0;0;0;0;0;0;0;0;0;1;1;0;0;1;0;26;49;0;0;0;0;0,777777778;0,222222222;0;1;0;0;0;0,222222222;0;0;0;0;0;1;0;0;1;-1;1;1;0;-1;1
2433;2;0;3;51;0;0;0;0;0;0;0;0;0;5;1;1;0;0;0;0;15;29;0;0;0;0;0;0;0;1;1;0;0;1;0;0;0;0;0;0;0;0;1;1;1;1;1;-1;1
2434;3;0;2;50;1;1;0;0;0;0;0;0;0;0;1;0;0;0;0;0;17;26;0;0;1;0;0,888888889;0;0;1;0;0;0;0,111111111;0;0;0;0;0;0;0;1;1;1;1;1;1;-1;1
2435;3;0;3;47;1;0;0;0;0;0;0;0;0;0;1;0;0;0;1;0;12;28;0;0;1;0;0;1;0;1;0;0;0;0;1;0;0;0;0;0;0;0;1;1;-1;1;-1;1;1
2436;2;0;7;78;0;0;0;0;0;0;0;0;0;0;1;1;0;0;1;0;17;54;0;0;0;1;0,923076923;1;0;1;0;0;0;0;1;0;0;0;0;0;0;0;1;-1;1;1;-1;-1;1
2437;2;0;6;67;0;0;0;0;0;1;0;0;0;3;1;1;0;0;0;0;15;45;0;0;0;0;0,066666667;0,076923077;0;1;1;0;0;0,866666667;0;0;0;0;0;0;0;0;1;0;1;1;1;-1;1
2438;3;1;13;72;0;0;0;0;0;0;0;0;0;0;1;0;0;0;1;0;13;52;0;0;0;0;0;0;0;1;0;0;0;1;0;0;0;0;0;0;0;1;1;0;1;1;1;-1;1
2439;3;1;2;34;0;0;0;0;0;0;0;0;0;0;1;0;0;0;1;0;13;14;0;0;0;0;0;0;0;1;0;0;0;1;0;0;0;0;0;0;0;1;1;1;1;1;1;-1;1
2440;3;1;14;76;0;0;0;0;0;0;0;0;0;0;1;0;0;0;1;0;13;56;0;0;0;0;0;0;0;1;0;0;0;1;0;0;0;0;0;0;0;1;1;-1;1;1;1;-1;1
2441;3;1;2;57;0;0;0;0;0;0;0;0;0;0;1;0;0;0;1;0;28;22;0;0;0;0;0;0;0;1;1;0;0;0;0;0;0;0;0;0;1;0;1;0;1;1;1;1;1
2442;2;0;1;40;1;1;0;0;0;0;0;0;0;0;1;0;0;0;0;0;24;9;0;0;0;0;1;0,166666667;0;1;0;0;0;0;1;0;0;0;0;1;0;0;1;1;1;1;1;-1;1
2443;2;0;2;43;1;1;0;0;0;0;0;0;0;0;1;0;0;0;0;0;18;18;0;0;0;0;1;1;0;1;0;0;0;0;1;0;0;0;0;0;0;0;1;1;-1;1;-1;-1;1
2444;1;0;2;26;0;0;0;0;0;0;0;0;0;0;1;1;0;0;0;0;9;10;0;0;0;0;0;0;0;1;0;0;0;0;0;0;0;0;0;0;0;0;1;1;1;1;1;1;1
2445;2;0;3;52;3;2;0;0;0;0;0;0;0;0;1;0;0;0;0;0;21;24;0;0;0;0;0,923076923;1;0;1;0;0;0;0;1;0;0;0;0;0;0;0;1;1;1;1;-1;-1;1
2446;3;1;1;45;0;0;0;0;0;0;0;0;0;0;1;0;0;0;0;0;20;18;0;0;0;1;0,666666667;1;0;1;0;0;0;0,333333333;1;0;0;0;0;0;0;0;1;1;-1;1;-1;-1;1
2447;6;5;4;89;3;0;0;0;0;0;0;0;0;13;1;1;0;0;1;0;39;43;0;0;0;0;0;0;0;1;0;0;0;1;0;0;0;0;0;0;0;0;-1;-1;1;1;1;-1;1
2448;2;0;6;77;0;0;0;0;0;1;0;0;0;7;1;1;0;0;0;0;24;46;0;0;0;0;0;0;0;1;0;0;0;1;0;0;0;0;0;0;0;1;1;-1;1;1;1;-1;1
2449;3;1;4;80;1;1;0;0;1;0;0;0;0;0;1;1;0;0;0;0;26;47;0;0;0;0;0,5;1;1;1;0;0;0;0;1;0;0;0;0;0;0;0;1;-1;-1;1;-1;0;1
2450;3;1;2;47;0;0;0;0;0;0;0;0;0;0;1;0;0;0;1;0;21;19;0;0;1;0;1;0,076923077;0;1;1;0;0;0;0;0;0;0;0;0;0;0;1;1;1;1;0;-1;1
2451;3;0;6;72;1;0;0;0;0;0;0;0;0;0;1;0;0;0;1;0;17;48;0;0;1;1;0,923076923;1;0;1;0;0;0;0;1;0;0;0;0;0;0;0;1;0;1;1;-1;-1;1
2452;2;0;2;45;1;0;0;0;0;0;0;0;0;0;1;0;0;0;1;0;16;22;0;0;0;0;1;0,083333333;1;1;1;0;1;0;1;0;0;0;0;0;0;0;1;1;1;-1;1;-1;1
2453;6;5;4;88;3;0;0;0;0;0;0;0;0;12;1;1;0;0;1;0;39;42;0;0;0;0;0;0;0;1;0;0;0;1;0;0;0;0;0;0;0;0;-1;-1;1;1;1;-1;1
2454;3;1;5;60;0;0;0;0;0;0;0;0;0;0;1;1;0;0;0;0;13;40;0;0;0;0;0;0,642857143;1;1;0;0;0;1;0;0;0;0;0;0;0;0;1;0;-1;1;0;-1;1
2455;2;0;3;54;3;2;0;0;0;0;0;0;0;0;1;0;0;0;1;0;21;26;0;0;0;0;0,923076923;1;0;1;0;0;0;0;1;0;0;0;0;0;0;0;1;0;1;1;-1;-1;1
2456;2;1;2;56;1;1;0;0;0;0;0;0;0;0;0;1;0;0;0;0;40;8;0;0;0;0;0;0;0;0;1;0;0;1;0;0;0;0;0;0;0;0;1;0;1;1;1;-1;1
2457;2;0;7;90;1;1;0;0;1;0;1;0;0;13;1;1;0;0;0;0;26;47;9;0;1;0;0;0,333333333;0;1;0;0;0;0;0;0;0;0;0;0;0;0;1;-1;1;1;0;1;1
2458;2;0;3;52;1;0;0;0;0;0;0;0;0;0;1;0;0;0;0;0;16;29;0;0;0;0;0;0;0;1;0;0;0;0;0;0;0;0;0;0;0;0;1;1;1;1;1;1;1
2459;2;0;2;38;0;0;0;0;0;0;0;0;0;0;1;0;0;0;0;0;17;14;0;0;0;0;0,022727273;1;1;1;0;0;0;0,977272727;0;0;0;0;0;0;0;0;1;1;-1;1;-1;-1;1
2460;2;1;2;51;1;1;0;0;0;0;0;0;0;0;0;1;0;0;0;0;35;8;0;0;0;0;0;0;0;0;1;0;0;1;0;0;0;0;0;0;0;0;1;1;1;1;1;-1;1
2461;2;0;4;55;0;0;0;0;0;0;0;0;0;0;1;1;0;0;1;0;10;38;0;0;0;0;0;0;0;1;1;0;0;0;0;0;0;0;0;0;1;0;1;0;1;1;1;1;1
2462;4;1;5;66;0;0;0;0;0;0;0;0;0;0;1;0;0;0;0;0;23;36;0;0;0;0;0;1;0;1;1;0;0;1;1;0;0;0;0;0;0;0;1;0;-1;1;-1;-1;1
2463;3;1;5;69;0;0;0;0;0;0;0;0;0;0;1;1;0;0;0;0;14;48;0;0;1;0;0;0;0;1;1;0;0;0;0;0;0;0;0;0;1;0;1;0;1;1;1;1;1
2464;2;1;2;52;1;1;0;0;0;0;0;0;0;0;0;1;0;0;0;0;38;6;0;0;0;0;0;0;0;0;1;0;0;1;0;0;0;0;0;0;0;0;1;1;1;1;1;-1;1
2465;3;1;2;40;0;0;0;0;0;0;0;0;0;0;1;0;0;0;0;0;14;19;0;0;1;0;0,911111111;0,857142857;0;1;0;0;0;0,088888889;1;0;0;0;0;0;0;0;1;1;-1;1;-1;-1;1
2466;3;1;3;41;1;0;0;0;0;0;0;0;0;0;1;0;0;0;1;0;13;21;0;0;0;0;1;1;0;1;0;0;0;0;1;0;0;0;0;1;0;0;1;1;-1;1;1;-1;1
2467;3;1;3;51;0;0;0;0;0;0;0;0;0;0;1;0;0;0;0;0;15;29;0;0;0;0;0,923076923;1;0;1;0;0;0;0;1;0;0;0;0;0;0;0;1;1;1;1;-1;-1;1
2468;2;0;3;47;0;0;0;0;0;0;0;0;0;0;1;0;0;0;0;0;11;29;0;0;0;0;0,923076923;1;0;1;0;0;0;0;1;0;0;0;0;0;0;0;1;1;1;1;-1;-1;1
2469;2;0;3;45;0;0;0;0;0;0;0;0;0;0;1;0;0;0;0;0;11;27;0;0;0;0;0,5;0;0;1;1;0;0;0,5;0;0;0;0;0;1;0;0;1;1;1;1;1;-1;1
2470;2;0;3;47;0;0;0;0;0;0;0;0;0;0;1;0;0;0;0;0;11;29;0;0;0;0;0,923076923;1;0;1;0;0;0;0;1;0;0;0;0;0;0;0;1;1;1;1;-1;-1;1
2471;3;1;2;35;1;1;0;0;0;0;0;0;0;0;1;0;0;0;0;0;13;15;0;0;0;0;1;0,142857143;0;1;0;0;0;0;0;0;0;0;0;1;0;0;1;1;1;1;0;-1;1
2472;3;1;3;48;0;0;0;0;0;0;0;0;0;0;1;0;0;0;1;0;17;24;0;0;0;0;0;0;0;1;0;0;0;0;0;0;0;0;0;0;0;0;1;1;1;1;1;1;1
2473;2;0;5;79;0;0;0;0;0;0;0;0;0;1;1;0;0;0;0;0;13;59;0;0;0;0;0;0;0;1;1;0;0;0;0;0;0;0;0;0;1;0;1;-1;1;1;1;1;1
2474;3;0;5;70;1;0;0;0;0;0;0;0;0;0;1;0;0;0;1;0;17;46;0;0;1;1;0,923076923;1;0;1;0;0;0;0;1;0;0;0;0;0;0;0;1;0;1;1;-1;-1;1
2475;2;0;7;220;1;1;0;0;1;0;3;2;0;31;1;1;0;0;0;0;25;51;136;0;1;0;0;0,333333333;0;1;0;0;0;0;0;0;0;0;0;0;0;0;1;-1;1;1;0;1;1
2476;3;0;2;51;0;0;0;0;0;0;0;0;0;0;1;0;0;0;1;0;25;19;0;0;1;0;1;0,076923077;0;1;1;0;0;0;0;0;0;0;0;0;0;0;1;1;1;1;0;-1;1
2477;3;0;3;38;0;0;0;0;0;0;0;0;0;0;1;0;0;0;1;0;17;14;0;0;0;0;0;0;0;1;0;0;0;0;0;0;0;0;0;0;1;0;1;1;1;1;1;1;1
2478;2;0;6;68;0;0;0;0;0;1;0;0;0;6;1;1;0;0;0;0;17;44;0;0;0;0;0,066666667;0,076923077;0;1;1;0;0;0,866666667;0;0;0;0;0;0;0;0;1;0;1;1;1;-1;1
2479;2;0;7;217;1;1;0;0;1;0;3;2;0;29;1;1;0;0;0;0;26;47;136;0;1;0;0;0,333333333;0;1;0;0;0;0;0;0;0;0;0;0;0;0;1;-1;1;1;0;1;1
2480;2;0;7;225;1;1;0;0;1;0;3;2;0;31;1;1;0;0;1;0;26;55;136;0;2;0;0;0,333333333;0;1;0;0;0;0;0;0;0;0;0;0;0;0;1;-1;1;1;0;1;1
2481;2;0;7;88;1;1;0;0;0;0;0;0;0;13;1;1;0;0;1;0;26;55;0;0;2;0;0;0,333333333;0;1;0;0;0;0;0;0;0;0;0;0;0;0;1;-1;1;1;0;1;1
2482;3;0;3;46;1;0;0;0;0;0;0;0;0;0;1;0;0;0;1;0;10;29;0;0;1;1;0,933333333;1;0;1;0;0;0;0,066666667;1;0;0;0;0;0;0;0;1;1;-1;1;-1;-1;1
2483;2;1;2;60;1;1;0;0;0;0;0;0;0;0;0;1;0;0;0;0;43;9;0;0;0;0;0;0;0;0;1;0;0;1;0;0;0;0;0;0;0;0;1;0;1;1;1;-1;1
2484;2;0;3;47;1;0;0;0;0;0;0;0;0;0;1;0;0;0;0;0;9;31;0;0;0;0;1;0;0;1;0;0;0;0;0;0;0;0;0;0;0;0;1;1;1;1;1;-1;1
2485;2;0;7;224;1;1;0;0;1;0;3;2;0;29;1;1;0;0;0;0;26;62;128;0;1;0;0;0,333333333;0;1;0;0;0;0;0;0;0;0;0;0;0;0;1;-1;1;1;0;1;1
2486;2;0;7;220;1;1;0;0;1;0;3;2;0;31;1;1;0;0;0;0;25;51;136;0;1;0;0;0,333333333;0;1;0;0;0;0;0;0;0;0;0;0;0;0;1;-1;1;1;0;1;1
2487;2;0;7;86;1;1;0;0;0;0;0;0;0;13;1;1;0;0;1;0;26;53;0;0;2;0;0;0,333333333;0;1;0;0;0;0;0;0;0;0;0;0;0;0;1;-1;1;1;0;1;1
2488;2;0;2;49;0;0;0;0;0;0;0;0;0;0;1;1;0;0;0;0;20;22;0;0;0;0;0;0,071428571;1;1;0;0;0;0;0;0;0;0;0;0;0;0;1;1;1;1;1;1;1
2489;2;0;7;229;1;1;0;0;1;0;3;2;0;28;1;1;0;0;0;0;30;55;136;0;1;0;0;0,333333333;0;1;0;0;0;0;0;0;0;0;0;0;0;0;1;-1;1;1;0;1;1
2490;2;0;4;86;0;0;0;0;0;0;4;0;0;0;1;0;0;0;1;0;17;30;31;0;1;1;1;1;1;1;0;0;0;0;1;0;0;0;0;0;0;0;1;-1;-1;1;-1;-1;1
2491;2;1;2;50;1;1;0;0;0;0;0;0;0;0;0;1;0;0;0;0;34;8;0;0;0;0;0;0;0;0;1;0;0;1;0;0;0;0;0;0;0;0;1;1;1;1;1;-1;1
2492;2;0;7;91;1;1;0;0;0;0;0;0;0;13;1;1;0;0;1;0;26;58;0;0;2;0;0;0,333333333;0;1;0;0;0;0;0;0;0;0;0;0;0;0;1;-1;1;1;0;1;1
2493;2;0;7;228;1;1;0;0;1;0;3;2;0;31;1;1;0;0;1;0;26;58;136;0;2;0;0;0,333333333;0;1;0;0;0;0;0;0;0;0;0;0;0;0;1;-1;1;1;0;1;1
2494;2;0;6;60;0;0;0;0;0;0;0;0;0;0;1;1;0;0;0;0;12;41;0;0;0;0;0;0;0;1;0;0;0;0;0;0;0;0;0;0;0;0;1;0;1;1;1;1;1
2495;1;0;4;68;3;0;0;0;0;0;0;0;0;5;1;1;0;0;1;0;18;43;0;0;0;0;0;0;0;1;0;0;0;1;0;0;0;0;0;0;0;0;1;0;1;1;1;-1;1
2496;1;0;4;67;3;0;0;0;0;0;0;0;0;4;1;1;0;0;1;0;18;42;0;0;0;0;0;0;0;1;0;0;0;1;0;0;0;0;0;0;0;0;1;0;1;1;1;-1;1
2497;2;1;4;72;3;0;0;0;0;0;0;0;0;5;1;1;0;0;1;0;22;43;0;0;0;0;0;0;0;1;0;0;0;1;0;0;0;0;0;0;0;0;1;0;1;1;1;-1;1
2498;2;0;2;37;0;0;0;0;0;0;0;0;0;0;1;0;0;0;0;0;15;15;0;0;0;0;0;0;0;1;0;0;0;0;0;0;0;0;0;0;0;0;1;1;1;1;1;1;1
2499;2;0;5;56;0;0;0;0;0;0;0;0;0;4;1;1;0;0;0;0;13;36;0;0;0;0;0;0;0;1;1;0;0;1;0;0;0;0;0;0;0;0;1;0;1;1;1;-1;1
2500;2;0;7;93;1;1;0;0;1;0;0;0;0;13;1;1;0;0;0;0;23;63;0;0;1;0;0;0,333333333;0;1;0;0;0;0;0;0;0;0;0;0;0;0;1;-1;1;1;0;1;1
2501;4;1;2;53;0;0;0;0;0;0;0;0;0;0;1;0;0;0;0;0;26;20;0;0;1;0;0;1;0;1;0;0;0;1;0;0;0;0;0;0;0;0;1;1;1;1;-1;-1;1
2502;2;0;4;51;0;0;0;0;0;0;0;0;0;0;1;0;0;0;1;0;10;34;0;0;1;0;1;0,076923077;0;1;1;0;0;0;0;0;0;0;0;0;0;0;1;1;1;1;0;-1;1
2503;2;0;2;42;0;0;0;0;0;0;0;0;0;0;1;1;0;0;0;0;14;21;0;0;0;0;0,911111111;0,857142857;0;1;0;0;0;0,088888889;1;0;0;0;0;0;0;0;1;1;-1;1;-1;-1;1
2504;2;1;2;61;1;1;0;0;0;0;0;0;0;0;0;1;0;0;0;0;44;9;0;0;0;0;0;0;0;0;1;0;0;1;0;0;0;0;0;0;0;0;1;0;1;1;1;-1;1
2505;3;1;3;86;0;0;0;0;0;0;2;1;0;11;1;0;0;0;1;0;24;28;26;0;0;0;1;0,833333333;0;1;0;1;0;0;1;0;0;0;0;0;0;0;1;-1;-1;0;-1;-1;1
2506;2;1;2;59;1;1;0;0;0;0;0;0;0;0;0;1;0;0;0;0;42;9;0;0;0;0;0;0;0;0;1;0;0;1;0;0;0;0;0;0;0;0;1;0;1;1;1;-1;1
2507;2;0;2;46;0;0;0;0;1;0;0;0;0;0;1;0;0;0;1;0;14;25;0;0;1;1;1;1;0;1;0;0;0;0;1;0;0;0;0;0;0;0;1;1;-1;1;-1;-1;1
2508;4;0;2;53;0;0;0;0;1;0;0;0;0;10;1;0;1;0;0;0;13;33;0;0;1;0;1;0,066666667;0;1;1;0;0;0;1;0;0;0;0;0;0;0;1;1;1;1;1;-1;1
2509;2;1;2;56;1;1;0;0;0;0;0;0;0;0;0;1;0;0;0;0;42;6;0;0;0;0;0;0;0;0;1;0;0;1;0;0;0;0;0;0;0;0;1;0;1;1;1;-1;1
2510;3;1;2;131;0;0;0;0;0;0;1;0;0;11;0;0;0;0;0;0;29;17;76;0;0;0;0,044444444;1;1;0;0;0;0;0;0;0;0;0;0;0;0;0;1;-1;-1;1;-1;1;1
2511;3;0;3;51;0;0;0;0;0;0;0;0;0;4;1;1;0;0;0;0;16;28;0;0;0;0;0;0;0;1;1;0;0;1;0;0;0;0;0;0;0;0;1;1;1;1;1;-1;1
2512;4;2;4;79;0;0;0;0;0;0;0;0;0;0;1;1;0;0;1;0;39;33;0;0;0;0;0;0;0;1;0;0;0;1;0;0;0;0;0;0;0;1;1;-1;1;1;1;-1;1
2513;2;0;3;44;0;0;0;0;0;0;0;0;0;0;1;1;0;0;0;0;13;24;0;0;0;0;0;1;0;1;1;0;0;1;1;0;0;0;0;0;0;0;1;1;-1;1;-1;-1;1
2514;2;0;1;30;0;0;0;0;0;0;0;0;0;0;1;1;0;0;0;0;11;12;0;0;1;0;0,923076923;1;0;1;0;0;0;0;1;0;0;0;0;0;0;0;1;1;1;1;-1;-1;1
2515;4;1;7;93;1;0;0;0;0;0;0;0;0;0;1;0;0;0;1;0;16;70;0;0;1;0;0,857142857;0,15625;0;1;0;0;0;0,142857143;0;0;0;0;0;0;0;0;1;-1;0;1;1;-1;1
2516;2;0;4;52;0;0;0;0;0;0;0;0;0;0;1;0;0;0;1;0;14;31;0;0;0;0;1;1;0;1;0;1;0;0;1;0;0;0;0;1;0;0;1;1;-1;0;1;-1;1
2517;2;0;2;34;0;0;0;0;0;0;0;0;0;0;1;0;0;0;0;0;13;14;0;0;0;0;0;0,5;1;1;1;1;0;0;0;0;0;0;0;0;0;0;1;1;1;0;-1;1;1
2518;5;0;3;72;2;2;0;0;0;0;0;0;0;0;1;0;0;0;1;0;28;37;0;0;0;0;0;0;0;1;0;0;0;0;0;0;0;0;0;0;0;0;1;0;1;1;1;1;1
2519;5;0;3;70;0;0;0;0;0;0;0;0;0;0;1;0;0;0;1;0;26;37;0;0;0;0;0;0;0;1;0;0;0;0;0;0;0;0;0;0;0;0;1;0;1;1;1;1;1
2520;2;0;2;36;0;0;0;0;0;0;0;0;0;0;1;1;0;0;0;0;12;17;0;0;0;0;0;0;0;1;1;0;0;1;0;0;0;0;0;0;0;0;1;1;1;1;1;-1;1
2521;2;0;3;32;0;0;0;0;0;0;0;0;0;0;1;0;0;0;1;0;10;15;0;0;0;0;0;0;0;1;0;0;0;0;0;0;0;0;0;0;0;0;1;1;1;1;1;1;1
2522;2;0;3;52;0;0;0;0;0;0;0;0;0;5;1;1;0;0;0;0;15;30;0;0;0;0;0;0;0;1;1;0;0;1;0;0;0;0;0;0;0;0;1;1;1;1;1;-1;1
2523;3;1;3;52;0;0;0;0;0;0;0;0;0;1;1;0;0;0;1;0;19;26;0;0;0;0;0;0;0;1;1;0;0;1;0;0;0;0;0;0;0;0;1;1;1;1;1;-1;1
2524;2;0;3;53;0;0;0;0;0;0;0;0;0;1;1;0;0;0;0;0;15;31;0;0;0;0;0;0;0;1;1;0;0;1;0;0;0;0;0;0;0;0;1;1;1;1;1;-1;1
2525;2;0;4;57;1;0;0;0;1;0;0;0;0;0;1;0;0;0;1;0;10;40;0;0;0;1;0,818181818;0,9;1;1;0;0;0;0;1;0;0;0;0;0;0;0;1;0;-1;1;-1;-1;1
2526;4;1;3;51;1;0;0;0;0;0;0;0;0;0;1;0;0;0;1;0;16;28;0;0;1;0;0;1;0;1;0;0;0;0;1;0;0;0;0;0;0;0;1;1;-1;1;-1;1;1
2527;4;1;4;59;0;0;0;0;0;0;0;0;0;0;1;0;0;0;0;0;24;28;0;0;0;0;0;0;0;1;1;0;0;0;0;0;0;0;0;0;0;0;1;0;1;1;1;1;1
2528;3;1;3;54;0;0;0;0;1;0;0;0;0;1;1;0;0;0;0;0;16;31;0;0;1;0;1;1;0;1;0;0;0;0;1;0;0;0;0;0;0;0;1;0;-1;1;-1;-1;1
2529;10;8;3;157;0;0;0;0;0;0;1;0;0;0;1;0;0;1;0;0;94;38;17;0;2;0;0;0,727272727;0;1;0;0;0;0;0;0;0;0;0;0;0;0;-1;-1;-1;1;0;1;1
2530;15;0;5;251;0;0;0;0;0;0;6;12;1;74;1;0;0;0;1;0;21;23;174;0;1;1;1;1;1;1;0;0;0;0;1;0;0;0;0;0;0;0;1;-1;-1;1;-1;-1;1
2531;2;0;6;82;1;0;0;0;0;0;0;0;0;0;1;1;0;0;1;0;24;51;0;0;0;0;0;0;0;0;0;0;0;0;1;0;0;0;0;0;1;0;1;-1;1;1;1;1;1
2532;3;0;4;69;1;0;0;0;1;0;0;0;0;1;1;1;0;0;0;0;16;40;5;0;1;0;1;1;0;1;0;0;0;0;1;0;0;0;0;0;0;0;1;0;-1;1;-1;-1;1
2533;4;1;4;158;1;0;0;0;0;0;7;8;0;16;1;1;0;0;1;0;17;24;109;0;0;0;0;1;0;1;0;0;0;0;1;0;0;0;0;0;0;0;1;-1;1;1;-1;1;1
2534;2;0;3;44;0;0;0;0;0;0;0;0;0;0;1;1;0;0;1;0;11;26;0;0;0;0;0;1;0;1;0;0;0;0;1;0;0;0;0;0;0;0;1;1;-1;1;-1;1;1
2535;1;0;2;31;0;0;0;0;0;0;0;0;0;0;0;0;0;0;0;0;16;7;0;0;0;0;0,923076923;1;0;0;0;0;0;0;1;0;0;0;0;0;0;0;1;1;1;1;-1;-1;1
2536;3;1;7;107;0;0;0;0;0;5;0;0;0;19;1;1;0;0;0;0;18;82;0;0;0;0;0;1;0;1;1;0;0;1;1;0;0;0;0;0;0;0;1;-1;-1;1;-1;-1;1
2537;4;2;3;50;1;0;0;0;0;0;0;0;0;0;1;0;0;0;0;0;17;26;0;0;0;0;1;1;0;1;0;1;0;0;1;0;0;0;0;1;0;0;1;1;-1;0;-1;-1;1
2538;2;0;3;50;0;0;0;0;0;0;0;0;0;0;1;0;0;0;0;0;11;32;0;0;0;0;0,923076923;1;0;1;0;0;0;0;1;0;0;0;0;0;0;0;1;1;1;1;-1;-1;1
2539;2;0;5;69;1;0;0;0;0;0;0;0;0;0;1;1;0;0;0;0;17;45;0;0;0;0;0,044444444;1;1;1;0;0;0;0,955555556;0;0;0;0;0;0;0;0;1;0;-1;1;-1;-1;1
2540;4;1;4;58;0;0;0;0;0;0;0;0;0;0;1;0;0;0;0;0;23;28;0;0;0;0;0;0;0;1;1;0;0;0;0;0;0;0;0;0;0;0;1;0;1;1;1;1;1
2541;3;0;4;63;1;0;0;0;1;0;0;0;0;1;1;1;0;0;0;0;16;40;0;0;1;0;1;1;0;1;0;0;0;0;1;0;0;0;0;0;0;0;1;0;-1;1;-1;-1;1
2542;2;0;2;38;0;0;0;0;0;0;0;0;0;0;1;0;0;0;0;0;13;18;0;0;0;0;0,923076923;1;0;1;0;0;0;0;1;0;0;0;0;0;0;0;1;1;1;1;-1;-1;1
2543;2;0;3;48;0;0;0;0;0;0;0;0;0;1;1;1;0;0;0;0;18;23;0;0;0;0;1;1;0;1;0;0;0;0;1;0;0;0;0;0;0;0;1;1;-1;1;-1;-1;1
2544;10;8;3;156;0;0;0;0;0;0;0;0;0;0;1;0;0;1;0;0;94;38;16;0;2;0;0;0,727272727;0;1;0;0;0;0;0;0;0;0;0;0;0;0;-1;-1;-1;1;0;1;1
2545;5;1;4;67;0;0;0;0;0;0;0;0;0;0;1;1;0;0;0;0;33;27;0;0;0;0;0;0;0;1;1;0;0;0;0;0;0;0;0;0;0;0;1;0;1;1;1;1;1
2546;3;0;3;60;0;0;0;0;0;0;0;0;0;2;1;0;0;0;0;0;16;37;0;0;0;0;0;0;0;1;1;0;0;0;0;0;0;0;0;0;1;0;1;0;1;1;1;1;1
2547;3;0;3;61;0;0;0;0;0;0;0;0;0;0;1;0;0;0;0;0;16;38;0;0;0;0;0;0;0;1;1;0;0;0;0;0;0;0;0;0;1;0;1;0;1;1;1;1;1
2548;4;1;3;55;0;0;0;0;0;0;0;0;0;4;1;1;0;0;0;0;20;28;0;0;0;0;0;0;0;1;1;0;0;1;0;0;0;0;0;0;0;0;1;0;1;1;1;-1;1
2549;2;0;1;32;0;0;0;0;0;0;0;0;0;1;1;0;0;0;0;0;13;12;0;0;0;0;0,333333333;1;1;1;0;0;0;0,666666667;1;0;0;0;0;0;0;0;1;1;-1;1;-1;-1;1
2550;3;0;4;44;0;0;0;0;0;0;0;0;0;0;1;1;0;0;1;0;11;26;0;0;0;0;0;1;0;1;1;0;0;1;1;0;0;0;0;0;0;0;1;1;-1;1;-1;-1;1
2551;3;1;2;46;0;0;0;0;0;0;0;0;0;1;1;0;0;0;0;0;21;18;0;0;0;0;0,8;1;0;1;0;1;0;0;1;0;0;0;0;0;0;0;1;1;1;0;-1;-1;1
2552;2;0;2;48;0;0;0;0;0;0;0;0;0;0;1;0;0;0;0;0;11;30;0;0;0;0;0,5;1;1;1;0;0;0;0;1;0;0;0;0;0;0;0;1;1;-1;1;-1;0;1
2553;4;1;4;61;0;0;0;0;0;0;0;0;0;0;1;1;0;0;0;0;26;28;0;0;0;0;0;0;0;1;1;0;0;0;0;0;0;0;0;0;0;0;1;0;1;1;1;1;1
2554;2;0;2;52;0;0;0;0;0;0;0;0;0;0;1;0;0;0;0;0;19;26;0;0;0;0;0;0,974358974;0;1;0;0;0;0;1;0;0;0;0;0;0;0;1;1;-1;1;-1;1;1
2555;10;8;3;176;0;0;0;0;0;0;3;2;0;1;1;0;0;1;0;0;94;38;36;0;2;0;0;0,727272727;0;1;0;0;0;0;0;0;0;0;0;0;0;0;-1;-1;-1;1;0;1;1
2556;3;1;4;119;6;0;0;1;0;0;0;0;0;23;0;1;0;0;1;0;19;92;0;0;2;0;0;0;0;0;0;0;0;0;0;0;0;0;0;0;0;0;1;-1;1;1;1;1;1
2557;3;0;4;66;0;0;0;0;0;0;0;0;0;0;1;1;0;0;1;0;18;41;0;0;0;0;0;0;0;1;0;0;0;0;0;0;0;0;0;0;0;0;1;0;1;1;1;1;1
2558;3;1;3;47;0;0;0;0;0;0;0;0;0;0;1;0;0;0;0;0;20;20;0;0;0;0;0;0;0;1;0;0;0;0;0;0;0;0;0;0;0;0;1;1;1;1;1;1;1
2559;5;2;3;50;0;0;0;0;0;0;0;0;0;0;1;0;0;0;0;0;17;26;0;0;0;0;0,923076923;1;0;1;0;0;0;0;1;0;0;0;0;0;0;0;0;1;1;1;-1;-1;1
2560;2;1;2;58;1;1;0;0;0;0;0;0;0;0;0;1;0;0;0;0;41;9;0;0;0;0;0;0;0;0;1;0;0;1;0;0;0;0;0;0;0;0;1;0;1;1;1;-1;1
2561;4;1;5;76;1;0;0;0;1;0;1;0;0;0;1;1;0;0;1;0;18;39;11;0;0;0;0;0,2;0;1;1;0;0;0;0;0;0;0;0;0;0;0;1;-1;1;1;0;1;1
2562;3;1;2;48;0;0;0;0;0;0;0;0;0;0;1;1;0;0;0;0;13;28;0;0;0;1;1;1;0;1;0;0;0;0;1;0;0;0;0;1;0;0;1;1;-1;1;-1;-1;1
2563;4;0;4;51;0;0;0;0;0;0;0;0;0;10;1;0;1;0;1;0;13;31;0;0;1;0;0;0;0;1;0;0;0;0,960784314;1;0;0;0;0;0;0;0;1;1;1;1;1;-1;1
2564;2;0;2;48;0;0;0;0;0;0;1;0;0;10;1;1;0;0;0;0;10;17;13;0;0;0;0,743589744;1;1;1;0;0;0;0;1;0;0;0;0;0;0;1;1;1;-1;1;-1;-1;1
2565;3;0;4;91;3;0;0;0;0;0;1;0;0;15;1;1;0;0;0;0;11;41;31;0;0;0;0,785714286;0,941176471;0;1;0;1;0;0;1;0;0;0;0;0;0;0;1;-1;-1;0;-1;-1;1
2566;2;0;4;47;0;0;0;0;0;0;0;0;0;0;1;1;0;0;0;0;17;23;0;0;0;0;0;1;0;1;1;0;0;1;1;0;0;0;0;0;0;0;1;1;-1;1;-1;-1;1
2567;3;0;5;59;0;0;0;0;1;0;0;0;0;0;1;0;0;0;1;0;21;31;0;0;0;0;1;1;1;1;0;0;0;0;1;0;0;0;0;1;0;0;1;0;-1;1;-1;-1;1
2568;4;0;2;38;0;0;0;0;0;0;0;0;0;10;1;0;1;0;0;0;13;18;0;0;0;0;1;1;1;1;0;1;0;0;1;0;0;0;0;0;0;0;1;1;-1;0;-1;-1;1
2569;2;0;2;43;1;0;0;0;0;0;0;0;0;0;1;0;0;0;0;0;17;19;0;0;0;0;0;0,2;1;1;0;0;0;0,058823529;0;0;0;0;0;1;0;0;1;1;1;1;0;1;1
2570;3;1;3;58;0;0;0;0;0;0;0;0;0;0;1;0;0;0;1;0;21;30;0;0;0;0;0;0;0;1;0;0;0;0;0;0;0;0;0;1;0;0;1;0;1;1;1;1;1
2571;3;0;2;53;0;0;0;0;0;0;0;0;0;0;1;0;0;0;0;0;27;19;0;0;0;0;0;0;0;1;0;0;0;0;0;0;0;0;0;0;0;0;1;1;1;1;1;1;1
2572;2;0;7;71;1;0;0;0;0;0;0;0;0;7;1;1;0;0;0;0;13;51;0;0;0;0;0;0;0;1;1;0;0;1;0;0;0;0;0;0;0;0;1;0;1;1;1;-1;1
2573;4;1;3;53;1;0;0;0;0;0;0;0;0;0;1;0;0;0;1;0;20;26;0;0;0;0;1;1;0;1;0;1;0;0;1;0;0;0;0;1;0;0;1;1;-1;0;-1;-1;1
2574;3;0;5;51;0;0;0;0;0;0;0;0;0;0;1;0;0;0;1;0;21;23;0;0;0;1;1;1;1;1;0;0;0;0;1;0;0;0;0;0;0;0;1;1;-1;1;-1;-1;1
2575;3;0;2;49;0;0;0;0;0;0;0;0;0;0;1;0;0;0;0;0;21;21;0;0;0;0;1;1;0;1;0;0;0;0;1;0;0;0;0;0;0;0;1;1;-1;1;-1;-1;1
2576;3;1;4;62;1;0;0;0;0;0;0;0;0;4;1;1;0;0;0;0;22;33;0;0;0;0;1;1;0;1;0;1;0;0;1;0;0;0;0;1;0;0;1;0;-1;0;-1;-1;1
2577;3;0;3;46;0;0;0;0;0;0;0;0;0;0;1;0;0;0;0;0;16;23;0;0;0;0;1;1;0;1;0;0;0;0;1;0;0;0;0;0;0;0;1;1;-1;1;-1;-1;1
2578;2;0;5;75;1;0;0;0;0;0;0;0;0;0;1;1;0;0;0;0;12;56;0;0;0;0;0,375;1;1;1;0;0;0;0;0;0;0;0;0;0;0;0;1;0;-1;1;-1;0;1
2579;2;0;6;81;1;0;0;0;0;0;0;0;0;0;1;1;0;0;0;0;21;53;0;0;0;0;0,75;0,058823529;1;1;0;0;0;0;0;0;0;0;0;1;0;0;1;-1;1;1;1;-1;1
2580;2;0;2;58;2;0;0;0;0;0;0;0;0;0;1;1;0;0;0;0;18;33;0;0;0;0;0,913043478;1;0;1;1;1;0;0;1;0;0;0;0;0;0;0;1;0;-1;0;-1;-1;1
2581;4;1;1;42;1;1;0;0;0;0;0;0;0;0;1;0;0;0;0;0;26;9;0;0;0;0;0;1;0;1;1;0;0;0;1;0;0;0;0;0;0;0;1;1;-1;1;-1;1;1
2582;2;0;1;26;0;0;0;0;0;0;0;0;0;0;1;0;0;0;0;0;10;9;0;0;0;0;0;1;0;1;1;0;0;0;1;0;0;0;0;0;0;0;1;1;-1;1;-1;1;1
2583;3;0;4;46;0;0;0;0;0;0;0;0;0;0;1;0;0;0;0;0;12;27;0;0;0;0;0;0;0;1;1;0;0;0;0;0;0;0;0;0;0;0;1;1;1;1;1;1;1
2584;3;0;4;70;1;0;0;0;1;0;1;0;0;1;1;1;0;0;0;0;16;40;6;0;1;0;1;1;0;1;0;0;0;0;1;0;0;0;0;0;0;0;1;0;-1;1;-1;-1;1
2585;3;0;4;168;3;0;0;0;0;0;3;2;0;47;1;1;0;0;0;0;11;41;108;0;0;0;0,785714286;0,941176471;0;1;0;1;0;0;1;0;0;0;0;0;0;0;1;-1;-1;0;-1;-1;1
2586;6;4;1;60;0;0;0;0;0;0;0;0;0;0;1;0;0;0;1;0;42;11;0;0;2;0;0;0,1;0;1;0;0;0;0;0;0;0;0;0;0;0;0;-1;0;0;1;1;1;1
2587;2;0;3;44;1;0;0;0;0;0;0;0;0;0;1;0;0;0;1;0;11;26;0;0;0;0;1;1;0;1;0;1;0;0;1;0;0;0;0;1;0;0;1;1;-1;0;-1;-1;1
2588;5;2;3;51;0;0;0;0;0;0;0;0;0;0;1;0;0;0;0;0;17;27;0;0;0;0;0,375;0;0;1;0;0;0;0,1875;0;0;0;0;0;0;0;0;0;1;1;1;0;0;1
2589;5;2;3;50;0;0;0;0;0;0;0;0;0;5;1;1;0;0;1;0;15;28;0;0;1;0;0,818181818;0,153846154;1;1;0;0;0;0,090909091;0;0;0;0;0;1;0;0;0;1;0;1;0;-1;1
2590;2;0;3;61;0;0;0;0;0;0;0;0;0;0;1;0;0;0;1;0;21;33;0;0;0;0;0;0;0;1;1;0;0;0;0;0;0;0;0;0;1;0;1;0;1;1;1;1;1
2591;3;0;2;49;0;0;0;0;0;0;0;0;0;0;1;0;0;0;0;0;17;25;0;0;0;0;0;0;0;1;0;0;0;0;0;0;0;0;0;0;0;0;1;1;1;1;1;1;1
2592;3;0;2;53;0;0;0;0;0;0;0;0;0;0;1;1;0;0;1;0;17;29;0;0;0;0;0;0;0;1;0;0;0;0;0;0;0;0;0;0;0;0;1;1;1;1;1;1;1
2593;3;0;5;61;0;0;0;0;0;0;0;0;0;2;1;0;0;0;1;0;14;40;0;0;0;0;1;0,142857143;1;1;0;0;0;0;0;0;0;0;0;1;0;0;1;0;1;1;0;-1;1
2594;4;0;2;60;1;0;0;0;0;0;0;0;0;0;1;0;0;0;1;0;22;31;0;0;1;1;0,471698113;0,976744186;0;1;0;0;0;0,037735849;1;0;0;0;0;0;0;0;1;0;-1;1;-1;0;1
2595;3;0;3;68;1;1;0;0;0;0;0;0;0;0;1;1;0;0;1;0;23;38;0;0;0;0;0;1;1;1;0;0;0;1;1;0;0;0;0;0;0;0;1;0;-1;1;-1;-1;1
2596;4;1;4;70;0;0;0;0;0;0;0;0;0;0;1;1;0;0;1;0;22;41;0;0;0;0;0;0;0;1;0;0;0;0;0;0;0;0;0;0;0;0;1;0;1;1;1;1;1
2597;2;0;4;65;1;0;0;0;0;0;0;0;0;0;1;0;0;0;0;0;21;37;0;0;0;0;0;0;0;1;0;1;0;0;0;0;0;0;0;0;0;0;1;0;1;0;1;1;1
2598;3;1;3;54;1;0;0;0;0;0;0;0;0;0;1;0;0;0;0;0;17;30;0;0;0;0;0,785714286;1;1;1;0;0;0;0,214285714;1;0;0;0;0;1;0;0;1;0;-1;1;-1;-1;1
2599;4;0;2;39;0;0;0;0;0;0;0;0;0;0;1;0;0;0;1;0;15;17;0;0;0;0;0,888888889;1;1;1;0;0;0;0,111111111;1;0;0;0;0;1;0;0;1;1;-1;1;-1;-1;1
2600;2;0;4;72;1;0;0;0;0;0;0;0;0;0;1;1;0;0;0;0;24;41;0;0;0;0;1;1;0;1;0;0;0;0;1;0;0;0;0;0;0;0;1;0;-1;1;-1;-1;1
2601;3;0;3;57;0;0;0;0;0;0;1;0;0;5;1;0;0;0;0;0;12;18;19;0;0;0;0;0,642857143;1;1;0;0;0;0;0;0;0;0;0;0;0;0;1;0;-1;1;0;1;1
2602;3;1;2;54;0;0;0;0;0;0;0;0;0;0;0;0;0;0;0;0;29;17;0;0;0;0;0,044444444;1;1;0;0;0;0;0,955555556;0;0;0;0;0;0;0;0;1;0;-1;1;-1;-1;1
2603;2;0;1;42;1;1;0;0;0;0;0;0;0;0;1;0;0;0;0;0;19;16;0;0;0;1;1;1;1;1;0;1;0;0;1;0;0;0;0;0;0;0;1;1;-1;0;-1;-1;1
2604;4;0;2;71;0;0;0;0;0;0;1;0;0;14;1;0;0;0;0;0;10;20;33;0;0;0;0,857142857;1;1;1;0;0;0;0;1;0;0;0;0;1;0;0;1;0;-1;1;-1;-1;1
2605;4;0;4;62;0;0;0;0;2;0;0;0;0;0;1;0;0;0;0;0;12;43;0;0;0;0;0,923076923;1;0;1;1;0;0;0;1;0;0;0;0;0;0;0;1;0;1;1;-1;-1;1
2606;2;0;3;43;0;0;0;0;0;0;0;0;0;0;1;0;0;0;0;0;12;24;0;0;0;0;0;0;0;1;1;0;0;0;0;0;0;0;0;0;0;1;1;1;1;1;1;1;1
2607;2;0;2;39;0;0;0;0;0;0;0;0;0;0;1;0;0;0;0;0;15;17;0;0;1;0;0,75;0,222222222;1;1;0;0;0;0,125;0;0;0;0;0;0;0;0;1;1;1;1;0;-1;1
2608;3;0;2;37;0;0;0;0;0;0;0;0;0;2;1;0;0;0;0;0;10;20;0;0;0;0;0,857142857;1;1;1;0;0;0;0,142857143;1;0;0;0;0;1;0;0;1;1;-1;1;-1;-1;1
2609;3;0;2;40;0;0;0;0;0;0;0;0;0;0;1;0;0;0;1;0;17;16;0;0;0;0;0,923076923;1;0;1;0;0;0;0;1;0;0;0;0;0;0;0;1;1;1;1;-1;-1;1
2610;3;0;3;59;0;0;0;0;0;0;0;0;0;0;1;1;0;0;1;0;17;35;0;0;1;0;0,909090909;0,285714286;1;1;0;0;0;0,090909091;0;0;0;0;0;1;0;0;1;0;1;1;0;-1;1
2611;3;0;4;53;1;0;0;0;0;0;0;0;0;0;1;1;0;0;0;0;11;35;0;0;0;0;1;0,672413793;0;1;0;1;0;0;1;0;0;0;0;1;0;0;1;1;-1;0;0;-1;1
2612;3;0;4;59;1;0;0;0;0;0;0;0;0;1;1;1;0;0;0;0;11;41;0;0;0;0;0,785714286;0,941176471;0;1;0;1;0;0;1;0;0;0;0;0;0;0;1;0;-1;0;-1;-1;1
2613;3;1;1;33;0;0;0;0;0;0;0;0;0;2;1;0;0;0;0;0;18;8;0;0;0;0;0,961538462;0;0;1;0;0;0;0,038461539;0;0;0;0;0;0;0;0;1;1;1;1;1;-1;1
2614;3;0;3;132;1;0;0;0;0;0;7;6;0;15;1;0;0;0;0;0;12;18;94;0;0;0;0;0,642857143;1;1;0;0;0;0;0;0;0;0;0;0;0;0;1;-1;-1;1;0;1;1
2615;4;2;3;50;1;0;0;0;0;0;0;0;0;0;1;0;0;0;1;0;17;26;0;0;0;0;1;1;0;1;0;1;0;0;1;0;0;0;0;1;0;0;1;1;-1;0;-1;-1;1
2616;2;0;3;44;0;0;0;0;0;0;0;0;0;0;1;0;0;0;0;0;16;21;0;0;0;0;1;1;0;1;0;0;0;0;1;0;0;0;0;0;0;0;1;1;-1;1;-1;-1;1
2617;3;0;3;56;0;0;0;0;0;0;0;0;0;0;1;1;0;0;1;0;17;32;0;0;1;0;0,909090909;0,285714286;1;1;0;0;0;0,090909091;0;0;0;0;0;1;0;0;1;0;1;1;0;-1;1
2618;3;0;3;37;0;0;0;0;0;0;0;0;0;0;1;1;0;0;0;0;12;18;0;0;0;0;0,857142857;0;0;1;0;0;0;0,142857143;0;0;0;0;0;0;0;0;1;1;1;1;1;-1;1
2619;2;1;0;34;2;2;0;0;0;0;0;0;0;0;0;1;0;0;0;0;26;0;0;0;0;0;1;0;0;0;0;0;0;0;0;0;0;0;0;0;0;0;1;1;1;1;1;-1;1
2620;2;0;2;47;0;0;0;0;0;0;0;0;0;0;1;1;0;0;0;0;9;31;0;0;0;1;1;1;0;1;0;0;0;0;1;0;0;0;0;1;0;0;1;1;-1;1;-1;-1;1
2621;2;0;2;44;0;0;0;0;0;0;0;0;0;0;1;1;0;0;0;0;9;28;0;0;0;1;1;1;0;1;0;0;0;0;1;0;0;0;0;1;0;0;1;1;-1;1;-1;-1;1
2622;2;1;2;57;1;1;0;0;0;0;0;0;0;0;0;1;0;0;0;0;41;8;0;0;0;0;0;0;0;0;1;0;0;1;0;0;0;0;0;0;0;0;1;0;1;1;1;-1;1
2623;2;0;5;67;0;0;0;0;0;0;0;0;0;0;1;0;0;0;1;0;25;35;0;0;0;0;1;1;1;1;1;0;0;0;1;0;0;0;0;1;0;0;1;0;-1;1;-1;-1;1
2624;2;0;6;64;0;0;0;0;1;0;0;0;0;3;1;1;0;0;0;0;17;40;0;0;0;0;0,666666667;1;0;1;0;0;0;0,333333333;1;0;0;0;0;0;0;0;1;0;-1;1;-1;-1;1
2625;2;0;3;89;4;0;0;0;0;1;0;0;0;33;1;1;0;0;0;0;19;63;0;0;0;0;0;1;0;1;0;0;0;0;1;0;0;0;0;0;0;0;1;-1;1;1;-1;1;1
2626;5;1;3;46;0;0;0;0;0;0;0;0;0;0;1;1;0;0;0;0;17;22;0;0;0;0;0;0;0;0;0;0;0;0,2;0;0;0;0;0;0;0;0;1;1;1;1;1;1;1
2627;3;0;3;44;0;0;0;0;0;0;0;0;0;0;1;1;0;0;0;0;12;25;0;0;0;0;0,857142857;0;0;1;0;0;0;0,142857143;0;0;0;0;0;0;0;0;1;1;1;1;1;-1;1
2628;2;0;2;48;0;0;0;0;0;0;0;0;0;0;1;1;0;0;0;0;9;32;0;0;0;1;1;1;0;1;0;0;0;0;1;0;0;0;0;1;0;0;1;1;-1;1;-1;-1;1
2629;2;0;2;45;0;0;0;0;0;0;0;0;0;0;1;0;0;0;0;0;17;21;0;0;0;0;0;0;0;1;0;0;0;0;1;0;0;0;0;0;0;0;1;1;1;1;1;1;1
2630;4;1;4;49;0;0;0;0;0;0;0;0;0;0;1;1;0;0;0;0;15;27;0;0;0;0;0;0;0;1;1;0;0;0;0;0;0;0;0;0;0;0;1;1;1;1;1;1;1
2631;2;0;4;48;0;0;0;0;0;0;0;0;0;0;1;0;0;0;0;0;15;26;0;0;0;0;0;1;0;1;1;0;0;1;1;0;0;0;0;0;0;0;1;1;-1;1;-1;-1;1
2632;2;0;6;72;0;0;0;0;0;0;0;0;0;0;1;0;0;0;1;0;21;44;0;0;0;0;1;1;1;1;0;0;0;0;1;0;0;0;0;1;0;0;1;0;-1;1;-1;-1;1
2633;5;0;4;61;0;0;0;0;0;0;0;0;0;5;1;1;0;0;1;0;15;39;0;0;0;1;0,923076923;1;0;1;0;0;0;0;1;0;0;0;0;0;0;0;1;0;1;1;-1;-1;1
2634;2;0;3;43;0;0;0;0;0;0;0;0;0;4;1;1;0;0;1;0;11;25;0;0;0;0;0;0;0;1;1;0;0;1;0;0;0;0;0;0;0;0;1;1;1;1;1;-1;1
2635;2;0;3;43;0;0;0;0;0;0;0;0;0;0;1;0;0;0;0;0;16;20;0;0;1;0;0,923076923;1;0;1;0;0;0;0;1;0;0;0;0;0;0;0;1;1;1;1;-1;-1;1
2636;3;1;3;50;0;0;0;0;0;0;0;0;0;4;1;1;0;0;0;0;15;28;0;0;0;0;0;0;0;1;1;0;0;1;0;0;0;0;0;0;0;0;1;1;1;1;1;-1;1
2637;2;0;5;70;0;0;0;0;0;0;0;0;0;4;1;1;0;0;0;0;23;40;0;0;0;0;0;0,25;0;1;1;0;0;1;0;0;0;0;0;0;0;0;1;0;1;1;0;-1;1
2638;3;0;6;156;4;0;0;0;0;0;1;0;0;49;1;1;0;0;1;0;17;95;36;0;0;0;0;0,041666667;1;1;0;0;0;0;0;0;0;0;0;0;0;0;1;-1;1;1;0;1;1
2639;3;0;3;59;0;0;0;0;0;0;0;0;0;0;1;1;0;0;1;0;17;35;0;0;1;0;0,909090909;0,285714286;1;1;0;0;0;0,090909091;0;0;0;0;0;1;0;0;1;0;1;1;0;-1;1
2640;3;0;3;79;1;0;0;0;0;0;4;0;0;1;1;0;0;0;1;0;15;25;31;0;1;1;1;1;1;1;0;0;0;0;1;0;0;0;0;0;0;0;1;-1;-1;1;-1;-1;1
2641;3;0;6;155;4;0;0;0;0;0;0;0;0;49;1;1;0;0;1;0;17;95;35;0;0;0;0;0,041666667;1;1;0;0;0;0;0;0;0;0;0;0;0;0;1;-1;1;1;0;1;1
2642;2;0;4;62;0;0;0;0;0;0;1;0;0;0;1;0;0;0;1;0;17;33;4;0;1;1;1;1;1;1;0;0;0;0;1;0;0;0;0;0;0;0;1;0;-1;1;-1;-1;1
2643;3;1;4;66;1;0;0;0;0;0;0;0;0;0;1;0;0;0;1;0;28;31;0;0;0;0;1;1;0;1;0;1;0;0;1;0;0;0;0;1;0;0;1;0;-1;0;-1;-1;1
2644;4;0;2;55;1;0;0;0;0;0;0;0;0;0;1;0;0;0;1;0;18;30;0;0;1;1;0,471698113;0,976744186;0;1;0;0;0;0,037735849;1;0;0;0;0;0;0;0;1;0;-1;1;-1;0;1
2645;3;1;2;48;0;0;0;0;0;0;0;0;0;0;1;0;0;0;0;0;23;18;0;0;0;0;0,972222222;0,035294118;1;1;0;0;0;0,027777778;0;0;0;0;0;1;0;0;1;1;1;1;1;-1;1
2646;3;1;5;67;0;0;0;0;0;0;1;0;0;1;1;1;0;0;0;0;13;40;6;0;0;0;0;0,642857143;1;1;0;0;0;0;0;0;0;0;0;0;0;0;1;0;-1;1;0;1;1
2647;3;1;5;60;0;0;0;0;0;0;0;0;0;1;1;1;0;0;0;0;13;40;0;0;0;0;0;0,642857143;1;1;0;0;0;1;0;0;0;0;0;0;0;0;1;0;-1;1;0;-1;1
2648;14;0;2;237;1;0;0;0;0;0;6;12;1;74;1;0;0;0;0;0;12;18;174;0;0;0;0;0,5;1;1;0;0;0;0;0;0;0;0;0;0;0;0;1;-1;-1;1;0;1;1
2649;3;1;4;201;0;0;0;0;0;0;0;0;0;32;1;0;0;0;0;0;22;36;135;0;0;0;0;0;0;1;0;0;0;0;0;0;0;0;0;0;0;0;1;-1;1;1;1;1;1
2650;2;0;2;51;1;1;0;0;0;0;1;0;0;11;1;1;0;0;0;0;13;17;13;0;0;0;0,743589744;1;1;1;0;0;0;0;1;0;0;0;0;0;0;1;1;1;-1;1;-1;-1;1
2651;3;1;7;105;0;0;0;0;0;5;0;0;0;19;1;1;0;0;0;0;15;83;0;0;0;0;0;1;0;1;1;0;0;1;1;0;0;0;0;0;0;0;1;-1;-1;1;-1;-1;1
2652;3;0;4;53;1;0;0;0;0;0;0;0;0;0;1;0;0;0;0;0;16;30;0;0;0;0;1;1;0;1;0;1;0;0;1;0;0;0;0;1;0;0;1;1;-1;0;1;-1;1
2653;5;2;3;55;0;0;0;0;0;0;0;0;0;5;1;1;0;0;1;0;15;33;0;0;1;0;0,818181818;0,153846154;1;1;0;0;0;0,090909091;0;0;0;0;0;1;0;0;0;0;0;1;0;-1;1
2654;3;0;3;61;0;0;0;0;0;0;0;0;0;0;1;1;0;0;1;0;17;37;0;0;1;0;0,909090909;0,285714286;1;1;0;0;0;0,090909091;0;0;0;0;0;1;0;0;1;0;1;1;0;-1;1
2655;3;0;4;58;1;0;0;0;0;0;0;0;0;4;1;1;0;0;0;0;11;40;0;0;0;0;0;0;0;1;1;0;0;1;0;0;0;0;0;0;0;0;1;0;1;1;1;-1;1
2656;2;0;4;63;0;0;0;0;0;0;0;0;0;8;1;1;0;0;0;0;20;36;0;0;0;0;0;0;0;1;1;0;0;1;0;0;0;0;0;0;0;0;1;0;1;1;1;-1;1
2657;2;0;4;57;0;0;0;0;0;0;0;0;0;0;1;0;0;0;1;0;17;33;0;0;1;1;1;1;1;1;0;0;0;0;1;0;0;0;0;0;0;0;1;0;-1;1;-1;-1;1
2658;3;0;2;34;0;0;0;0;0;0;0;0;0;3;1;1;0;0;0;0;12;15;0;0;0;0;1;1;0;1;0;0;0;0;1;0;0;0;0;0;0;0;1;1;-1;1;-1;-1;1
2659;2;0;3;46;0;0;0;0;0;0;0;0;0;0;1;0;0;0;1;0;16;23;0;0;0;1;1;1;0;1;0;0;0;0;1;0;0;0;0;0;0;0;1;1;-1;1;-1;-1;1
2660;2;0;4;61;0;0;0;0;0;0;0;0;0;0;1;0;0;0;1;0;17;33;3;0;1;1;1;1;1;1;0;0;0;0;1;0;0;0;0;0;0;0;1;0;-1;1;-1;-1;1
2661;6;1;4;64;0;0;0;0;0;0;0;0;0;4;1;1;0;0;1;0;19;38;0;0;0;1;0,923076923;1;0;1;0;0;0;0;1;0;0;0;0;0;0;0;1;0;1;1;-1;-1;1
2662;6;1;4;65;0;0;0;0;0;0;0;0;0;5;1;1;0;0;1;0;19;39;0;0;0;1;0,923076923;1;0;1;0;0;0;0;1;0;0;0;0;0;0;0;1;0;1;1;-1;-1;1
2663;5;0;4;61;0;0;0;0;0;0;0;0;0;5;1;1;0;0;1;0;15;39;0;0;0;1;0,923076923;1;0;1;0;0;0;0;1;0;0;0;0;0;0;0;1;0;1;1;-1;-1;1
2664;4;1;4;69;0;0;0;0;0;0;0;0;0;0;1;0;0;0;1;0;23;39;0;0;0;0;0;0;0;1;0;0;0;0;0;0;0;0;0;0;0;0;1;0;1;1;1;1;1
2665;2;0;3;63;1;0;0;0;0;0;0;0;0;0;1;0;0;0;0;0;17;39;0;0;0;0;0;0;0;1;1;0;0;0;0;0;0;0;0;0;1;0;1;0;1;1;1;1;1
2666;5;0;4;60;0;0;0;0;0;0;0;0;0;4;1;1;0;0;1;0;15;38;0;0;0;1;0,923076923;1;0;1;0;0;0;0;1;0;0;0;0;0;0;0;1;0;1;1;-1;-1;1
2667;5;0;4;61;0;0;0;0;0;0;0;0;0;4;1;1;0;0;1;0;15;39;0;0;0;1;0,923076923;1;0;1;0;0;0;0;1;0;0;0;0;0;0;0;1;0;1;1;-1;-1;1
2668;3;1;3;47;0;0;0;0;0;0;0;0;0;4;1;1;0;0;1;0;15;25;0;0;0;0;0;0;0;1;1;0;0;1;0;0;0;0;0;0;0;0;1;1;1;1;1;-1;1
2669;3;0;2;33;0;0;0;0;0;0;0;0;0;3;1;1;0;0;0;0;12;14;0;0;0;0;1;1;0;1;0;0;0;0;1;0;0;0;0;0;0;0;1;1;-1;1;-1;-1;1
2670;3;0;2;35;0;0;0;0;0;0;0;0;0;3;1;1;0;0;0;0;12;16;0;0;0;0;1;1;0;1;0;0;0;0;1;0;0;0;0;0;0;0;1;1;-1;1;-1;-1;1
2671;3;0;2;35;0;0;0;0;0;0;0;0;0;3;1;1;0;0;0;0;12;16;0;0;0;0;1;1;0;1;0;0;0;0;1;0;0;0;0;0;0;0;1;1;-1;1;-1;-1;1
2672;3;0;3;57;0;0;0;0;0;0;1;0;0;10;1;0;0;0;1;0;18;19;12;0;0;0;0;0,642857143;1;1;0;0;0;0;0;0;0;0;0;0;0;0;1;0;-1;1;0;1;1
2673;2;1;2;56;1;1;0;0;0;0;0;0;0;0;0;1;0;0;0;0;40;8;0;0;0;0;0;0;0;0;1;0;0;1;0;0;0;0;0;0;0;0;1;0;1;1;1;-1;1
2674;2;0;4;61;1;1;0;0;0;0;0;0;0;0;1;0;0;0;0;0;19;35;0;0;1;0;0,75;0,222222222;1;1;0;0;0;0,125;0;0;0;0;0;0;0;0;1;0;1;1;0;-1;1
2675;3;0;3;46;0;0;0;0;1;0;0;0;0;2;1;0;0;0;0;0;10;29;0;0;0;0;1;1;1;1;0;0;0;0;1;0;0;0;0;1;0;0;1;1;-1;1;-1;-1;1
2676;3;0;6;119;3;0;0;0;0;0;0;0;0;28;1;1;0;0;1;0;17;95;0;0;0;0;0;0,041666667;1;1;0;0;0;0;0;0;0;0;0;0;0;0;1;-1;1;1;0;1;1
2677;4;0;2;93;1;0;0;1;5;0;1;0;0;11;1;1;1;0;0;0;11;23;51;0;0;0;0;0,333333333;0;1;1;0;0;0;1;0;0;0;0;0;0;0;1;-1;1;1;-1;1;1
2678;2;1;2;58;1;1;0;0;0;0;0;0;0;0;0;1;0;0;0;0;42;8;0;0;0;0;0;0;0;0;1;0;0;1;0;0;0;0;0;0;0;0;1;0;1;1;1;-1;1
2679;3;1;1;33;0;0;0;0;0;0;0;0;0;1;1;0;0;0;0;0;16;10;0;0;1;0;0;0;0;1;1;0;0;0;0;0;0;0;0;0;0;0;1;1;1;1;1;1;1
2680;2;0;1;34;0;0;0;0;0;0;0;0;0;0;1;0;0;0;0;0;15;12;0;0;0;0;1;0,714285714;1;1;0;0;0;0;1;0;0;0;0;1;0;0;1;1;-1;1;0;-1;1
2681;2;0;3;53;0;0;0;0;0;0;0;0;0;0;1;1;0;0;1;0;21;25;0;0;0;0;0;0;0;1;0;0;0;0;0;0;0;0;0;0;0;0;1;1;1;1;1;1;1
2682;3;0;6;157;4;0;0;0;0;0;1;0;0;51;1;1;0;0;1;0;17;95;37;0;0;0;0;0,041666667;1;1;0;0;0;0;0;0;0;0;0;0;0;0;1;-1;1;1;0;1;1
2683;3;1;3;64;1;0;0;0;0;0;0;0;0;0;1;1;0;0;0;0;17;40;0;0;0;0;0;1;0;1;1;0;0;1;1;0;0;0;0;0;0;0;1;0;-1;1;-1;-1;1
2684;2;0;3;43;0;0;0;0;0;0;0;0;0;0;1;1;0;0;0;0;16;20;0;0;1;0;0,888888889;0;0;1;0;0;0;0,111111111;0;0;0;0;0;0;0;0;1;1;1;1;1;-1;1
2685;2;0;7;74;0;0;0;0;0;0;0;0;0;0;1;0;0;0;1;0;19;48;0;0;0;0;0;1;0;1;0;0;0;0;1;0;0;0;0;0;0;0;1;0;-1;1;1;1;1
2686;3;1;1;69;0;0;0;0;0;0;0;0;0;30;1;1;0;0;0;0;52;10;0;0;0;0;1;1;0;1;0;1;0;0;1;0;0;0;0;0;0;0;1;0;-1;0;-1;-1;1
2687;3;0;3;57;0;0;0;0;0;0;0;0;0;0;1;1;0;0;1;0;17;33;0;0;1;0;0,909090909;0,285714286;1;1;0;0;0;0,090909091;0;0;0;0;0;1;0;0;1;0;1;1;0;-1;1
2688;3;1;2;53;0;0;0;0;0;0;0;0;0;0;1;0;0;0;0;0;30;16;0;0;0;0;0;0,153846154;0;1;0;0;0;0;0;0;0;0;0;0;0;0;1;1;1;1;1;1;1
2689;3;0;4;52;0;0;0;0;0;0;0;0;0;0;1;1;0;0;0;0;18;27;0;0;0;0;0;0;0;1;1;0;0;0;0;0;0;0;0;0;0;0;1;1;1;1;1;1;1
2690;3;0;3;44;0;0;0;0;0;0;0;0;0;0;1;0;0;0;1;0;18;19;0;0;0;0;0;0,642857143;1;1;0;0;0;1;0;0;0;0;0;0;0;0;1;1;-1;1;0;-1;1
2691;4;1;3;54;1;0;0;0;0;0;0;0;0;0;1;0;0;0;0;0;20;27;0;0;0;0;1;1;0;1;0;1;0;0;1;0;0;0;0;1;0;0;1;0;-1;0;1;-1;1
2692;2;0;2;37;0;0;0;0;0;0;0;0;0;0;1;0;0;0;0;0;13;17;0;0;0;0;0;0,5;1;1;1;1;0;1;0;0;0;0;0;0;0;0;1;1;1;0;-1;-1;1
2693;2;0;1;28;0;0;0;0;0;0;0;0;0;0;1;0;0;0;0;0;11;10;0;0;1;0;0;0,4;0;1;1;0;0;0;0;0;0;0;0;0;0;0;1;1;1;1;0;1;1
2694;4;0;3;63;1;0;0;0;0;0;0;0;0;3;1;1;0;0;1;0;22;34;0;0;0;1;1;0,916666667;1;1;1;0;0;0;1;0;0;0;0;1;0;0;1;0;-1;1;-1;-1;1
2695;4;1;4;57;1;0;0;0;0;0;0;0;0;0;1;0;0;0;0;0;20;30;0;0;0;0;1;1;0;1;0;1;0;0;1;0;0;0;0;1;0;0;1;0;-1;0;1;-1;1
2696;4;1;3;53;1;0;0;0;0;0;0;0;0;0;1;0;0;0;0;0;20;26;0;0;0;0;1;1;0;1;0;1;0;0;1;0;0;0;0;1;0;0;1;1;-1;0;1;-1;1
2697;3;1;2;55;1;1;0;0;0;0;1;0;0;11;1;1;0;0;0;0;17;17;13;0;0;0;0,743589744;1;1;1;0;0;0;0;1;0;0;0;0;0;0;1;1;0;-1;1;-1;-1;1
2698;3;0;2;34;0;0;0;0;0;0;0;0;0;6;1;1;0;0;0;0;12;15;0;0;0;0;1;1;0;1;0;0;0;0;1;0;0;0;0;0;0;0;1;1;-1;1;-1;-1;1
2699;2;0;5;75;1;0;0;0;0;0;0;0;0;11;1;1;0;0;0;0;22;46;0;0;0;0;0;0;0;1;1;0;0;1;0;0;0;0;0;0;0;0;1;0;1;1;1;-1;1
2700;2;0;6;78;1;0;0;0;0;0;0;0;0;0;1;0;0;0;1;0;24;47;0;0;0;0;0,066666667;0,076923077;0;1;1;0;0;0,866666667;0;0;0;0;0;0;0;0;1;-1;1;1;1;-1;1
2701;4;1;4;72;0;0;0;0;0;0;0;0;0;0;1;0;0;0;1;0;23;42;0;0;0;0;0;0;0;1;0;0;0;0;0;0;0;0;0;0;0;0;1;0;1;1;1;1;1
2702;3;0;4;44;0;0;0;0;0;0;0;0;0;0;1;1;0;0;0;0;10;27;0;0;0;0;0;0;0;1;1;0;0;0;0;0;0;0;0;0;0;0;1;1;1;1;1;1;1
2703;4;1;3;52;1;0;0;0;0;0;0;0;0;0;1;0;0;0;0;0;20;25;0;0;0;0;1;1;0;1;0;1;0;0;1;0;0;0;0;1;0;0;1;1;-1;0;1;-1;1
2704;2;0;5;59;1;0;0;0;0;0;0;0;0;0;1;1;0;0;1;0;8;44;0;0;0;1;1;1;0;1;0;0;0;0;1;0;0;0;0;0;0;0;1;0;-1;1;-1;-1;1
2705;4;2;2;45;0;0;0;0;0;0;0;0;0;1;1;0;0;1;0;0;20;18;0;0;0;0;1;0,923076923;1;1;1;0;1;0;1;0;0;0;0;1;0;0;0;1;-1;-1;-1;-1;1
2706;3;0;5;59;0;0;0;0;0;0;0;0;0;2;1;0;0;0;1;0;14;38;0;0;0;0;1;0,142857143;1;1;0;0;0;0;0;0;0;0;0;1;0;0;1;0;1;1;0;-1;1
2707;2;0;3;52;0;0;0;0;0;0;0;0;0;0;1;0;0;0;1;0;16;29;0;0;1;0;0,888888889;0;0;1;0;0;0;0,111111111;0;0;0;0;0;0;0;0;1;1;1;1;1;-1;1
2708;3;1;1;69;0;0;0;0;0;0;0;0;0;30;1;1;0;0;0;0;52;10;0;0;0;0;1;1;0;1;0;1;0;0;1;0;0;0;0;0;0;0;1;0;-1;0;-1;-1;1
2709;4;2;5;62;1;0;0;0;0;0;0;0;0;1;1;0;0;0;0;0;17;38;0;0;0;0;0;0,166666667;0;1;0;0;0;0;0;0;0;0;0;0;0;0;0;0;1;1;0;1;1
2710;5;0;3;81;0;0;0;0;0;0;2;0;0;12;1;0;0;0;1;0;18;19;36;0;0;0;0;0,642857143;1;1;0;0;0;0;0;0;0;0;0;0;0;0;1;-1;-1;1;0;1;1
2711;2;0;4;58;1;0;0;0;0;0;0;0;0;4;1;1;0;0;0;0;18;33;0;0;0;0;1;1;0;1;0;0;0;0;1;0;0;0;0;0;0;0;1;0;-1;1;-1;-1;1
2712;4;1;3;62;0;0;0;0;0;0;0;0;0;0;1;0;0;0;1;0;23;32;0;0;0;0;0;0;0;1;0;0;0;0;0;0;0;0;0;0;0;0;1;0;1;1;1;1;1
2713;2;0;3;47;0;0;0;0;0;0;0;0;0;0;1;0;0;0;0;0;11;29;0;0;0;0;0,923076923;1;0;1;0;0;0;0;1;0;0;0;0;0;0;0;1;1;1;1;-1;-1;1
2714;2;0;4;61;0;0;0;0;0;0;0;0;0;1;1;0;0;0;0;0;18;36;0;0;0;0;0;0;0;1;0;0;0;0;0;0;0;0;0;0;0;0;1;0;1;1;1;1;1
2715;1;0;2;55;0;0;0;0;0;0;0;0;0;23;1;1;0;0;0;0;18;30;0;0;0;0;0;0;0;1;0;0;0;1;0;0;0;0;0;0;0;0;1;0;1;1;1;-1;1
2716;1;0;2;46;0;0;0;0;0;0;0;0;0;14;1;1;0;0;0;0;18;21;0;0;0;0;0;0;0;1;0;0;0;1;0;0;0;0;0;0;0;0;1;1;1;1;1;-1;1
2717;1;0;4;71;0;0;0;0;1;0;0;0;0;15;1;1;0;0;1;0;18;46;0;0;0;0;0;0;0;1;0;0;0;1;0;0;0;0;0;0;0;0;1;0;1;1;1;-1;1
2718;1;0;4;56;1;0;0;0;0;0;0;0;0;17;1;1;0;0;1;0;18;31;0;0;0;0;0;0;0;1;0;0;0;1;0;0;0;0;0;0;0;0;1;0;1;1;1;-1;1
2719;2;0;2;43;0;0;0;0;0;0;0;0;0;0;1;0;0;0;0;0;17;19;0;0;0;0;0;0;0;1;1;0;0;1;0;0;0;0;0;0;0;0;1;1;1;1;1;-1;1
2720;4;0;3;51;0;0;0;0;0;0;1;0;0;0;1;0;0;0;1;0;18;19;6;0;0;0;0;0,642857143;1;1;0;0;0;0;0;0;0;0;0;0;0;0;1;1;-1;1;0;1;1
2721;1;0;4;54;1;0;0;0;0;0;0;0;0;15;1;1;0;0;1;0;18;29;0;0;0;0;0;0;0;1;0;0;0;1;0;0;0;0;0;0;0;0;1;0;1;1;1;-1;1
2722;2;0;3;69;4;1;0;0;0;0;0;0;0;3;1;1;0;0;1;0;22;40;0;0;0;0;0,333333333;0,234042553;0;1;0;0;0;0,666666667;0;0;0;0;1;0;0;0;1;0;-1;1;0;-1;1
2723;3;1;4;202;0;0;0;0;0;0;1;0;0;32;1;0;0;0;0;0;22;36;136;0;0;0;0;0;0;1;0;0;0;0;0;0;0;0;0;0;0;0;1;-1;1;1;1;1;1
2724;3;0;5;55;0;0;0;0;0;0;0;0;0;0;1;0;0;0;0;0;18;30;0;0;0;0;0;0;0;1;0;0;0;1;0;0;0;0;0;0;0;0;1;0;1;1;1;-1;1
2725;2;0;4;57;1;0;0;0;0;0;0;0;0;0;1;1;0;0;0;0;17;33;0;0;1;0;0;0;0;1;1;0;0;0;0;0;0;0;0;0;1;0;1;0;1;1;1;1;1
2726;3;1;3;54;0;0;0;0;0;0;0;0;0;0;1;0;0;0;0;0;15;32;0;0;0;0;0,923076923;1;0;1;0;0;0;0;1;0;0;0;0;0;0;0;1;0;1;1;-1;-1;1
2727;2;0;6;66;1;0;0;0;0;0;0;0;0;0;1;0;0;0;1;0;14;45;0;0;0;0;0;0,642857143;1;1;0;0;0;1;0;0;0;0;0;0;0;0;1;0;-1;1;0;-1;1
2728;3;1;4;201;0;0;0;0;0;0;0;0;0;32;1;0;0;0;0;0;22;36;135;0;0;0;0;0;0;1;0;0;0;0;0;0;0;0;0;0;0;0;1;-1;1;1;1;1;1
2729;2;1;2;49;1;1;0;0;0;0;0;0;0;0;0;1;0;0;0;0;33;8;0;0;0;0;0;0;0;0;1;0;0;1;0;0;0;0;0;0;0;0;1;1;1;1;1;-1;1
2730;3;1;2;45;0;0;0;0;0;0;0;0;0;3;1;1;0;0;0;0;27;11;0;0;1;0;1;0,947368421;0;1;1;0;1;0;1;0;0;0;0;1;0;0;1;1;-1;-1;-1;-1;1
2731;2;0;4;48;0;0;0;0;0;0;0;0;0;0;1;0;0;0;0;0;16;25;0;0;0;0;1;0,142857143;0;1;0;0;0;0;0;0;0;0;0;1;0;0;1;1;1;1;0;-1;1
2732;2;1;3;58;2;1;0;0;0;0;0;0;0;3;0;1;0;0;0;0;37;13;0;0;0;0;0;0;0;0;1;0;0;1;0;0;0;0;0;0;0;0;1;0;1;1;1;-1;1
2733;2;0;4;45;0;0;0;0;0;0;0;0;0;0;1;0;0;0;1;0;15;23;0;0;0;0;0;0;0;1;0;0;0;0;0;0;0;0;0;0;0;0;1;1;1;1;1;1;1
2734;3;1;5;64;1;0;0;0;0;0;0;0;0;5;1;1;0;0;1;0;17;40;0;0;0;0;0;0,25;0;1;1;0;0;1;0;0;0;0;0;0;0;0;1;0;1;1;0;-1;1
2735;3;1;4;62;1;0;0;0;0;0;0;0;0;4;1;1;0;0;0;0;22;33;0;0;0;0;1;1;0;1;0;0;0;0;1;0;0;0;0;0;0;0;1;0;-1;1;-1;-1;1
2736;2;0;2;43;0;0;0;0;0;0;0;0;0;0;1;0;0;0;0;0;12;24;0;0;0;0;0;0;0;1;0;0;0;0;0;0;0;0;0;0;0;0;1;1;1;1;1;1;1
2737;3;1;3;51;0;0;0;0;0;0;0;0;0;0;1;0;0;0;0;0;15;29;0;0;0;0;0,923076923;1;0;1;0;0;0;0;1;0;0;0;0;0;0;0;1;1;1;1;-1;-1;1
2738;2;0;6;51;1;0;0;0;0;0;0;0;0;0;1;0;0;0;1;0;6;38;0;0;0;0;1;1;0;1;0;0;0;0;1;0;0;0;0;0;0;0;1;1;-1;1;-1;-1;1
2739;3;1;1;39;0;0;0;0;0;0;0;0;0;3;1;1;0;0;0;0;20;12;0;0;0;0;0,923076923;1;0;1;0;0;0;0;1;0;0;0;0;0;0;0;1;1;1;1;-1;-1;1
2740;2;1;2;56;1;1;0;0;0;0;0;0;0;0;0;1;0;0;0;0;39;9;0;0;0;0;0;0;0;0;1;0;0;1;0;0;0;0;0;0;0;0;1;0;1;1;1;-1;1
2741;3;1;1;38;0;0;0;0;0;0;0;0;0;3;1;1;0;0;0;0;19;12;0;0;0;0;0,923076923;1;0;1;0;0;0;0;1;0;0;0;0;0;0;0;1;1;1;1;-1;-1;1
2742;3;1;1;38;0;0;0;0;0;0;0;0;0;4;1;0;0;0;0;0;19;12;0;0;0;0;0;0;0;1;0;1;0;0;0;0;0;0;0;0;0;0;1;1;1;0;1;1;1
2743;2;0;3;44;1;0;0;0;0;0;0;0;0;0;1;1;0;0;0;0;13;24;0;0;0;0;1;1;0;1;0;0;0;0;1;0;0;0;0;0;0;0;1;1;-1;1;-1;-1;1
2744;2;0;3;45;1;0;0;0;0;0;0;0;0;0;1;0;0;0;1;0;13;25;0;0;0;1;0,923076923;1;0;1;0;0;0;0;1;0;0;0;0;0;0;0;1;1;1;1;-1;-1;1
2745;2;0;2;66;3;2;0;0;0;0;0;0;0;0;1;0;0;0;1;0;27;32;0;0;2;0;0;0;0;1;0;0;0;0,960784314;0;0;0;0;0;0;0;0;1;0;1;1;1;-1;1
2746;3;1;4;65;0;0;0;0;1;0;0;0;0;0;1;1;0;0;1;0;25;33;0;0;0;0;0;0;0;1;0;0;0;1;0;0;0;0;0;0;0;0;1;0;1;1;1;-1;1
2747;2;0;3;37;0;0;0;0;0;0;0;0;0;1;1;0;0;0;0;0;12;18;0;0;0;0;0;0,642857143;1;1;0;0;0;1;0;0;0;0;0;0;0;0;1;1;-1;1;0;-1;1
2748;4;1;2;47;0;0;0;0;0;1;0;0;0;3;1;1;0;0;0;0;22;18;0;0;0;0;0,666666667;1;0;1;0;0;0;0,333333333;1;0;0;0;0;0;0;0;1;1;-1;1;-1;-1;1
2749;3;0;2;43;0;0;0;0;0;1;0;0;0;3;1;1;0;0;0;0;18;18;0;0;0;0;0,666666667;1;0;1;0;0;0;0,333333333;1;0;0;0;0;0;0;0;1;1;-1;1;-1;-1;1
2750;3;0;4;46;1;0;0;0;0;0;0;0;0;0;1;0;0;0;0;0;10;29;0;0;0;0;0;0,166666667;0;1;1;0;1;0;0;0;0;0;0;0;0;1;1;1;1;-1;0;1;1
2751;2;0;6;105;2;0;0;0;1;0;0;0;0;0;1;1;0;0;1;0;23;75;0;0;0;0;0;0;0;1;0;1;0;0;0;0;0;0;0;0;0;0;1;-1;1;0;1;1;1
2752;3;0;1;30;0;0;0;0;1;0;0;0;0;0;1;0;0;0;0;0;11;12;0;0;0;0;1;1;1;0;0;1;0;0;1;0;0;0;0;0;0;0;1;1;-1;0;-1;-1;1
2753;3;0;3;60;1;0;0;0;0;0;0;0;0;0;1;0;0;0;0;0;24;29;0;0;0;0;0,108108108;1;0;1;0;0;0;0;0;0;0;0;0;0;0;0;1;0;-1;1;-1;1;1
2754;3;1;1;38;0;0;0;0;0;0;0;0;0;3;1;1;0;0;0;0;19;12;0;0;0;0;0,923076923;1;0;1;0;0;0;0;1;0;0;0;0;0;0;0;1;1;1;1;-1;-1;1
2755;2;0;5;56;0;0;0;0;0;0;0;0;0;0;1;0;0;0;1;0;17;32;0;0;1;1;1;1;1;1;0;0;0;0;1;0;0;0;0;0;0;0;1;0;-1;1;-1;-1;1
2756;3;1;1;45;0;0;0;0;0;0;0;0;0;4;1;1;0;0;0;0;24;14;0;0;0;0;0;0,5;0;1;0;1;0;1;0;0;0;0;0;0;0;0;1;1;0;0;1;-1;1
2757;2;0;5;61;0;0;0;0;0;0;1;0;0;0;1;0;0;0;1;0;17;32;4;0;1;1;1;1;1;1;0;0;0;0;1;0;0;0;0;0;0;0;1;0;-1;1;-1;-1;1
2758;2;0;5;60;0;0;0;0;0;0;0;0;0;0;1;0;0;0;1;0;17;32;3;0;1;1;1;1;1;1;0;0;0;0;1;0;0;0;0;0;0;0;1;0;-1;1;-1;-1;1
2759;3;0;2;45;0;0;0;0;0;0;0;0;0;0;1;0;0;0;1;0;17;21;0;0;0;0;0,75;0,675675676;0;1;0;0;0;0;1;0;0;0;0;1;0;0;1;1;0;1;0;-1;1
2760;3;0;9;104;0;0;0;0;0;0;1;0;0;15;1;0;0;0;1;0;6;57;33;0;0;0;0,857142857;1;1;1;0;0;0;0;1;0;0;0;0;1;0;0;1;-1;-1;1;-1;-1;1
2761;3;0;4;82;1;0;0;0;0;1;0;0;0;2;1;1;0;0;0;0;29;46;0;0;0;0;0;0,75;0;1;0;0;0;0;0;0;0;0;0;0;0;0;1;-1;1;1;-1;1;1
2762;4;0;2;44;0;0;0;0;0;0;0;0;0;0;1;1;0;0;1;0;20;17;0;0;0;0;1;0;0;1;1;0;0;0;1;0;0;0;0;0;0;0;1;1;1;1;1;-1;1
2763;3;1;3;52;1;0;0;0;0;0;0;0;0;0;1;1;0;0;0;0;13;32;0;0;0;0;0;0;0;1;0;0;0;0;1;0;0;0;0;0;0;0;1;1;1;1;1;1;1
2764;3;1;2;43;1;0;0;0;0;0;0;0;0;0;1;1;0;0;0;0;18;18;0;0;0;0;0;1;0;1;0;0;0;0;1;0;0;0;0;0;0;0;1;1;1;1;-1;1;1
2765;2;0;3;58;1;1;0;0;0;0;0;0;0;0;1;0;0;0;1;0;20;31;0;0;0;0;0;0;0;1;1;0;0;0;0;0;0;0;0;0;1;0;1;0;1;1;1;1;1
2766;3;1;1;39;0;0;0;0;0;0;0;0;0;0;1;0;0;0;0;0;23;9;0;0;0;0;0,75;1;1;1;0;1;0;0,25;1;0;0;0;0;0;0;0;1;1;-1;0;-1;-1;1
2767;3;1;3;61;1;0;0;0;0;0;0;0;0;0;1;0;0;0;1;0;30;24;0;0;0;0;0;1;0;1;1;0;0;1;1;0;0;0;0;0;0;0;1;0;-1;1;-1;-1;1
2768;2;1;2;62;1;1;0;0;0;0;0;0;0;0;0;1;0;0;0;0;45;9;0;0;0;0;0;0;0;0;1;0;0;1;0;0;0;0;0;0;0;0;1;0;1;1;1;-1;1
2769;3;1;2;43;0;0;0;0;0;0;0;0;0;0;1;1;0;0;0;0;18;18;0;0;0;0;0;1;0;1;0;0;0;0;1;0;0;0;0;0;0;0;1;1;1;1;-1;1;1
2770;2;0;4;69;0;0;0;0;0;0;0;0;0;4;1;1;0;0;0;0;27;35;0;0;0;0;0;0;0;1;1;0;0;1;0;0;0;0;0;0;0;0;1;0;1;1;1;-1;1
2771;3;0;5;66;0;0;0;0;0;0;0;0;0;0;1;0;0;0;1;0;20;39;0;0;0;0;0;0;0;1;0;0;0;0;0;0;0;0;0;0;0;0;1;0;1;1;1;1;1
2772;2;0;6;126;0;0;0;0;1;0;0;0;0;18;1;1;0;0;1;0;28;91;0;0;0;0;0,882352941;0,948717949;0;1;1;0;0;0,011764706;1;0;0;0;0;0;0;0;1;-1;-1;1;-1;-1;1
2773;4;1;3;64;1;0;0;0;0;0;0;0;0;0;1;1;0;0;0;0;23;34;0;0;0;0;1;1;0;1;0;0;0;0;1;0;0;0;0;1;1;0;1;0;-1;1;-1;-1;1
2774;2;1;2;59;1;1;0;0;0;0;0;0;0;0;0;1;0;0;0;0;43;8;0;0;0;0;0;0;0;0;1;0;0;1;0;0;0;0;0;0;0;0;1;0;1;1;1;-1;1
2775;6;0;4;134;0;0;0;0;0;0;1;0;0;1;1;0;0;0;1;0;22;43;61;0;1;1;0,923076923;1;0;0;0;1;0;0;1;0;0;0;0;0;0;0;1;-1;1;0;-1;-1;1
2776;4;0;3;63;0;0;0;0;0;0;0;0;0;0;1;0;0;0;1;0;25;31;0;0;0;0;0;0;0;1;0;0;0;0;0;0;0;0;0;0;0;0;1;0;1;1;1;1;1
2777;2;0;4;58;0;0;0;0;0;0;0;0;0;0;1;0;0;0;1;0;17;30;3;0;1;1;1;1;1;1;0;0;0;0;1;0;0;0;0;0;0;0;1;0;-1;1;-1;-1;1
2778;2;0;5;52;1;1;0;0;0;0;0;0;0;0;0;0;0;0;1;0;20;24;0;0;0;0;0;0,0625;0;0;0;0;0;0;0;0;0;0;0;1;0;0;1;1;1;1;0;1;1
2779;5;1;4;63;0;0;0;0;0;0;0;0;0;0;1;1;0;0;0;0;29;27;0;0;0;0;0;0;0;1;1;0;0;0;0;0;0;0;0;0;0;0;1;0;1;1;1;1;1
2780;4;0;4;82;0;0;0;0;0;0;1;0;0;16;1;1;0;0;1;0;15;26;33;0;0;0;0;0,642857143;1;1;0;0;0;0;0;0;0;0;0;0;0;0;1;-1;-1;1;0;1;1
2781;2;1;2;59;1;1;0;0;0;0;0;0;0;0;0;1;0;0;0;0;43;8;0;0;0;0;0;0;0;0;1;0;0;1;0;0;0;0;0;0;0;0;1;0;1;1;1;-1;1
2782;2;1;2;58;1;1;0;0;0;0;0;0;0;0;0;1;0;0;0;0;40;10;0;0;0;0;0;0;0;0;1;0;0;1;0;0;0;0;0;0;0;0;1;0;1;1;1;-1;1
2783;2;0;4;51;0;0;0;0;0;0;0;0;0;0;1;0;0;0;1;0;18;26;0;0;0;0;0;0,285714286;0;1;0;0;0;0;0;0;0;0;0;0;0;0;1;1;1;1;-1;1;1
2784;4;0;9;95;0;0;0;0;0;0;0;0;0;0;1;1;0;0;1;0;15;73;0;0;1;0;0;0,111111111;1;1;0;0;0;0;0;0;0;0;0;0;0;1;1;-1;1;1;1;1;1
2785;3;0;4;79;1;0;0;0;0;0;0;0;0;0;1;1;0;0;0;0;29;43;0;0;0;0;0;0;0;1;0;0;0;0;0;0;0;0;0;0;0;0;1;-1;1;1;1;1;1
2786;2;0;4;54;0;0;0;0;0;0;0;0;0;0;1;0;0;0;1;0;17;30;0;0;1;1;1;1;1;1;0;0;0;0;1;0;0;0;0;0;0;0;1;0;-1;1;-1;-1;1
2787;2;0;4;59;0;0;0;0;0;0;1;0;0;0;1;0;0;0;1;0;17;30;4;0;1;1;1;1;1;1;0;0;0;0;1;0;0;0;0;0;0;0;1;0;-1;1;-1;-1;1
2788;3;1;2;47;0;0;0;0;0;0;0;0;0;0;1;0;0;0;0;0;15;25;0;0;0;0;0;0,416666667;0;1;0;0;0;1;0;0;0;0;0;0;0;0;1;1;1;1;0;-1;1
2789;4;1;3;59;0;0;0;0;0;0;0;0;0;0;1;0;0;0;0;0;23;29;0;0;0;0;1;1;0;1;0;0;0;0;1;0;0;0;0;1;1;0;1;0;-1;1;1;-1;1
2790;2;0;4;58;0;0;0;0;0;0;0;0;0;0;1;0;0;0;0;0;15;36;0;0;0;0;0;1;0;1;1;0;0;1;1;0;0;0;0;0;0;0;1;0;-1;1;-1;-1;1
2791;4;0;3;46;1;0;0;0;0;0;0;0;0;0;1;0;0;0;1;0;13;26;0;0;0;0;1;0,166666667;0;1;0;0;0;0;1;0;0;0;0;1;0;0;1;1;1;1;1;-1;1
2792;2;0;6;63;2;1;0;0;0;0;0;0;0;1;1;0;0;0;0;0;12;44;0;0;0;0;0,135135135;1;0;1;0;0;0;0;0;0;0;0;0;0;0;0;1;0;-1;1;-1;1;1
2793;2;0;4;52;0;0;0;0;0;0;0;0;0;0;1;0;0;0;0;0;15;30;0;0;0;0;0;1;0;1;1;0;0;1;1;0;0;0;0;0;0;0;1;1;-1;1;-1;-1;1
2794;3;0;4;72;0;0;0;0;0;0;0;0;0;1;1;1;0;0;1;0;22;43;0;0;0;0;0;0,75;0;1;0;0;0;0;1;0;0;0;0;0;0;0;1;0;0;1;-1;1;1
2795;3;0;7;114;1;0;0;0;0;0;0;0;0;0;1;1;0;0;1;0;22;85;0;0;0;0;1;0,142857143;1;1;0;0;0;0;0;0;0;0;0;1;0;0;1;-1;1;1;0;-1;1
2796;2;0;2;41;0;0;0;0;0;0;0;0;0;0;1;0;0;0;0;0;20;14;0;0;0;0;1;1;0;1;0;0;0;0;1;0;0;0;0;1;0;0;1;1;-1;1;-1;-1;1
2797;3;0;7;104;1;0;0;0;0;0;0;0;0;7;1;1;0;0;1;0;16;81;0;0;3;0;0,818181818;0,142857143;1;1;0;0;0;0,090909091;0;0;0;0;0;1;0;0;1;-1;1;1;0;-1;1
2798;5;1;1;41;0;0;0;0;0;0;0;0;0;0;1;0;0;0;1;0;15;19;0;0;0;1;1;1;0;1;0;0;0;0;1;0;0;0;0;0;0;0;1;1;-1;1;-1;-1;1
2799;2;0;3;52;1;0;0;0;0;0;0;0;0;0;1;0;0;0;0;0;14;31;0;0;0;0;0,024752475;0,025641026;1;1;1;0;0;0,972772277;0;0;0;0;0;1;0;0;1;1;1;1;1;-1;1
2800;15;0;4;248;0;0;0;0;0;0;6;12;1;78;1;1;0;0;1;0;15;26;174;0;0;0;0;0,642857143;1;1;0;0;0;0;0;0;0;0;0;0;0;0;1;-1;-1;1;0;1;1
2801;3;1;2;40;0;0;0;0;0;0;0;0;0;0;1;0;0;0;0;0;16;17;0;0;0;0;0;0;0;1;1;0;0;1;0;0;0;0;0;0;0;0;1;1;1;1;1;-1;1
2802;2;0;2;62;1;0;0;0;1;0;0;0;0;0;1;0;0;0;0;0;26;29;0;0;1;0;0,933333333;0,9;0;1;0;0;0;0;1;0;0;0;0;0;0;0;1;0;1;1;-1;-1;1
2803;2;0;2;48;0;0;0;0;1;0;0;0;0;0;1;0;0;0;0;0;16;25;0;0;1;0;0,933333333;0,9;0;1;0;0;0;0;1;0;0;0;0;0;0;0;1;1;1;1;-1;-1;1
2804;3;0;5;89;1;0;0;0;2;0;0;0;0;10;1;1;0;0;1;0;19;63;0;0;0;0;0;1;1;1;0;1;0;0;1;0;0;0;0;0;0;1;1;-1;-1;0;-1;1;1
2805;5;2;3;58;1;0;0;0;0;0;0;0;0;8;1;1;0;0;1;0;15;36;0;0;1;0;0,818181818;0,153846154;1;1;0;0;0;0,090909091;0;0;0;0;0;1;0;0;0;0;0;1;0;-1;1
2806;4;2;3;45;1;0;0;0;0;0;0;0;0;5;1;1;0;0;1;0;15;23;0;0;0;0;0;0,071428571;1;1;0;0;0;0;0;0;0;0;0;0;0;0;0;1;1;1;1;1;1
2807;4;1;3;48;0;0;0;0;0;0;0;0;0;0;1;0;0;0;1;0;21;20;0;0;0;0;0,5;0,0625;1;1;1;0;0;0,5;0;0;0;0;0;1;0;0;1;1;1;1;0;-1;1
2808;2;0;3;45;0;0;0;0;0;0;0;0;0;0;1;0;0;0;0;0;14;24;0;0;0;0;0;0;0;1;0;0;0;0;0;0;0;0;0;0;0;0;1;1;1;1;1;1;1
2809;4;1;2;42;0;0;0;0;0;0;0;0;0;0;1;0;0;0;1;0;18;17;0;0;1;0;0;1;0;1;0;0;0;1;0;0;0;0;0;0;0;0;1;1;1;1;-1;-1;1
2810;5;1;2;59;1;0;0;0;0;0;0;0;0;0;1;0;0;0;1;0;25;27;0;0;1;1;0,471698113;0,976744186;0;1;0;0;0;0,037735849;1;0;0;0;0;0;0;0;1;0;-1;1;-1;0;1
2811;2;0;4;50;0;0;0;0;0;0;0;0;0;3;1;1;0;0;1;0;16;27;0;0;0;0;0;0,027027027;0;1;0;0;0;0;0;0;0;0;0;0;0;0;1;1;1;1;0;1;1
2812;2;0;2;48;0;0;0;0;1;0;0;0;0;0;1;1;0;0;0;0;22;19;0;0;0;0;0,75;1;0;1;0;0;0;0;1;0;0;0;0;1;0;0;1;1;-1;1;1;-1;1
2813;3;0;4;47;0;0;0;0;0;0;0;0;0;3;1;0;0;0;1;0;13;27;0;0;0;0;0;0;0;1;1;0;0;0;0;0;0;0;0;0;0;0;1;1;1;1;1;1;1
2814;2;0;6;66;1;0;0;0;0;0;0;0;0;0;1;1;0;0;0;0;8;51;0;0;0;0;1;1;0;1;0;0;0;0;1;0;0;0;0;0;0;0;1;0;-1;1;-1;-1;1
2815;3;0;3;45;0;0;0;0;0;0;0;0;0;0;1;0;0;0;0;0;17;21;0;0;0;0;0;1;0;1;1;0;0;1;1;0;0;0;0;0;0;0;1;1;-1;1;-1;-1;1
2816;2;0;5;62;1;0;0;0;0;0;0;0;0;0;1;1;0;0;0;0;8;47;0;0;0;0;1;1;0;1;0;0;0;0;1;0;0;0;0;0;0;0;1;0;-1;1;-1;-1;1
2817;3;1;1;48;1;1;0;0;0;0;0;0;0;0;1;1;0;0;0;0;29;12;0;0;0;0;0,72;0,1;0;1;0;1;0;0;1;0;0;0;0;0;0;0;1;1;1;0;1;-1;1
2818;3;1;2;52;0;0;0;0;0;0;1;0;0;10;1;1;0;0;0;0;14;17;13;0;0;0;0,743589744;1;1;1;0;0;0;0;1;0;0;0;0;0;0;1;1;1;-1;1;-1;-1;1
2819;2;0;4;62;1;0;0;0;0;0;0;0;0;0;1;1;0;0;0;0;15;40;0;0;0;0;1;0,4;1;1;1;0;0;0;1;0;0;0;0;1;0;0;1;0;1;1;0;-1;1
2820;5;2;1;65;1;1;0;0;1;0;1;0;0;5;1;0;0;0;0;0;29;14;14;0;1;0;0,888888889;1;0;1;0;0;0;0;1;0;0;0;0;0;0;0;0;0;-1;1;-1;-1;1
2821;3;0;2;38;0;0;0;0;0;0;0;0;0;0;1;0;0;0;0;0;14;17;0;0;0;0;1;0,166666667;0;1;0;0;0;0;0;0;0;0;0;1;0;0;1;1;1;1;1;-1;1
2822;3;1;3;45;0;0;0;0;0;0;0;0;0;0;1;0;0;0;1;0;14;24;0;0;0;0;1;0,142857143;1;1;0;0;0;0;0;0;0;0;0;1;0;0;1;1;1;1;0;-1;1
2823;2;0;3;59;0;0;0;0;0;0;0;0;0;4;1;1;0;0;0;0;23;29;0;0;0;0;0;0;0;1;1;0;0;1;0;0;0;0;0;0;0;0;1;0;1;1;1;-1;1
2824;3;1;2;43;0;0;0;0;0;0;0;0;0;0;1;0;0;0;0;0;19;17;0;0;1;0;0,75;0,222222222;1;1;0;0;0;0,125;0;0;0;0;0;0;0;0;1;1;1;1;0;-1;1
2825;2;0;2;43;1;1;0;0;0;0;0;0;0;0;1;0;0;0;0;0;19;17;0;0;1;0;0;1;0;1;0;0;0;1;0;0;0;0;0;0;0;0;1;1;1;1;-1;-1;1
2826;2;0;3;51;0;0;0;0;0;0;0;0;0;0;1;1;0;0;0;0;18;26;0;0;0;0;0;0;0;1;0;0;0;0;0;0;0;0;0;0;0;0;1;1;1;1;1;1;1
2827;3;0;5;62;1;0;0;0;0;0;0;0;0;0;1;0;0;0;0;0;18;37;0;0;0;0;0;0;0;1;0;0;0;1;0;0;0;0;0;0;0;0;1;0;1;1;1;-1;1
2828;6;0;4;70;0;0;0;0;0;0;0;0;0;0;1;0;0;0;1;0;13;46;3;0;1;1;0,923076923;1;1;1;0;0;0;0;1;0;0;0;0;0;0;0;1;0;1;1;-1;-1;1
2829;3;1;1;41;1;1;0;0;0;0;0;0;0;0;1;0;0;0;0;0;21;13;0;0;0;0;0;0;0;1;1;0;0;1;0;0;0;0;0;0;0;0;1;1;1;1;1;-1;1
2830;3;1;6;93;0;0;0;0;0;2;0;0;0;4;1;1;0;0;1;0;26;60;0;0;0;0;1;1;1;1;0;0;0;0;1;0;0;0;0;0;0;0;1;-1;-1;1;-1;-1;1
2831;2;0;3;38;0;0;0;0;0;0;0;0;0;0;1;1;0;0;0;0;9;22;0;0;0;0;0;0;0;1;0;0;0;0;0;0;0;0;0;0;0;0;1;1;1;1;1;1;1
2832;4;1;5;68;1;0;0;0;1;0;0;0;0;0;1;0;0;0;0;0;10;51;0;0;1;0;0;0,166666667;0;1;1;0;1;0;0;0;0;0;0;0;0;1;1;0;1;-1;0;1;1
2833;2;0;5;44;0;0;0;0;0;0;0;0;0;0;1;0;0;0;0;0;12;25;0;1;0;0;0,090909091;0,076923077;0;1;0;0;0;0;0;0;0;0;0;0;0;0;1;1;1;1;1;1;1
2834;5;1;10;205;1;0;0;0;3;0;5;5;1;27;1;1;0;0;1;0;18;63;91;0;0;0;0;0;0;1;1;0;0;0;0;0;0;0;0;0;0;0;1;-1;1;1;1;1;1
2835;5;2;1;93;1;1;0;0;1;0;3;2;0;7;1;0;0;0;0;0;29;14;42;0;1;0;0,888888889;1;0;1;0;0;0;0;1;0;0;0;0;0;0;0;0;-1;-1;1;-1;-1;1
2836;1;0;2;48;0;0;0;0;0;0;0;0;0;16;1;1;0;0;0;0;18;23;0;0;0;0;0;0;0;1;0;0;0;1;0;0;0;0;0;0;0;0;1;1;1;1;1;-1;1
2837;2;0;4;67;2;0;0;0;1;0;0;0;0;0;1;1;0;0;1;0;21;39;0;0;0;0;0;0,333333333;0;1;1;0;0;0;0;0;0;0;0;0;0;0;1;0;1;1;-1;1;1
2838;2;0;2;48;0;0;0;0;0;0;0;0;0;0;1;0;0;0;0;0;19;22;0;0;0;0;0;0;0;1;1;0;0;0;0;0;0;0;0;0;1;0;1;1;1;1;1;1;1
2839;2;0;3;62;0;0;0;0;0;0;0;0;0;0;1;1;0;0;0;0;13;42;0;0;1;1;1;1;0;1;0;0;0;0;1;0;0;0;0;0;0;0;1;0;-1;1;-1;-1;1
2840;2;1;2;56;1;1;0;0;0;0;0;0;0;0;0;1;0;0;0;0;40;8;0;0;0;0;0;0;0;0;1;0;0;1;0;0;0;0;0;0;0;0;1;0;1;1;1;-1;1
2841;4;1;2;42;0;0;0;0;0;0;0;0;0;0;1;0;0;0;0;0;18;17;0;0;1;0;0;1;0;1;0;0;0;1;0;0;0;0;0;0;0;0;1;1;1;1;-1;-1;1
2842;2;0;3;54;2;0;0;0;2;0;0;0;0;1;1;1;0;0;0;0;9;38;0;0;0;0;0;0;0;1;0;0;0;0;1;0;0;0;0;0;0;0;1;0;1;1;1;1;1
2843;7;1;2;81;1;0;0;0;0;0;0;0;0;4;1;1;0;0;1;0;37;37;0;0;0;1;0,923076923;1;1;1;0;1;0;0;1;0;0;0;0;0;0;0;1;-1;1;0;-1;-1;1
2844;2;0;3;54;0;0;0;0;0;0;0;0;0;4;1;1;0;0;1;0;17;30;0;0;0;0;0;0;0;1;1;0;0;1;0;0;0;0;0;0;0;0;1;0;1;1;1;-1;1
2845;3;0;4;96;0;0;0;0;0;0;0;0;0;22;1;1;0;0;1;0;15;74;0;0;0;1;0,923076923;1;0;1;0;0;0;0;1;0;0;0;0;0;0;0;1;-1;1;1;-1;-1;1
2846;2;0;4;53;1;0;0;0;0;0;0;0;0;0;1;1;0;0;0;0;9;37;0;0;0;0;0;0;0;1;0;0;0;0;1;0;0;0;0;0;0;0;1;1;1;1;1;1;1
2847;3;1;3;52;0;0;0;0;0;0;0;0;0;0;1;0;0;0;0;0;21;24;0;0;0;0;0;0;0;1;1;0;0;1;0;0;0;0;0;0;0;0;1;1;1;1;1;-1;1
2848;2;0;5;59;0;0;0;0;1;0;0;0;0;0;1;1;0;0;1;0;13;39;0;0;1;0;0,5;1;1;1;0;0;0;0;1;0;0;0;0;0;0;0;1;0;-1;1;-1;0;1
2849;3;1;5;92;1;0;0;0;1;0;2;0;0;24;1;0;0;0;0;0;10;42;32;0;1;0;0;0,166666667;0;1;1;0;1;0;0;0;0;0;0;0;0;1;1;-1;1;-1;0;1;1
2850;1;0;2;129;0;0;0;0;0;0;1;0;0;11;1;1;0;0;1;0;14;6;101;0;0;0;0;0;0;1;0;0;0;0;0;0;0;0;0;0;0;0;1;-1;1;1;1;1;1
2851;3;1;5;69;2;0;0;0;1;0;0;0;0;0;1;0;0;0;1;0;16;46;0;0;0;1;0,52173913;0,888888889;0;1;0;0;0;0,47826087;1;0;0;0;0;0;0;0;1;0;-1;1;-1;-1;1
2852;2;0;2;38;0;0;0;0;0;0;0;0;0;0;1;0;0;0;0;0;14;17;0;0;0;0;0;1;0;1;1;0;0;1;1;0;0;0;0;0;0;0;1;1;-1;1;-1;-1;1
2853;3;1;2;31;0;0;0;0;0;0;0;0;0;0;1;0;0;0;0;0;10;14;0;0;0;0;0,923076923;1;0;1;0;0;0;0;1;0;0;0;0;0;0;0;1;1;1;1;-1;-1;1
2854;2;0;3;49;0;0;0;0;0;0;0;0;0;0;1;1;0;0;0;0;23;19;0;0;0;0;0,375;1;1;1;0;0;0;0;0;0;0;0;0;0;0;0;1;1;-1;1;-1;0;1
2855;2;0;3;58;1;0;0;0;0;0;0;0;0;0;1;0;0;0;1;0;25;26;0;0;0;0;1;0,095238095;0;1;0;0;0;0;0;0;0;0;0;1;0;0;1;0;1;1;1;-1;1
2856;2;0;2;40;1;1;0;0;0;0;0;0;0;0;1;0;0;0;0;0;15;18;0;0;0;0;0,108108108;1;0;1;0;0;0;0;0;0;0;0;0;0;0;0;1;1;-1;1;-1;1;1
2857;3;1;4;50;0;0;0;0;0;0;0;0;0;0;1;1;0;0;1;0;21;22;0;0;0;0;0;0;0;1;1;0;0;1;0;0;0;0;0;0;0;0;1;1;1;1;1;-1;1
2858;3;1;4;173;0;0;0;0;0;0;1;0;0;20;1;1;0;0;0;0;25;39;101;0;0;0;0;0;0;1;0;0;0;0;0;0;0;0;0;0;0;0;1;-1;1;1;1;1;1
2859;2;0;5;71;1;0;0;0;0;0;0;0;0;4;1;1;0;0;0;0;16;48;0;0;0;0;0;0;0;1;1;0;0;1;0;0;0;0;0;0;0;0;1;0;1;1;1;-1;1
2860;3;0;1;34;0;0;0;0;0;0;0;0;0;1;1;0;0;0;1;0;7;20;0;0;0;1;1;0,95;0;0;0;0;0;0;1;0;0;0;0;1;1;0;1;1;-1;1;-1;-1;1
2861;3;0;4;72;0;0;0;0;0;0;0;0;0;3;1;1;0;0;0;0;27;38;0;0;0;0;0;0;0;1;1;0;0;0;0;0;0;0;0;0;1;0;1;0;1;1;1;1;1
2862;2;0;3;46;0;0;0;0;0;0;0;0;0;0;1;0;0;0;1;0;12;27;0;0;0;0;0;0;0;1;1;0;0;0;0;0;0;0;0;0;1;0;1;1;1;1;1;1;1
2863;3;1;5;61;0;0;0;0;1;0;0;0;0;0;1;0;0;0;1;0;16;38;0;0;0;0;0,52173913;0,888888889;0;1;0;0;0;0,47826087;1;0;0;0;0;0;0;0;1;0;-1;1;-1;-1;1
2864;2;0;2;50;0;0;0;0;0;0;0;0;0;0;1;0;0;0;0;0;19;24;0;0;0;0;0;0;0;1;1;0;0;0;0;0;0;0;0;0;1;0;1;1;1;1;1;1;1
2865;5;0;9;97;0;0;0;0;0;0;0;0;0;4;1;1;0;0;1;0;10;80;0;0;1;0;0;0,222222222;1;1;0;0;0;1;0;0;0;0;0;0;0;0;1;-1;1;1;0;-1;1
2866;2;0;3;56;1;0;0;0;0;0;0;0;0;0;1;0;0;0;0;0;19;30;0;0;0;0;0;1;0;1;1;0;0;1;1;0;0;0;0;0;0;0;1;0;-1;1;-1;-1;1
2867;3;1;3;53;0;0;0;0;0;0;0;0;0;0;1;1;0;0;0;0;27;19;0;0;0;0;0,375;1;1;1;0;0;0;0;0;0;0;0;0;0;0;0;1;1;-1;1;-1;0;1
2868;2;0;2;43;0;0;0;0;0;0;0;0;0;0;1;0;0;0;0;0;23;13;0;0;0;0;1;0,636363636;0;1;0;0;0;0;1;0;0;0;0;0;0;0;1;1;-1;1;0;-1;1
2869;2;0;9;121;3;0;0;0;0;0;0;0;0;0;1;1;0;0;1;0;28;86;0;0;1;0;1;1;0;1;0;0;0;0;1;0;0;0;0;0;0;0;1;-1;-1;1;-1;-1;1
2870;2;0;6;77;1;0;0;0;0;0;0;0;0;10;1;1;0;0;0;0;18;52;0;0;0;0;1;0,142857143;1;1;0;0;0;0;0;0;0;0;0;1;0;0;1;-1;1;1;0;-1;1
2871;2;0;4;69;0;0;0;0;0;0;0;0;0;0;1;1;0;0;1;0;25;37;0;0;2;0;0,75;0,222222222;1;1;0;0;0;0,125;0;0;0;0;0;0;0;0;1;0;1;1;0;-1;1
2872;5;0;2;56;0;0;0;0;0;0;0;0;0;0;1;0;0;0;0;0;13;36;0;0;0;0;0;0;0;1;1;0;0;0;0;0;0;0;0;0;1;0;1;0;1;1;1;1;1
2873;3;1;2;40;0;0;0;0;0;0;0;0;0;2;1;1;0;0;0;0;16;17;0;0;0;0;0;0;0;1;0;0;0;1;0;0;0;0;0;0;0;1;1;1;1;1;1;-1;1
2874;4;1;5;160;2;0;0;0;7;0;2;2;0;4;1;1;0;0;1;0;18;39;95;0;0;0;0;0,2;0;1;1;0;0;0;0;0;0;0;0;0;0;0;1;-1;1;1;0;1;1
2875;2;0;5;51;1;1;0;0;0;0;0;0;0;0;1;0;0;0;1;0;14;30;0;0;0;1;0;1;1;1;0;0;0;0;1;0;0;0;0;0;0;0;1;1;-1;1;-1;1;1
2876;3;1;3;53;1;0;0;0;0;0;0;0;0;4;1;1;0;0;0;0;22;24;0;0;0;0;0,923076923;1;0;1;0;0;0;0;1;0;0;0;0;0;0;0;1;1;1;1;-1;-1;1
2877;2;1;2;58;1;1;0;0;0;0;0;0;0;0;0;1;0;0;0;0;42;8;0;0;0;0;0;0;0;0;1;0;0;1;0;0;0;0;0;0;0;0;1;0;1;1;1;-1;1
2878;4;0;4;97;0;0;0;0;0;0;1;0;0;1;1;0;0;0;1;0;22;43;24;0;1;1;0,923076923;1;0;0;0;1;0;0;1;0;0;0;0;0;0;0;1;-1;1;0;-1;-1;1
2879;2;0;6;203;0;0;0;0;0;0;1;0;0;5;1;1;0;0;0;0;8;41;146;0;0;0;0;0;0;1;0;1;0;0;0;0;0;0;0;0;0;0;1;-1;1;0;1;1;1
2880;3;1;2;57;2;0;0;0;0;0;0;0;0;0;1;0;0;0;1;0;21;29;0;0;1;0;1;0,217391304;0;1;1;0;1;0;0;0;0;0;0;1;0;0;1;0;1;-1;0;-1;1
2881;2;0;4;60;1;0;0;0;1;0;0;0;0;0;1;1;0;0;1;0;9;44;0;0;0;0;0;0;0;1;0;0;0;0;1;0;0;0;0;0;0;0;1;0;1;1;1;1;1
2882;3;0;4;94;3;0;0;0;1;0;0;0;0;4;1;0;0;0;1;0;21;66;0;0;1;1;0,923076923;1;0;1;0;0;0;0;1;0;0;0;0;0;0;0;1;-1;1;1;-1;-1;1
2883;7;5;7;107;1;1;0;0;3;0;0;0;0;11;1;1;0;0;1;0;46;54;0;0;0;0;0,666666667;1;0;1;0;0;0;0,333333333;1;0;0;0;0;0;0;0;-1;-1;-1;1;-1;-1;1
2884;3;0;6;66;0;0;0;0;0;0;0;0;0;0;1;0;0;0;0;0;16;43;0;0;1;0;0;0,285714286;0;1;0;0;0;0;0;0;0;0;0;0;0;0;1;0;1;1;-1;1;1
2885;4;1;2;42;0;0;0;0;0;0;0;0;0;0;1;0;0;0;0;0;18;17;0;0;1;0;0;1;0;1;0;0;0;1;0;0;0;0;0;0;0;0;1;1;1;1;-1;-1;1
2886;2;0;7;78;0;0;0;0;3;0;0;0;0;0;1;1;0;0;1;0;17;54;0;0;0;0;0,666666667;1;0;1;0;0;0;0,333333333;1;0;0;0;0;0;0;0;1;-1;-1;1;-1;-1;1
2887;2;0;4;64;2;1;0;0;0;0;0;0;0;0;1;0;0;0;0;0;17;40;0;0;0;0;1;0,4;1;1;1;0;0;0;1;0;0;0;0;1;0;0;1;0;1;1;0;-1;1
2888;2;0;3;51;1;0;0;0;0;0;0;0;0;0;1;0;0;0;0;0;15;29;0;0;1;0;0,5;1;1;1;0;0;0;0;1;0;0;0;0;0;0;0;1;1;-1;1;-1;0;1
2889;2;0;2;36;0;0;0;0;0;0;0;0;0;0;1;1;0;0;0;0;15;14;0;0;0;0;0;1;0;1;0;0;0;0;1;0;0;0;0;0;0;0;1;1;-1;1;-1;1;1
2890;3;0;4;50;0;0;0;0;0;0;0;0;0;0;1;0;0;0;0;0;18;25;0;0;0;0;0;0;0;1;0;0;0;0;0;0;0;0;0;0;0;0;1;1;1;1;1;1;1
2891;3;1;2;47;0;0;0;0;0;0;0;0;0;3;1;1;0;0;0;0;23;17;0;0;0;0;0;0;0;1;0;0;0;0;0;0;0;0;0;0;0;0;1;1;1;1;1;1;1
2892;2;1;2;53;1;1;0;0;0;0;0;0;0;1;0;1;0;0;0;0;37;8;0;0;0;0;0;0;0;0;1;0;0;1;0;0;0;0;0;0;0;0;1;1;1;1;1;-1;1
2893;2;1;2;33;0;0;0;0;0;0;0;0;0;0;1;0;0;0;0;0;21;5;0;0;0;0;0;0,785714286;0;1;0;0;0;1;1;0;0;0;0;1;0;0;1;1;-1;1;1;-1;1
2894;2;1;2;69;2;2;0;0;0;0;0;0;0;19;1;1;0;1;0;0;28;34;0;0;0;0;0;0,0625;0;1;0;0;0;0;0;0;0;0;0;1;0;0;1;0;1;1;0;1;1
2895;2;1;3;43;0;0;0;0;0;0;0;0;0;0;1;0;0;0;0;0;18;18;0;0;0;0;0;0;0;1;0;0;0;0;0;0;0;0;0;0;1;0;1;1;1;1;1;1;1
2896;4;1;2;40;0;0;0;0;0;0;0;0;0;0;1;0;0;0;1;0;13;20;0;0;1;1;0,993377483;0,044444444;1;1;0;1;0;0,006622517;1;0;0;0;0;0;0;0;1;1;1;0;1;-1;1
2897;2;1;2;69;2;2;0;0;0;0;0;0;0;18;1;1;0;1;0;0;28;34;0;0;0;0;0;0,0625;0;1;0;0;0;0;0;0;0;0;0;1;0;0;1;0;1;1;0;1;1
2898;4;1;3;55;0;0;0;0;0;0;0;0;0;0;1;0;0;0;0;0;23;25;0;0;0;0;0;0;0;1;0;0;0;0;0;0;0;0;0;0;0;0;1;0;1;1;1;1;1
2899;2;1;2;38;1;0;0;0;0;0;0;0;0;0;1;0;0;0;0;0;15;16;0;0;0;0;0;0;0;1;0;0;0;0;0;0;0;0;0;0;0;0;1;1;1;1;1;1;1
2900;3;1;13;117;1;0;0;0;0;0;0;0;0;0;1;1;0;0;1;0;20;90;0;0;1;0;0;0;0;1;0;0;0;0;0;0;0;0;0;0;0;0;1;-1;1;1;1;1;1
2901;2;1;4;56;1;0;0;0;0;0;0;0;0;0;1;1;0;0;0;0;20;29;0;0;0;0;0,5;0;0;1;0;0;0;0,5;0;0;0;0;0;1;0;0;1;0;1;1;1;-1;1
2902;2;1;2;39;1;0;0;0;0;0;0;0;0;0;0;0;0;0;0;0;15;16;0;0;0;0;0;0;0;0;0;0;0;0;0;0;0;0;0;0;0;0;1;1;1;1;1;1;1
2903;2;0;4;62;1;0;0;0;0;0;0;0;0;0;1;1;0;0;0;0;16;39;0;0;0;0;0,5;0;0;1;0;0;0;0,5;0;0;0;0;0;1;0;0;1;0;1;1;1;-1;1
2904;2;1;3;44;0;0;0;0;0;0;0;0;0;0;1;0;0;0;0;0;21;16;0;0;0;0;0;0,071428571;0;1;0;0;0;1;0;0;0;0;0;1;0;0;1;1;1;1;1;-1;1
2905;2;1;6;60;1;0;0;0;0;0;0;0;0;1;1;0;0;0;0;0;20;33;0;0;0;0;0;0;0;1;0;0;0;0;0;0;0;0;0;0;0;0;1;0;1;1;1;1;1
2906;2;1;4;42;0;0;0;0;0;0;0;0;0;1;1;0;0;0;1;0;15;20;0;0;0;0;0;0;0;1;0;0;0;0;0;0;0;0;0;0;0;0;1;1;1;1;1;1;1
2907;3;1;8;118;0;0;0;0;0;0;0;3;0;1;1;1;0;0;1;0;14;97;0;0;0;0;0;0;0;1;1;0;0;0;0;0;0;0;0;0;0;0;1;-1;1;1;1;1;1
2908;3;1;2;41;0;0;0;0;0;0;0;0;0;0;1;0;0;0;0;0;23;11;0;0;0;0;0;0,785714286;0;1;0;0;0;1;1;0;0;0;0;1;0;0;1;1;-1;1;1;-1;1
2909;3;1;3;80;1;0;0;0;0;4;0;0;0;8;1;1;0;0;1;0;19;54;0;0;0;0;0;0,071428571;1;1;0;0;0;0;0;0;0;0;0;0;0;0;1;-1;1;1;1;1;1
2910;2;1;5;84;1;0;0;0;0;0;0;0;0;25;1;1;0;0;1;0;21;56;0;0;0;0;0;0;0;1;0;0;0;0;0;0;0;0;0;0;0;0;1;-1;1;1;1;1;1
2911;2;1;8;60;0;0;0;0;0;0;0;0;0;0;1;1;0;0;0;0;21;32;0;0;0;0;0;0;0;1;0;0;0;0;0;0;0;0;0;0;0;0;1;0;1;1;1;1;1
2912;2;1;10;68;0;0;0;0;0;0;0;0;0;0;1;1;0;0;0;0;21;40;0;0;0;0;0;0;0;1;0;0;0;0;0;0;0;0;0;0;0;0;1;0;1;1;1;1;1
2913;2;1;4;40;0;0;0;0;0;0;0;0;0;0;1;0;0;0;1;0;15;18;0;0;0;0;0;0;0;1;0;0;0;0;0;0;0;0;0;0;0;0;1;1;1;1;1;1;1
2914;2;1;4;52;0;0;0;0;0;0;0;0;0;0;1;1;0;0;0;0;19;26;0;0;0;0;0;0,785714286;0;1;0;0;0;1;1;0;0;0;0;1;0;0;1;1;-1;1;1;-1;1
2915;2;1;5;61;0;0;0;0;0;0;0;0;0;0;1;0;0;0;1;0;25;29;0;0;0;0;0;0;0;1;0;0;0;0;0;0;0;0;0;0;0;0;1;0;1;1;1;1;1
2916;2;1;3;55;1;1;0;0;0;0;0;0;0;1;1;1;0;0;0;0;24;24;0;0;0;0;0,5;0,017241379;0;1;0;0;0;0,5;0;0;0;0;0;0;0;0;1;0;1;1;1;-1;1
2917;3;1;2;55;1;0;0;0;0;2;0;0;0;4;1;1;0;0;0;0;21;27;0;0;0;0;1;1;0;1;0;0;0;0;1;0;0;0;0;0;0;0;1;0;-1;1;-1;-1;1
2918;3;1;2;40;0;0;0;0;0;0;0;0;0;3;1;0;0;0;0;0;22;11;0;0;0;0;0;0,153846154;0;1;0;0;0;0;0;0;0;0;0;0;0;0;1;1;1;1;1;1;1
2919;2;1;0;27;0;0;0;0;0;0;0;0;0;0;1;1;0;0;0;0;19;1;0;0;0;0;1;1;0;1;0;0;0;0;1;0;0;0;0;1;0;0;1;1;-1;1;-1;-1;1
2920;3;1;2;38;0;0;0;0;0;0;0;0;0;1;1;0;0;0;0;0;22;9;0;0;0;0;0;0,153846154;0;1;0;0;0;0;0;0;0;0;0;0;0;0;1;1;1;1;1;1;1
2921;2;1;4;51;1;0;0;0;0;0;0;0;0;0;1;1;0;0;0;0;20;24;0;0;0;0;0,5;0;0;1;0;0;0;0,5;0;0;0;0;0;1;0;0;1;1;1;1;1;-1;1
2922;3;1;2;39;0;0;0;0;0;0;0;0;0;2;1;0;0;0;0;0;22;10;0;0;0;0;0;0,153846154;0;1;0;0;0;0;0;0;0;0;0;0;0;0;1;1;1;1;1;1;1
2923;3;1;2;45;0;0;0;0;0;0;0;0;0;0;1;0;0;0;0;0;20;18;0;0;0;0;1;1;0;1;0;0;0;0;1;0;0;0;0;1;0;0;1;1;-1;1;-1;-1;1
2924;2;1;4;51;0;0;0;0;0;0;0;0;0;0;1;1;0;0;1;0;27;17;0;0;0;0;0;0;0;1;0;0;0;0;0;0;0;0;0;0;0;0;1;1;1;1;1;1;1
2925;2;1;3;50;0;0;0;0;0;0;0;0;0;0;1;0;0;0;0;0;28;15;0;0;0;0;0;0;0;1;0;0;0;0;0;0;0;0;0;0;0;0;1;1;1;1;1;1;1
2926;16;14;8;159;0;0;0;0;0;0;0;0;0;0;1;1;0;1;0;0;115;37;0;0;2;0;0;0;0;1;0;0;0;0;0;0;0;0;0;0;0;0;-1;-1;1;1;1;1;1
2927;3;1;3;47;0;0;0;0;0;0;0;0;0;1;1;0;0;0;0;0;21;19;0;0;0;0;0,833333333;0,263157895;1;1;0;0;0;0;0;0;0;0;0;1;0;0;1;1;1;1;0;-1;1
2928;2;1;2;36;1;0;0;0;0;0;0;0;0;0;1;0;0;0;1;0;22;7;0;0;0;0;0;0,083333333;0;1;0;0;0;0;0;0;0;0;0;0;0;0;1;1;1;1;1;1;1
2929;2;1;4;51;1;0;0;0;0;0;0;0;0;0;1;1;0;0;0;0;20;24;0;0;0;0;0,5;0;0;1;0;0;0;0,5;0;0;0;0;0;1;0;0;1;1;1;1;1;-1;1
2930;2;1;2;42;0;0;0;0;0;0;0;0;0;3;1;0;0;0;0;0;27;8;0;0;0;0;0;0,153846154;0;1;0;0;0;0;0;0;0;0;0;0;0;0;1;1;1;1;1;1;1
2931;2;1;3;38;0;0;0;0;0;0;0;0;0;0;1;0;0;0;1;0;17;14;0;0;0;0;0;0;0;1;0;0;0;0;0;0;0;0;0;0;0;0;1;1;1;1;1;1;1
2932;2;1;3;43;1;0;0;0;0;0;0;0;0;0;1;0;0;0;1;0;17;19;0;0;0;0;0;0;0;1;0;0;0;0;0;0;0;0;0;0;0;0;1;1;1;1;1;1;1
2933;3;1;7;104;2;0;0;0;0;0;0;0;0;27;1;1;0;0;0;0;15;82;0;0;1;0;0,909090909;0,625;0;1;0;0;0;0,090909091;1;0;0;0;0;0;0;0;1;-1;0;1;0;-1;1
2934;3;1;7;104;2;0;0;0;0;0;0;0;0;20;1;1;0;0;0;0;15;82;0;0;1;0;0,909090909;0,625;0;1;0;0;0;0,090909091;1;0;0;0;0;0;0;0;1;-1;0;1;0;-1;1
2935;2;1;4;73;0;0;0;0;0;0;0;0;0;22;1;1;0;0;0;0;18;48;0;0;0;0;1;1;0;1;0;0;0;0;1;0;0;0;0;0;0;0;1;0;-1;1;-1;-1;1
2936;2;1;5;60;0;0;0;0;1;0;0;0;0;2;1;0;0;0;1;0;14;39;0;0;0;0;0;0,142857143;0;1;0;1;0;1;0;0;0;0;0;0;0;0;1;0;0;0;1;-1;1
2937;2;1;3;43;0;0;0;0;0;0;0;0;0;0;1;0;0;0;0;0;21;15;0;0;0;0;0;0;0;1;0;0;0;0;0;0;0;0;0;0;0;0;1;1;1;1;1;1;1
2938;2;1;4;43;0;0;0;0;0;0;0;0;0;1;1;0;0;0;0;0;21;15;0;0;0;0;0;0,785714286;0;1;0;0;0;1;1;0;0;0;0;1;0;0;1;1;-1;1;1;-1;1
2939;2;1;4;43;0;0;0;0;0;0;0;0;0;1;1;0;0;0;0;0;21;15;0;0;0;0;0;0,785714286;0;1;0;0;0;1;1;0;0;0;0;1;0;0;1;1;-1;1;1;-1;1
2940;3;1;3;69;0;0;0;0;0;0;0;0;0;0;1;1;0;0;0;0;25;37;0;0;0;0;0;0;0;1;1;0;0;0;0;0;0;0;0;0;1;0;1;0;1;1;1;1;1
2941;3;2;0;66;7;7;0;0;0;0;0;0;0;0;1;1;0;1;0;0;58;1;0;0;1;1;0,91416309;0,098039216;0;1;0;1;0;0,008583691;1;0;0;0;0;1;0;0;0;0;1;0;0;-1;1
2942;2;1;4;73;0;0;0;0;0;0;0;0;0;21;1;1;0;0;0;0;18;48;0;0;0;0;1;1;0;1;0;0;0;0;1;0;0;0;0;0;0;0;1;0;-1;1;-1;-1;1
2943;2;1;4;73;0;0;0;0;0;0;0;0;0;21;1;1;0;0;0;0;18;48;0;0;0;0;1;1;0;1;0;0;0;0;1;0;0;0;0;0;0;0;1;0;-1;1;-1;-1;1
2944;2;1;4;73;0;0;0;0;0;0;0;0;0;21;1;1;0;0;0;0;18;48;0;0;0;0;1;1;0;1;0;0;0;0;1;0;0;0;0;0;0;0;1;0;-1;1;-1;-1;1
2945;3;1;5;78;1;0;0;0;0;0;0;0;0;0;1;0;0;0;1;0;30;41;0;0;0;0;0,972677596;0,085106383;0;1;0;1;0;0;1;0;0;0;0;0;0;0;1;-1;1;0;1;-1;1
2946;3;1;5;85;1;0;0;0;0;0;0;0;0;0;1;0;0;0;0;0;30;48;0;0;0;0;0,6;0;0;1;0;0;0;0;0;0;0;0;0;0;0;0;1;-1;1;1;1;0;1
2947;2;1;4;73;0;0;0;0;0;0;0;0;0;23;1;1;0;0;0;0;18;48;0;0;0;0;1;1;0;1;0;0;0;0;1;0;0;0;0;0;0;0;1;0;-1;1;-1;-1;1
2948;2;1;4;73;0;0;0;0;0;0;0;0;0;21;1;1;0;0;0;0;18;48;0;0;0;0;1;1;0;1;0;0;0;0;1;0;0;0;0;0;0;0;1;0;-1;1;-1;-1;1
2949;2;1;4;73;0;0;0;0;0;0;0;0;0;22;1;1;0;0;0;0;18;48;0;0;0;0;1;1;0;1;0;0;0;0;1;0;0;0;0;0;0;0;1;0;-1;1;-1;-1;1
2950;3;1;5;88;1;0;0;0;0;0;0;0;0;0;1;0;0;0;0;0;30;51;0;0;0;0;0,75;0;0;1;0;0;0;0;0;0;0;0;0;0;0;0;1;-1;1;1;1;-1;1
2951;2;1;3;48;0;0;0;0;0;0;0;0;0;0;1;1;0;0;1;0;22;19;0;0;0;0;0;0,785714286;0;1;0;0;0;1;1;0;0;0;0;1;0;0;1;1;-1;1;1;-1;1
2952;2;1;4;73;0;0;0;0;0;0;0;0;0;21;1;1;0;0;0;0;18;48;0;0;0;0;1;1;0;1;0;0;0;0;1;0;0;0;0;0;0;0;1;0;-1;1;-1;-1;1
2953;2;1;4;73;0;0;0;0;0;0;0;0;0;22;1;1;0;0;0;0;18;48;0;0;0;0;1;1;0;1;0;0;0;0;1;0;0;0;0;0;0;0;1;0;-1;1;-1;-1;1
2954;2;1;4;73;0;0;0;0;0;0;0;0;0;16;1;1;0;0;0;0;18;48;0;0;0;0;1;1;0;1;0;0;0;0;1;0;0;0;0;0;0;0;1;0;-1;1;-1;-1;1
2955;2;1;4;73;0;0;0;0;0;0;0;0;0;23;1;1;0;0;0;0;18;48;0;0;0;0;1;1;0;1;0;0;0;0;1;0;0;0;0;0;0;0;1;0;-1;1;-1;-1;1
2956;2;1;4;47;0;0;0;0;0;0;0;0;0;0;1;1;0;0;0;0;19;21;0;0;0;0;0;0,785714286;0;1;0;0;0;1;1;0;0;0;0;1;0;0;1;1;-1;1;1;-1;1
2957;2;1;4;73;0;0;0;0;0;0;0;0;0;26;1;1;0;0;0;0;18;48;0;0;0;0;1;1;0;1;0;0;0;0;1;0;0;0;0;0;0;0;1;0;-1;1;-1;-1;1
2958;2;1;3;68;0;0;0;0;0;0;0;0;0;16;1;1;0;0;0;0;20;41;0;0;0;0;0;0,142857143;1;1;0;0;0;1;0;0;0;0;0;0;0;0;1;0;1;1;0;-1;1
2959;2;1;3;68;1;1;0;0;0;0;0;0;0;20;1;1;0;0;1;0;21;40;0;0;0;0;0,055555556;0,090909091;0;1;1;0;0;0,944444444;0;0;1;0;0;1;0;0;1;0;1;1;1;-1;1
2960;2;1;3;68;1;1;0;0;0;0;0;0;0;22;1;1;0;0;1;0;21;40;0;0;0;0;0,055555556;0,090909091;0;1;1;0;0;0,944444444;0;0;1;0;0;1;0;0;1;0;1;1;1;-1;1
2961;2;1;3;68;1;1;0;0;0;0;0;0;0;23;1;1;0;0;1;0;21;40;0;0;0;0;0,055555556;0,090909091;0;1;1;0;0;0,944444444;0;0;1;0;0;1;0;0;1;0;1;1;1;-1;1
2962;2;1;3;68;1;1;0;0;0;0;0;0;0;20;1;1;0;0;1;0;21;40;0;0;0;0;0,055555556;0,090909091;0;1;1;0;0;0,944444444;0;0;1;0;0;1;0;0;1;0;1;1;1;-1;1
2963;3;1;8;191;4;1;0;0;0;0;1;0;0;65;1;1;0;0;1;0;20;126;37;0;0;0;0;0,041666667;1;1;0;0;0;0;0;0;0;0;0;0;0;0;1;-1;1;1;0;1;1
2964;3;1;8;153;3;1;0;0;0;0;0;0;0;41;1;1;0;0;1;0;20;126;0;0;0;0;0;0,041666667;1;1;0;0;0;0;0;0;0;0;0;0;0;0;1;-1;1;1;0;1;1
2965;3;1;8;153;3;1;0;0;0;0;0;0;0;48;1;1;0;0;1;0;20;126;0;0;0;0;0;0,041666667;1;1;0;0;0;0;0;0;0;0;0;0;0;0;1;-1;1;1;0;1;1
2966;3;1;8;153;3;1;0;0;0;0;0;0;0;46;1;1;0;0;1;0;20;126;0;0;0;0;0;0,041666667;1;1;0;0;0;0;0;0;0;0;0;0;0;0;1;-1;1;1;0;1;1
2967;3;1;8;191;4;1;0;0;0;0;1;0;0;74;1;1;0;0;1;0;20;126;37;0;0;0;0;0,041666667;1;1;0;0;0;0;0;0;0;0;0;0;0;0;1;-1;1;1;0;1;1
2968;3;1;8;153;3;1;0;0;0;0;0;0;0;46;1;1;0;0;1;0;20;126;0;0;0;0;0;0,041666667;1;1;0;0;0;0;0;0;0;0;0;0;0;0;1;-1;1;1;0;1;1
2969;2;1;3;68;0;0;0;0;0;0;0;0;0;20;1;1;0;0;0;0;20;41;0;0;0;0;0;0,142857143;1;1;0;0;0;1;0;0;0;0;0;0;0;0;1;0;1;1;0;-1;1
2970;2;1;3;68;0;0;0;0;0;0;0;0;0;16;1;1;0;0;0;0;20;41;0;0;0;0;0;0,142857143;1;1;0;0;0;1;0;0;0;0;0;0;0;0;1;0;1;1;0;-1;1
2971;2;1;4;66;1;0;0;0;0;0;0;0;0;0;1;0;0;0;0;0;32;27;0;0;0;0;0;0;0;1;0;0;0;0;0;0;0;0;0;0;0;0;1;0;1;1;1;1;1
2972;2;1;4;44;0;0;0;0;0;0;0;0;0;0;1;1;0;0;0;0;24;13;0;0;0;0;0;0;0;1;0;0;0;0;0;0;0;0;0;0;0;0;1;1;1;1;1;1;1
2973;6;4;4;61;0;0;0;0;0;0;0;0;0;0;1;0;0;1;1;0;27;27;0;0;2;0;0,785714286;0,058823529;0;1;0;0;0;0;0;0;0;0;0;0;0;0;-1;0;1;1;0;-1;1
2974;1;0;4;47;0;0;0;0;0;0;0;0;0;0;1;1;0;0;1;0;23;17;0;0;0;0;0;0;0;1;0;0;0;0;0;0;0;0;0;0;0;0;1;1;1;1;1;1;1
2975;2;1;3;68;1;1;0;0;0;0;0;0;0;16;1;1;0;0;1;0;21;40;0;0;0;0;0,055555556;0,090909091;0;1;1;0;0;0,944444444;0;0;1;0;0;1;0;0;1;0;1;1;1;-1;1
2976;3;1;8;153;3;1;0;0;0;0;0;0;0;44;1;1;0;0;1;0;20;126;0;0;0;0;0;0,041666667;1;1;0;0;0;0;0;0;0;0;0;0;0;0;1;-1;1;1;0;1;1
2977;3;1;8;191;4;1;0;0;0;0;1;0;0;73;1;1;0;0;1;0;20;126;37;0;0;0;0;0,041666667;1;1;0;0;0;0;0;0;0;0;0;0;0;0;1;-1;1;1;0;1;1
2978;2;1;3;68;1;1;0;0;0;0;0;0;0;19;1;1;0;0;1;0;21;40;0;0;0;0;0,055555556;0,090909091;0;1;1;0;0;0,944444444;0;0;1;0;0;1;0;0;1;0;1;1;1;-1;1
2979;2;1;3;68;0;0;0;0;0;0;0;0;0;20;1;1;0;0;0;0;20;41;0;0;0;0;0;0,142857143;1;1;0;0;0;1;0;0;0;0;0;0;0;0;1;0;1;1;0;-1;1
2980;1;0;3;44;0;0;0;0;0;0;0;0;0;0;1;1;0;0;1;0;18;19;0;0;0;0;0;0,785714286;0;1;0;0;0;1;1;0;0;0;0;1;0;0;1;1;-1;1;1;-1;1
2981;2;1;3;68;1;1;0;0;0;0;0;0;0;20;1;1;0;0;1;0;21;40;0;0;0;0;0,055555556;0,090909091;0;1;1;0;0;0,944444444;0;0;1;0;0;1;0;0;1;0;1;1;1;-1;1
2982;3;1;8;153;3;1;0;0;0;0;0;0;0;45;1;1;0;0;1;0;20;126;0;0;0;0;0;0,041666667;1;1;0;0;0;0;0;0;0;0;0;0;0;0;1;-1;1;1;0;1;1
2983;3;1;8;191;4;1;0;0;0;0;1;0;0;59;1;1;0;0;1;0;20;126;37;0;0;0;0;0,041666667;1;1;0;0;0;0;0;0;0;0;0;0;0;0;1;-1;1;1;0;1;1
2984;3;1;2;38;0;0;0;0;0;0;0;0;0;0;1;0;0;0;0;0;26;5;0;0;0;0;0,6;0,055555556;1;1;0;0;0;0,4;0;0;0;0;0;1;0;0;1;1;1;1;0;-1;1
2985;2;1;7;68;1;0;0;0;0;0;0;0;0;0;1;0;0;0;0;0;12;49;0;0;0;0;0;0;0;1;0;0;0;0;0;0;0;0;0;0;0;0;1;0;1;1;1;1;1
2986;2;1;3;91;1;1;0;0;0;0;0;0;0;41;1;0;0;0;0;0;23;14;46;0;1;0;0;0;0;1;1;0;0;0;0;0;0;0;0;0;0;0;1;-1;1;1;1;1;1
2987;2;1;3;30;0;0;0;0;0;0;0;0;0;0;1;0;0;0;1;0;13;10;0;0;0;0;0;0;0;1;0;0;0;0;0;0;0;0;0;0;0;0;1;1;1;1;1;1;1
2988;3;1;2;37;1;0;0;0;0;0;0;0;0;0;1;1;0;0;1;0;13;17;0;0;0;0;0;0;0;1;0;0;0;1;0;0;0;0;0;0;0;0;1;1;1;1;1;-1;1
2989;3;1;5;60;0;0;0;0;0;0;0;0;0;0;1;0;0;0;0;0;16;37;0;0;1;0;0;0;0;1;0;0;0;0;0;0;0;0;0;0;0;0;1;0;1;1;1;1;1
2990;3;1;8;153;3;1;0;0;0;0;0;0;0;49;1;1;0;0;1;0;20;126;0;0;0;0;0;0,041666667;1;1;0;0;0;0;0;0;0;0;0;0;0;0;1;-1;1;1;0;1;1
2991;2;1;8;75;1;1;0;0;0;0;0;0;0;0;1;1;0;0;1;0;18;50;0;0;0;0;0;0;0;1;0;0;0;0;0;0;0;0;0;0;0;0;1;0;1;1;1;1;1
2992;2;1;7;61;1;0;0;0;0;0;0;0;0;0;1;1;0;0;0;0;15;39;0;0;0;0;0;0;0;1;0;0;0;0;0;0;0;0;0;0;0;0;1;0;1;1;1;1;1
2993;2;1;3;40;0;0;0;0;0;0;0;0;0;0;1;1;0;0;0;0;17;16;0;0;0;0;0;0;0;1;0;0;0;0;0;0;0;0;0;0;0;0;1;1;1;1;1;1;1
2994;2;1;7;160;1;1;0;0;1;0;0;0;0;47;1;1;0;0;0;0;27;71;54;0;0;0;0;0;0;1;1;0;1;0;0;0;0;0;0;0;0;0;1;-1;1;-1;1;1;1
2995;2;1;2;41;0;0;0;0;0;0;0;0;0;0;1;0;0;0;0;0;29;5;0;0;0;0;0,777777778;0,222222222;0;1;0;0;0;0,222222222;0;0;0;0;0;1;0;0;1;1;1;1;0;-1;1
2996;2;1;5;84;1;0;0;0;0;0;0;0;0;30;1;1;0;0;1;0;21;56;0;0;0;0;0;0;0;1;0;0;0;0;0;0;0;0;0;0;0;0;1;-1;1;1;1;1;1
2997;2;1;2;43;0;0;0;0;0;0;0;0;0;0;1;0;0;0;0;0;31;5;0;0;0;0;0,777777778;0,222222222;0;1;0;0;0;0,222222222;0;0;0;0;0;1;0;0;1;1;1;1;0;-1;1
2998;2;1;10;113;0;0;0;0;1;0;0;0;0;19;1;1;0;0;1;0;26;80;0;0;0;0;0;0;0;1;0;0;0;0;0;0;0;0;0;0;0;0;1;-1;1;1;1;1;1
2999;3;1;3;46;0;0;0;0;0;0;0;0;0;1;1;0;0;0;0;0;21;18;0;0;0;0;0;0;0;1;0;0;0;1;0;0;0;0;0;1;0;0;1;1;1;1;1;-1;1
3000;4;2;3;64;4;4;0;0;0;0;0;0;0;9;1;0;0;0;1;0;35;22;0;0;1;0;0,375;0;0;1;0;0;0;0,5625;0;0;0;0;0;0;0;0;0;0;1;1;1;-1;1
3001;2;1;5;52;1;0;0;0;0;0;0;0;0;0;1;1;0;0;1;0;17;28;0;0;0;0;0;0;0;1;0;0;0;0;0;0;0;0;0;0;0;0;1;1;1;1;1;1;1
3002;6;4;4;61;0;0;0;0;0;0;0;0;0;0;1;0;0;1;1;0;27;27;0;0;2;0;0,785714286;0,058823529;0;1;0;0;0;0;0;0;0;0;0;0;0;0;-1;0;1;1;0;-1;1
3003;2;1;4;57;2;0;0;0;1;0;0;0;0;0;1;0;0;0;1;0;24;26;0;0;0;0;0;0;0;1;0;0;0;0;0;0;0;0;0;0;0;0;1;0;1;1;1;1;1
3004;3;1;2;43;1;0;0;0;0;0;0;0;0;0;1;0;0;0;0;0;26;10;0;0;0;0;0;0,142857143;1;1;1;0;0;0;0;0;0;0;0;0;0;0;1;1;1;1;-1;1;1
3005;2;1;5;92;1;0;0;0;0;0;0;0;0;17;1;1;0;0;0;0;29;56;0;0;0;0;0;0,785714286;0;1;0;0;0;1;1;0;0;0;0;1;0;0;1;-1;-1;1;1;-1;1
3006;3;1;7;104;2;0;0;0;0;0;0;0;0;23;1;1;0;0;0;0;15;82;0;0;1;0;0,909090909;0,625;0;1;0;0;0;0,090909091;1;0;0;0;0;0;0;0;1;-1;0;1;0;-1;1
3007;3;1;7;104;2;0;0;0;0;0;0;0;0;21;1;1;0;0;0;0;15;82;0;0;1;0;0,909090909;0,625;0;1;0;0;0;0,090909091;1;0;0;0;0;0;0;0;1;-1;0;1;0;-1;1
3008;2;1;2;28;0;0;0;0;0;0;0;0;0;0;1;0;0;0;0;0;14;7;0;0;0;0;0,166666667;1;0;1;1;0;1;0,722222222;1;0;0;0;0;0;0;0;1;1;-1;-1;-1;-1;1
3009;2;1;3;41;0;0;0;0;0;0;0;0;0;0;1;0;0;0;0;0;23;11;0;0;0;0;0;0,074074074;1;1;0;0;0;0;0;0;0;0;0;0;0;0;1;1;1;1;1;1;1
3010;2;1;5;65;1;0;0;0;0;0;0;0;0;2;1;0;0;0;0;0;18;40;0;0;0;0;0;0;0;0;0;0;0;0;1;0;0;0;0;0;1;0;1;0;1;1;1;1;1
3011;1;0;5;61;1;0;0;0;0;0;0;0;0;2;1;0;0;0;0;0;14;40;0;0;0;0;0;0;0;1;0;0;0;1;0;0;0;0;0;1;0;0;1;0;1;1;1;-1;1
3012;3;1;4;150;13;0;0;0;0;0;0;0;0;13;1;1;0;0;1;0;22;121;0;0;0;0;0;0;0;0;0;0;0;0;0;0;0;0;0;1;0;0;1;-1;1;1;1;1;1
3013;2;1;3;39;1;1;0;0;0;0;0;0;0;0;1;0;0;0;1;0;20;12;0;0;0;0;0;0,0625;0;1;0;0;0;0;0;0;0;0;0;1;0;0;1;1;1;1;0;1;1
3014;2;1;6;98;4;4;0;0;0;0;0;0;0;0;1;0;0;1;1;0;53;38;0;0;2;0;0;0;0;1;0;0;0;0;0;0;0;0;0;0;0;0;1;-1;1;1;1;1;1
3015;6;1;4;81;0;0;0;0;1;0;0;0;0;3;1;1;0;0;1;0;17;57;0;0;0;0;0;0;0;0;0;0;0;0;1;0;0;0;0;0;1;0;1;-1;1;1;1;1;1
3016;2;1;4;86;0;0;0;0;0;0;0;4;0;5;1;1;0;0;1;0;18;61;0;0;0;0;0;0;0;0;0;0;0;0;0;0;0;0;0;1;0;0;1;-1;1;1;1;1;1
3017;3;1;4;63;0;0;0;0;0;0;0;0;0;0;1;0;0;0;0;0;20;36;0;0;1;0;0,916666667;0,857142857;0;1;0;0;0;0,083333333;1;0;0;0;0;0;0;0;1;0;-1;1;-1;-1;1
3018;3;1;2;54;0;0;0;0;0;0;0;0;0;0;1;1;0;0;0;0;19;28;0;0;1;0;0,944444444;0;0;1;1;1;1;0,055555556;1;0;0;0;0;0;0;0;1;0;1;0;1;-1;1
3019;6;5;2;68;2;2;0;0;0;0;0;0;0;0;1;1;0;1;0;0;47;14;0;0;0;0;0,25;0,075757576;0;1;1;0;1;0,5;0;0;0;0;0;0;0;0;-1;0;1;-1;1;-1;1
3020;4;1;2;55;1;0;0;0;0;0;0;0;0;0;1;0;0;0;0;0;17;31;0;0;0;0;1;1;0;1;0;1;0;0;1;0;0;0;0;1;1;0;1;0;-1;0;1;-1;1
3021;2;1;3;42;0;0;0;0;0;0;0;0;0;0;1;0;0;0;0;0;21;14;0;0;0;0;0;0;0;1;0;0;0;0;0;0;0;0;0;0;0;0;1;1;1;1;1;1;1
3022;7;1;6;192;6;0;0;0;0;0;0;0;0;42;1;1;0;0;1;0;29;156;0;0;2;0;0,818181818;0,173913044;1;1;0;0;0;0,090909091;0;0;0;0;0;1;0;0;1;-1;1;1;0;-1;1
3023;1;0;4;66;1;1;0;0;0;0;0;0;0;16;1;1;0;0;0;0;17;42;0;0;0;0;0;0;0;1;0;0;0;0;0;0;0;0;0;0;0;0;1;0;1;1;1;1;1
3024;2;1;3;64;0;0;0;0;0;0;0;0;0;21;1;1;0;0;1;0;18;39;0;0;0;0;0;0,923076923;0;1;0;0;0;0;1;0;0;0;0;0;0;0;1;0;-1;1;1;1;1
3025;3;1;4;50;0;0;0;0;0;0;0;0;0;0;1;0;0;0;0;0;17;26;0;0;0;0;0;0,083333333;0;1;0;0;0;0;0;0;0;0;0;0;0;0;1;1;1;1;-1;1;1
3026;2;1;4;52;0;0;0;0;0;0;0;0;0;0;1;0;0;0;0;0;20;25;0;0;0;0;0;0,111111111;1;1;0;0;0;0;0;0;0;0;0;1;0;0;1;1;1;1;0;1;1
3027;5;4;4;103;1;1;0;0;0;0;0;0;0;15;1;1;0;1;0;0;47;49;0;0;0;0;0;0;0;1;1;0;0;1;0;0;0;0;0;0;0;0;-1;-1;1;1;1;-1;1
3028;2;1;5;84;1;0;0;0;0;0;0;0;0;19;1;1;0;0;1;0;21;56;0;0;0;0;0;0;0;1;0;0;0;0;0;0;0;0;0;0;0;0;1;-1;1;1;1;1;1
3029;3;1;7;126;1;0;0;0;0;0;0;0;0;41;1;1;0;0;0;0;14;105;0;0;0;1;0;0;0;1;1;0;0;1;0;0;0;0;0;0;0;0;1;-1;1;1;1;-1;1
3030;3;1;6;104;2;1;0;0;0;0;0;0;0;19;1;1;0;0;0;0;26;71;0;0;0;0;0;0,785714286;0;1;0;0;0;1;1;0;0;0;0;1;0;0;1;-1;-1;1;1;-1;1
3031;2;1;4;72;3;0;0;0;0;0;0;0;0;5;1;1;0;0;1;0;22;43;0;0;0;0;0;0;0;1;0;0;0;1;0;0;0;0;0;0;0;0;1;0;1;1;1;-1;1
3032;3;1;3;65;1;0;0;0;1;0;0;0;0;0;1;0;0;0;0;0;13;45;0;0;0;0;1;0,875;0;1;0;0;0;0;1;0;0;0;0;0;0;0;1;0;0;1;-1;-1;1
3033;3;2;3;43;0;0;0;0;0;0;0;0;0;1;1;1;0;0;0;0;24;12;0;0;0;0;0,1;0;0;1;0;0;0;0,7;0;0;0;0;0;0;0;0;0;1;1;1;1;-1;1
3034;3;1;6;123;2;0;0;0;0;4;0;0;0;8;1;1;0;0;0;0;21;95;0;0;0;0;1;0;0;1;0;0;0;0;0;0;0;0;0;0;0;0;1;-1;1;1;1;-1;1
3035;2;1;3;48;0;0;0;0;0;0;0;0;0;0;1;1;0;0;0;0;24;17;0;0;0;0;0;0,142857143;0;1;0;0;0;0;0;0;0;0;0;0;0;0;1;1;1;1;0;1;1
3036;2;1;5;45;0;0;0;0;0;0;0;0;0;1;1;0;0;0;0;0;22;16;0;0;0;0;1;1;1;1;0;0;0;0;1;0;0;0;0;0;0;0;1;1;-1;1;-1;-1;1
3037;3;1;5;58;0;0;0;0;0;0;0;0;0;0;1;0;0;0;1;0;16;35;0;0;1;0;0;0;0;1;0;0;0;0;0;0;0;0;0;0;0;1;1;0;1;1;1;1;1
3038;2;1;3;35;0;0;0;0;0;0;0;0;0;0;1;1;0;0;0;0;15;13;0;0;0;0;0;0,153846154;0;1;0;0;0;0;0;0;0;0;0;0;0;0;1;1;1;1;1;1;1
3039;2;1;5;75;0;0;0;0;0;0;0;0;0;17;1;1;0;0;0;0;17;51;0;0;0;0;0;0;0;1;0;0;0;0;0;0;0;0;0;0;0;0;1;0;1;1;1;1;1
3040;2;1;3;35;0;0;0;0;0;0;0;0;0;0;1;1;0;0;1;0;18;10;0;0;0;0;0;0,785714286;0;1;0;0;0;1;1;0;0;0;0;1;0;0;1;1;-1;1;1;-1;1
3041;2;1;6;53;0;0;0;0;0;0;0;0;0;0;1;1;0;0;1;0;13;33;0;0;0;0;0;0,166666667;1;1;0;0;0;0;0;0;0;0;0;0;0;0;1;1;1;1;0;1;1
3042;7;5;2;178;6;6;0;0;0;0;0;0;0;68;1;1;0;1;0;0;137;34;0;0;1;1;0,909090909;0,2;1;1;0;0;0;0,090909091;1;0;0;0;0;0;0;0;-1;-1;1;1;0;-1;1
3043;5;1;3;62;0;0;0;0;0;0;0;0;0;0;1;0;0;0;0;0;29;26;0;0;1;0;0,888888889;0;0;1;0;0;0;0,111111111;0;0;0;0;0;0;0;0;1;0;1;1;1;-1;1
3044;2;1;0;29;0;0;0;0;0;0;0;0;0;0;1;0;0;0;0;0;21;1;0;0;0;0;0,058823529;0,4;1;1;0;0;0;0,823529412;0;0;0;0;0;0;0;0;1;1;-1;1;0;-1;1
3045;3;1;4;73;0;0;0;0;0;0;0;0;0;12;1;1;0;0;0;0;10;56;0;0;0;0;0,5;0;0;1;0;0;0;0,5;0;0;0;0;0;1;0;0;1;0;1;1;1;-1;1
3046;3;1;2;37;1;0;0;0;0;0;0;0;0;0;1;1;0;0;1;0;13;17;0;0;0;0;0;0;0;1;0;0;0;1;0;0;0;0;0;0;0;0;1;1;1;1;1;-1;1
3047;3;1;2;39;0;0;0;0;0;0;0;0;0;0;1;1;0;0;0;0;24;8;0;0;0;0;1;1;0;1;0;0;0;0;1;0;0;0;0;0;0;0;1;1;-1;1;-1;-1;1
3048;2;1;3;38;0;0;0;0;0;0;0;0;0;0;1;0;0;0;1;0;21;10;0;0;0;0;1;0,153846154;0;1;0;0;0;0;1;0;0;0;0;0;0;0;1;1;1;1;1;-1;1
3049;2;1;2;69;2;2;0;0;0;0;0;0;0;23;1;1;0;1;0;0;28;34;0;0;0;0;0;0,0625;0;1;0;0;0;0;0;0;0;0;0;1;0;0;1;0;1;1;0;1;1
3050;3;1;3;60;0;0;0;0;0;0;0;0;0;8;1;1;0;0;0;0;22;31;0;0;0;0;0;0,0625;0;1;0;0;0;0;0;0;0;0;0;1;0;0;1;0;1;1;0;1;1
3051;2;1;4;42;0;0;0;0;0;0;0;0;0;0;1;0;0;0;1;0;21;14;0;0;0;0;0;0;0;1;0;0;0;0;0;0;0;0;0;0;0;0;1;1;1;1;1;1;1
3052;3;1;4;56;0;0;0;0;0;0;0;0;0;0;1;1;0;0;0;0;29;20;0;0;0;0;0;0;0;1;0;0;0;0;0;0;0;0;0;0;0;0;1;0;1;1;1;1;1
3053;4;1;3;57;0;0;0;0;0;0;0;0;0;0;1;0;0;0;1;0;26;24;0;0;0;0;0,909090909;0,315789474;1;1;0;0;0;0,090909091;0;0;0;0;0;1;0;0;1;0;0;1;0;-1;1
3054;1;0;5;82;1;1;0;0;0;0;0;0;0;19;1;1;0;0;0;0;13;62;0;0;0;0;0;0;0;1;0;0;0;1;0;0;0;0;0;0;0;0;1;-1;1;1;1;-1;1
3055;4;1;6;62;1;0;0;0;0;0;0;0;0;0;1;1;0;0;1;0;20;35;0;0;0;0;0,066666667;0,181818182;1;1;1;0;0;0,933333333;0;0;0;0;0;0;0;0;1;0;1;1;0;-1;1
3056;2;1;8;91;0;0;0;0;0;0;0;0;0;0;1;0;0;0;0;0;16;68;0;0;1;0;0;0,083333333;0;1;0;0;0;0;0;0;0;0;0;0;0;0;1;-1;1;1;-1;1;1
3057;2;1;4;136;0;0;0;0;0;0;0;4;0;16;1;1;0;0;1;0;27;61;40;0;0;0;0;0;0;0;0;0;0;0;0;0;0;0;0;1;0;0;1;-1;1;1;1;1;1
3058;2;1;4;97;0;0;0;0;0;0;0;4;0;7;1;1;0;0;1;0;27;63;0;0;0;0;0;0;0;0;0;0;0;0;0;0;0;0;0;1;0;0;1;-1;1;1;1;1;1
3059;2;1;2;34;0;0;0;0;0;0;0;0;0;0;1;1;0;0;1;0;21;6;0;0;0;0;0;0,166666667;0;1;0;0;0;0;0;0;0;0;0;0;0;0;1;1;1;1;1;1;1
3060;2;1;0;23;1;1;0;0;0;0;0;0;0;0;1;0;0;0;0;0;15;1;0;0;0;0;0,705882353;0,227272727;1;1;0;0;0;0;1;0;0;0;0;1;0;0;1;1;0;1;0;-1;1
3061;2;1;5;72;0;0;0;0;0;0;0;0;0;0;1;1;0;0;0;0;19;46;0;0;0;0;0;0;0;1;0;0;0;0;0;0;0;0;0;0;0;0;1;0;1;1;1;1;1
3062;2;1;3;46;0;0;0;0;0;0;0;0;0;0;1;1;0;0;0;0;19;20;0;0;0;0;0;0;0;1;0;0;0;0;0;0;0;0;0;0;1;0;1;1;1;1;1;1;1
3063;3;1;6;63;1;0;0;0;0;0;0;0;0;2;1;0;0;0;0;0;23;33;0;0;0;0;0;0;0;1;0;0;0;0;0;0;0;0;0;0;0;0;1;0;1;1;1;1;1
3064;3;1;3;60;0;0;0;0;0;0;0;0;0;7;1;1;0;0;0;0;14;39;0;0;0;0;0;0;0;0;0;0;0;0;0;0;0;0;0;1;0;0;1;0;1;1;1;1;1
3065;2;1;2;69;2;2;0;0;0;0;0;0;0;20;1;1;0;1;0;0;28;34;0;0;0;0;0;0,0625;0;1;0;0;0;0;0;0;0;0;0;1;0;0;1;0;1;1;0;1;1
3066;2;1;4;60;0;0;0;0;0;1;0;0;0;2;1;1;0;0;0;0;22;31;0;0;0;0;0;0;0;1;0;0;0;0;0;0;0;0;0;0;0;0;1;0;1;1;1;1;1
3067;4;1;6;99;1;0;0;0;0;0;0;0;0;24;1;1;0;0;1;0;19;73;0;0;2;0;0;1;0;1;0;0;0;0;1;0;0;0;0;0;0;0;1;-1;-1;1;-1;1;1
3068;4;1;5;58;0;0;0;0;1;0;0;0;0;3;1;0;0;0;1;0;17;34;0;0;0;0;1;1;1;1;0;0;0;0;1;0;0;0;0;1;0;0;1;0;-1;1;-1;-1;1
3069;6;4;4;62;0;0;0;0;0;0;0;0;0;0;1;1;0;1;1;0;28;27;0;0;2;0;0,785714286;0,058823529;0;1;0;0;0;0;0;0;0;0;0;0;0;0;-1;0;1;1;0;-1;1
3070;2;1;3;37;0;0;0;0;0;0;0;0;0;0;1;0;0;0;0;0;16;14;0;0;0;0;0;0,071428571;0;1;0;0;0;1;0;0;0;0;0;1;0;0;1;1;1;1;1;-1;1
3071;2;1;3;37;0;0;0;0;0;0;0;0;0;0;1;0;0;0;1;0;22;8;0;0;0;0;0;0,2;1;1;1;0;1;0;0;0;0;0;0;0;0;1;1;1;1;-1;0;1;1
3072;6;4;4;61;0;0;0;0;0;0;0;0;0;0;1;0;0;1;1;0;27;27;0;0;2;0;0,785714286;0,058823529;0;1;0;0;0;0;0;0;0;0;0;0;0;0;-1;0;1;1;0;-1;1
3073;6;4;4;61;0;0;0;0;0;0;0;0;0;0;1;0;0;1;1;0;27;27;0;0;2;0;0,785714286;0,058823529;0;1;0;0;0;0;0;0;0;0;0;0;0;0;-1;0;1;1;0;-1;1
3074;2;1;2;43;0;0;0;0;0;0;0;0;0;6;1;1;0;0;0;0;22;14;0;0;0;0;0;0,2;1;1;1;0;1;0;0;0;0;0;0;0;0;1;1;1;1;-1;0;1;1
3075;2;1;3;48;0;0;0;0;0;0;0;0;0;3;1;1;0;0;0;0;22;19;0;0;0;0;0;0,2;1;1;1;0;1;0;0;0;0;0;0;0;0;1;1;1;1;-1;0;1;1
3076;2;1;3;48;0;0;0;0;0;0;0;0;0;1;1;1;0;0;0;0;22;19;0;0;0;0;0;0,2;1;1;1;0;1;0;0;0;0;0;0;0;0;1;1;1;1;-1;0;1;1
3077;2;1;3;48;0;0;0;0;0;0;0;0;0;2;1;1;0;0;0;0;22;19;0;0;0;0;0;0,2;1;1;1;0;1;0;0;0;0;0;0;0;0;1;1;1;1;-1;0;1;1
3078;2;1;7;79;1;1;0;0;0;0;0;0;0;13;1;1;0;0;1;0;21;51;0;0;0;0;0;0,25;0;1;0;0;0;0;0;0;0;0;0;0;0;0;1;-1;1;1;0;1;1
3079;4;1;4;56;0;0;0;0;0;0;0;0;0;0;1;0;0;0;1;0;15;34;0;0;0;0;1;1;0;1;0;0;0;0;1;0;0;0;0;0;0;0;1;0;-1;1;-1;-1;1
3080;2;1;3;65;0;0;0;0;0;0;0;0;0;21;1;1;0;0;0;0;22;36;0;0;0;0;0;0;0;1;0;0;0;1;0;0;0;0;0;0;0;0;1;0;1;1;1;-1;1
3081;2;1;4;89;2;0;0;0;0;0;0;0;0;20;1;1;0;0;0;0;22;60;0;0;0;0;0;0;0;1;0;0;0;1;0;0;0;0;0;0;0;0;1;-1;1;1;1;-1;1
3082;2;1;3;54;0;0;0;0;1;0;0;0;0;0;1;0;0;0;0;0;22;25;0;0;0;0;0;0;0;1;0;0;0;1;0;0;0;0;0;0;0;0;1;0;1;1;1;-1;1
3083;3;1;4;119;8;0;0;0;0;0;0;0;0;18;1;1;0;0;0;0;22;90;0;0;0;0;0;0;0;0;0;0;0;0;0;0;0;0;0;1;0;0;1;-1;1;1;1;1;1
3084;3;1;4;150;13;0;0;0;0;0;0;0;0;16;1;1;0;0;1;0;22;121;0;0;0;0;0;0;0;0;0;0;0;0;0;0;0;0;0;1;0;0;1;-1;1;1;1;1;1
3085;2;1;2;57;2;0;0;0;0;0;0;0;0;9;1;1;0;0;0;0;22;28;0;0;0;0;0;0;0;1;0;0;0;1;0;0;0;0;0;0;0;0;1;0;1;1;1;-1;1
3086;2;1;2;66;0;0;0;0;0;0;0;0;0;9;1;1;0;0;0;0;22;37;0;0;0;0;0;0;0;1;0;0;0;1;0;0;0;0;0;0;0;0;1;0;1;1;1;-1;1
3087;5;1;3;56;0;0;0;0;0;0;0;0;0;11;1;0;0;0;0;0;22;27;0;0;0;0;0;0;0;1;0;0;0;1;0;0;0;0;0;0;0;0;1;0;1;1;1;-1;1
3088;2;1;5;84;0;0;0;0;0;3;0;0;0;8;1;1;0;0;1;0;22;55;0;0;0;0;0;0;0;1;0;0;0;1;0;0;0;0;0;0;0;0;1;-1;1;1;1;-1;1
3089;2;1;5;84;0;0;0;0;0;0;0;0;0;24;1;1;0;0;0;0;22;55;0;0;0;0;0;0;0;1;0;0;0;1;0;0;0;0;0;0;0;0;1;-1;1;1;1;-1;1
3090;3;1;4;61;0;0;0;0;0;0;0;0;0;0;1;0;0;0;1;0;22;32;0;0;0;0;0;0;0;1;0;0;0;1;0;0;0;0;0;0;0;0;1;0;1;1;1;-1;1
3091;3;1;6;109;3;0;0;0;0;0;0;0;0;7;1;1;0;0;0;0;22;80;0;0;0;0;0;0;0;0;0;0;0;0;0;0;0;0;0;1;0;0;1;-1;1;1;1;1;1
3092;2;1;3;53;0;0;0;0;0;1;0;0;0;5;1;1;0;0;0;0;22;24;0;0;0;0;0;0;0;1;0;0;0;0;0;0;0;0;0;0;0;0;1;1;1;1;1;1;1
3093;2;1;3;53;0;0;0;0;0;1;0;0;0;5;1;1;0;0;0;0;22;24;0;0;0;0;0;0;0;1;0;0;0;0;0;0;0;0;0;0;0;0;1;1;1;1;1;1;1
3094;2;1;3;53;0;0;0;0;0;1;0;0;0;5;1;1;0;0;0;0;22;24;0;0;0;0;0;0;0;1;0;0;0;0;0;0;0;0;0;0;0;0;1;1;1;1;1;1;1
3095;2;1;3;118;0;0;0;0;0;0;0;0;0;21;1;1;0;0;0;0;22;89;0;0;0;0;0;0;0;1;0;0;0;1;0;0;0;0;0;0;0;0;1;-1;1;1;1;-1;1
3096;2;1;3;52;0;0;0;0;0;0;0;0;0;1;1;1;0;0;0;0;22;23;0;0;0;0;0;0;0;1;0;0;0;1;0;0;0;0;0;0;0;0;1;1;1;1;1;-1;1
3097;2;1;3;48;0;0;0;0;0;0;0;0;0;3;1;1;0;0;0;0;22;19;0;0;0;0;0;0;0;1;0;0;0;1;0;0;0;0;0;0;0;0;1;1;1;1;1;-1;1
3098;2;1;3;48;0;0;0;0;0;0;0;0;0;4;1;1;0;0;0;0;22;19;0;0;0;0;0;0;0;1;0;0;0;1;0;0;0;0;0;0;0;0;1;1;1;1;1;-1;1
3099;2;1;3;52;0;0;0;0;0;0;0;0;0;4;1;1;0;0;0;0;22;23;0;0;0;0;0;0;0;1;0;0;0;0;0;0;0;0;0;0;0;0;1;1;1;1;1;1;1
3100;2;1;3;72;0;0;0;0;0;0;0;0;0;0;1;1;0;0;0;0;22;43;0;0;0;0;0;0;0;1;0;0;0;1;0;0;0;0;0;0;0;0;1;0;1;1;1;-1;1
3101;2;1;3;52;0;0;0;0;0;0;0;0;0;3;1;1;0;0;0;0;22;23;0;0;0;0;0;0;0;1;0;0;0;0;0;0;0;0;0;0;0;0;1;1;1;1;1;1;1
3102;2;1;3;82;0;0;0;0;0;0;0;0;0;0;1;1;0;0;0;0;22;53;0;0;0;0;0;0;0;1;0;0;0;1;0;0;0;0;0;0;0;0;1;-1;1;1;1;-1;1
3103;2;1;3;59;0;0;0;0;0;2;0;0;0;6;1;1;0;0;0;0;22;30;0;0;0;0;0;0;0;1;0;0;0;1;0;0;0;0;0;0;0;0;1;0;1;1;1;-1;1
3104;2;1;3;52;0;0;0;0;0;0;0;0;0;3;1;1;0;0;0;0;22;23;0;0;0;0;0;0;0;1;0;0;0;0;0;0;0;0;0;0;0;0;1;1;1;1;1;1;1
3105;2;1;2;37;0;0;0;0;0;0;0;0;0;5;1;1;0;0;0;0;22;8;0;0;0;0;0;0,2;1;1;1;0;1;0;0;0;0;0;0;0;0;1;1;1;1;-1;0;1;1
3106;2;1;3;59;0;0;0;0;0;2;0;0;0;6;1;1;0;0;0;0;22;30;0;0;0;0;0;0;0;1;0;0;0;1;0;0;0;0;0;0;0;0;1;0;1;1;1;-1;1
3107;2;1;3;59;0;0;0;0;0;2;0;0;0;7;1;1;0;0;0;0;22;30;0;0;0;0;0;0;0;1;0;0;0;1;0;0;0;0;0;0;0;0;1;0;1;1;1;-1;1
3108;2;1;3;41;0;0;0;0;0;0;0;0;0;7;1;1;0;0;0;0;22;12;0;0;0;0;0;0,2;1;1;1;0;1;0;0;0;0;0;0;0;0;1;1;1;1;-1;0;1;1
3109;3;1;4;153;20;0;0;0;0;0;0;0;0;21;1;1;0;0;1;0;22;124;0;0;0;0;0;0;0;0;0;0;0;0;0;0;0;0;0;1;0;0;1;-1;1;1;1;1;1
3110;2;1;3;41;0;0;0;0;0;0;0;0;0;7;1;1;0;0;0;0;22;12;0;0;0;0;0;0,2;1;1;1;0;1;0;0;0;0;0;0;0;0;1;1;1;1;-1;0;1;1
3111;2;1;3;41;0;0;0;0;0;0;0;0;0;7;1;1;0;0;0;0;22;12;0;0;0;0;0;0,2;1;1;1;0;1;0;0;0;0;0;0;0;0;1;1;1;1;-1;0;1;1
3112;2;1;2;45;4;0;0;0;0;0;0;0;0;0;1;0;0;0;1;0;22;16;0;0;0;0;0;0;0;1;0;0;0;1;0;0;0;0;0;0;0;0;1;1;1;1;1;-1;1
3113;2;1;3;88;2;0;0;0;2;0;0;0;0;12;1;1;0;0;0;0;22;59;0;0;0;0;0;0;0;1;0;0;0;0;0;0;0;0;0;0;0;0;1;-1;1;1;1;1;1
3114;2;1;4;79;0;0;0;0;1;0;0;0;0;18;1;1;0;0;1;0;22;50;0;0;0;0;0;0;0;1;0;0;0;1;0;0;0;0;0;0;0;0;1;-1;1;1;1;-1;1
3115;2;1;3;88;2;0;0;0;2;0;0;0;0;12;1;1;0;0;0;0;22;59;0;0;0;0;0;0;0;1;0;0;0;0;0;0;0;0;0;0;0;0;1;-1;1;1;1;1;1
3116;2;1;3;88;2;0;0;0;2;0;0;0;0;12;1;1;0;0;0;0;22;59;0;0;0;0;0;0;0;1;0;0;0;0;0;0;0;0;0;0;0;0;1;-1;1;1;1;1;1
3117;2;1;3;82;0;0;0;0;0;0;0;0;0;0;1;1;0;0;0;0;22;53;0;0;0;0;0;0;0;1;0;0;0;1;0;0;0;0;0;0;0;0;1;-1;1;1;1;-1;1
3118;2;1;3;82;0;0;0;0;0;0;0;0;0;0;1;1;0;0;0;0;22;53;0;0;0;0;0;0;0;1;0;0;0;1;0;0;0;0;0;0;0;0;1;-1;1;1;1;-1;1
3119;2;1;3;82;0;0;0;0;0;0;0;0;0;0;1;1;0;0;0;0;22;53;0;0;0;0;0;0;0;1;0;0;0;1;0;0;0;0;0;0;0;0;1;-1;1;1;1;-1;1
3120;2;1;2;66;0;0;0;0;0;0;0;0;0;9;1;1;0;0;0;0;22;37;0;0;0;0;0;0;0;1;0;0;0;1;0;0;0;0;0;0;0;0;1;0;1;1;1;-1;1
3121;2;1;5;96;0;0;0;0;5;0;0;0;0;3;1;1;0;0;1;0;12;77;0;0;0;0;0;0;0;1;0;0;0;0;0;0;0;0;0;0;0;0;1;-1;1;1;1;1;1
3122;3;1;6;64;1;0;0;0;0;0;0;0;0;1;1;0;0;0;0;0;20;37;0;0;0;0;0;0,928571429;0;1;0;0;0;1;1;0;0;0;0;1;0;0;1;0;-1;1;-1;-1;1
3123;3;1;3;54;0;0;0;0;0;0;0;0;0;0;1;0;0;0;1;0;34;13;0;0;0;0;0;0,785714286;0;1;0;0;0;1;1;0;0;0;0;1;0;0;1;0;-1;1;1;-1;1
3124;2;1;3;68;1;1;0;0;0;0;0;0;0;21;1;1;0;0;1;0;21;40;0;0;0;0;0,055555556;0,090909091;0;1;1;0;0;0,944444444;0;0;1;0;0;1;0;0;1;0;1;1;1;-1;1
3125;3;1;2;47;0;0;0;0;0;0;0;0;0;0;1;0;0;0;1;0;34;6;0;0;0;0;0;0,785714286;0;1;0;0;0;1;1;0;0;0;0;1;0;0;1;1;-1;1;1;-1;1
3126;3;1;8;191;4;1;0;0;0;0;1;0;0;58;1;1;0;0;1;0;20;126;37;0;0;0;0;0,041666667;1;1;0;0;0;0;0;0;0;0;0;0;0;0;1;-1;1;1;0;1;1
3127;3;1;8;153;3;1;0;0;0;0;0;0;0;37;1;1;0;0;1;0;20;126;0;0;0;0;0;0,041666667;1;1;0;0;0;0;0;0;0;0;0;0;0;0;1;-1;1;1;0;1;1
3128;2;1;5;65;1;0;0;0;0;0;0;0;0;0;1;0;0;0;1;0;29;29;0;0;0;0;0;0,785714286;0;1;0;0;0;1;1;0;0;0;0;1;0;0;1;0;-1;1;1;-1;1
3129;2;1;5;93;1;0;0;0;0;0;0;0;0;18;1;1;0;0;0;0;29;57;0;0;0;0;0;0,785714286;0;1;0;0;0;1;1;0;0;0;0;1;0;0;1;-1;-1;1;1;-1;1
3130;2;1;6;84;0;0;0;0;3;0;0;0;0;0;1;1;0;0;1;0;20;57;0;0;0;0;0;0;0;1;1;0;0;0,666666667;0;0;0;0;0;0;1;0;1;-1;1;1;1;0;1
3131;3;1;6;147;2;0;0;0;0;0;0;0;0;29;1;1;0;0;1;0;11;129;0;0;0;0;0;0,041666667;1;1;0;0;0;0;0;0;0;0;0;0;0;0;1;-1;1;1;0;1;1
3132;2;1;5;65;1;0;0;0;0;0;0;0;0;2;1;0;0;0;0;0;18;40;0;0;0;0;0;0;0;1;0;0;0;1;0;0;0;0;0;1;0;0;1;0;1;1;1;-1;1
3133;2;1;5;65;1;0;0;0;0;0;0;0;0;2;1;0;0;0;0;0;18;40;0;0;0;0;0;0;0;1;0;0;0;1;0;0;0;0;0;1;0;0;1;0;1;1;1;-1;1
3134;3;1;3;66;0;0;0;0;0;0;0;0;0;0;1;0;0;0;0;0;22;37;0;0;0;0;0;0;0;1;1;0;0;0;0;0;0;0;0;0;1;0;1;0;1;1;1;1;1
3135;2;1;2;34;1;1;0;0;0;0;0;0;0;0;1;1;0;0;0;0;15;12;0;0;0;0;0;0;0;1;0;0;0;0;0;0;0;0;0;0;0;0;1;1;1;1;1;1;1
3136;2;1;3;37;0;0;0;0;0;0;0;0;0;0;1;1;0;0;0;0;19;11;0;0;0;0;0;0;0;1;0;0;0;0;0;0;0;0;0;0;0;0;1;1;1;1;1;1;1
3137;3;1;3;38;0;0;0;0;0;0;0;0;0;0;1;0;0;0;0;0;17;14;0;0;0;0;0;0;0;1;0;0;0;0;0;0;0;0;0;0;0;0;1;1;1;1;1;1;1
3138;3;1;6;147;2;0;0;0;0;0;0;0;0;23;1;1;0;0;1;0;11;129;0;0;0;0;0;0,041666667;1;1;0;0;0;0;0;0;0;0;0;0;0;0;1;-1;1;1;0;1;1
3139;2;1;3;68;1;1;0;0;0;0;0;0;0;15;1;1;0;0;1;0;21;40;0;0;0;0;0,055555556;0,090909091;0;1;1;0;0;0,944444444;0;0;1;0;0;1;0;0;1;0;1;1;1;-1;1
3140;2;1;3;68;0;0;0;0;0;0;0;0;0;20;1;1;0;0;0;0;20;41;0;0;0;0;0;0,142857143;1;1;0;0;0;1;0;0;0;0;0;0;0;0;1;0;1;1;0;-1;1
3141;3;1;8;153;3;1;0;0;0;0;0;0;0;53;1;1;0;0;1;0;20;126;0;0;0;0;0;0,041666667;1;1;0;0;0;0;0;0;0;0;0;0;0;0;1;-1;1;1;0;1;1
3142;2;1;8;89;0;0;0;0;0;0;0;0;0;4;1;1;0;0;1;0;13;69;0;0;0;0;0;0;0;1;1;0;0;0;0;0;0;0;0;0;0;0;1;-1;1;1;1;1;1
3143;3;1;3;40;0;0;0;0;0;0;0;0;0;0;1;0;0;0;0;0;23;10;0;0;0;0;1;1;0;1;0;0;0;0;1;0;0;0;0;0;0;0;1;1;-1;1;-1;-1;1
3144;2;1;7;100;2;1;0;0;0;0;0;0;0;21;1;1;0;0;0;0;15;78;0;0;0;1;0,859060403;0,981132076;0;1;0;0;0;0,060402685;1;0;0;0;0;0;0;0;1;-1;-1;1;-1;-1;1
3145;2;1;3;68;1;1;0;0;0;0;0;0;0;20;1;1;0;0;1;0;21;40;0;0;0;0;0,055555556;0,090909091;0;1;1;0;0;0,944444444;0;0;1;0;0;1;0;0;1;0;1;1;1;-1;1
3146;3;1;3;76;1;0;0;0;0;3;0;0;0;6;1;1;0;0;0;0;28;41;0;0;0;1;1;1;0;1;0;0;0;0;1;0;0;0;0;0;0;0;1;-1;-1;1;-1;-1;1
3147;3;1;8;191;4;1;0;0;0;0;1;0;0;58;1;1;0;0;1;0;20;126;37;0;0;0;0;0,041666667;1;1;0;0;0;0;0;0;0;0;0;0;0;0;1;-1;1;1;0;1;1
3148;2;1;3;68;0;0;0;0;0;0;0;0;0;20;1;1;0;0;0;0;20;41;0;0;0;0;0;0,142857143;1;1;0;0;0;1;0;0;0;0;0;0;0;0;1;0;1;1;0;-1;1
3149;3;1;8;153;3;1;0;0;0;0;0;0;0;47;1;1;0;0;1;0;20;126;0;0;0;0;0;0,041666667;1;1;0;0;0;0;0;0;0;0;0;0;0;0;1;-1;1;1;0;1;1
3150;3;1;3;56;0;0;0;0;0;0;0;0;0;0;1;1;0;0;1;0;21;28;0;0;1;1;1;1;0;1;0;0;0;0;1;0;0;0;0;0;0;0;1;0;-1;1;-1;-1;1
3151;3;0;4;49;0;0;0;0;1;0;0;0;0;0;1;0;0;0;0;0;9;33;0;0;0;0;1;0,017391304;0;1;0;1;0;0;0;0;0;0;0;1;0;0;1;1;1;0;1;-1;1
3152;2;1;2;38;0;0;0;0;0;0;0;0;0;0;1;0;0;0;0;0;19;12;0;0;0;0;0,555555556;0,047619048;0;1;0;0;0;0,444444444;0;0;0;0;0;1;0;0;1;1;1;1;1;-1;1
3153;6;4;4;62;0;0;0;0;0;0;0;0;0;0;1;1;0;1;1;0;28;27;0;0;2;0;0,785714286;0,058823529;0;1;0;0;0;0;0;0;0;0;0;0;0;0;-1;0;1;1;0;-1;1
3154;2;1;5;55;0;0;0;0;0;0;0;0;0;1;1;1;0;0;0;0;19;29;0;0;0;0;0;0;0;1;0;0;0;0;0;0;0;0;0;0;0;0;1;0;1;1;1;1;1
3155;6;4;4;62;0;0;0;0;0;0;0;0;0;0;1;1;0;1;1;0;28;27;0;0;2;0;0,785714286;0,058823529;0;1;0;0;0;0;0;0;0;0;0;0;0;0;-1;0;1;1;0;-1;1
3156;6;4;4;62;0;0;0;0;0;0;0;0;0;0;1;1;0;1;1;0;28;27;0;0;2;0;0,785714286;0,058823529;0;1;0;0;0;0;0;0;0;0;0;0;0;0;-1;0;1;1;0;-1;1
3157;4;1;2;45;0;0;0;0;0;0;0;0;0;0;1;0;0;0;0;0;18;20;0;0;0;0;0;0;0;1;0;0;0;0;0;0;0;0;0;0;0;0;1;1;1;1;1;1;1
3158;2;1;2;52;0;0;0;0;0;0;0;0;0;22;1;1;0;0;0;0;11;34;0;0;0;0;0;0;0;1;0;0;0;0;0;0;0;0;0;0;0;0;1;1;1;1;1;1;1
3159;2;1;3;57;0;0;0;0;0;0;0;0;0;22;1;1;0;0;0;0;14;36;0;0;0;0;0;0;0;1;0;0;0;0;0;0;0;0;0;0;0;0;1;0;1;1;1;1;1
3160;2;1;3;57;0;0;0;0;0;0;0;0;0;18;1;1;0;0;0;0;14;36;0;0;0;0;0;0;0;1;0;0;0;0;0;0;0;0;0;0;0;0;1;0;1;1;1;1;1
3161;2;1;2;141;2;1;0;0;0;0;0;0;0;18;1;1;0;0;0;0;14;120;0;0;0;0;0;0;0;0;0;0;0;0;1;0;0;0;0;0;1;0;1;-1;1;1;1;1;1
3162;2;1;3;68;1;1;0;0;0;0;0;0;0;26;1;1;0;0;1;0;21;40;0;0;0;0;0,055555556;0,090909091;0;1;1;0;0;0,944444444;0;0;1;0;0;1;0;0;1;0;1;1;1;-1;1
3163;11;9;2;200;3;2;0;0;0;0;0;0;0;26;1;1;0;1;0;0;73;120;0;0;0;0;0;0;0;0;0;0;0;0;1;0;0;0;0;0;1;0;-1;-1;1;1;1;1;1
3164;3;1;8;191;4;1;0;0;0;0;1;0;0;65;1;1;0;0;1;0;20;126;37;0;0;0;0;0,041666667;1;1;0;0;0;0;0;0;0;0;0;0;0;0;1;-1;1;1;0;1;1
3165;2;1;5;62;1;0;0;0;0;0;0;0;0;0;1;0;0;0;0;0;24;31;0;0;1;0;0;0;0;1;0;0;0;0;0;0;0;0;0;0;0;0;1;0;1;1;1;1;1
3166;3;1;8;153;3;1;0;0;0;0;0;0;0;41;1;1;0;0;1;0;20;126;0;0;0;0;0;0,041666667;1;1;0;0;0;0;0;0;0;0;0;0;0;0;1;-1;1;1;0;1;1
3167;2;1;3;68;1;1;0;0;0;0;0;0;0;21;1;1;0;0;1;0;21;40;0;0;0;0;0,055555556;0,090909091;0;1;1;0;0;0,944444444;0;0;1;0;0;1;0;0;1;0;1;1;1;-1;1
3168;2;1;3;50;0;0;0;0;0;0;0;0;0;0;1;0;0;0;0;0;26;17;0;0;0;0;0;0;0;1;0;0;0;0;0;0;0;0;0;0;0;0;1;1;1;1;1;1;1
3169;3;1;6;147;2;0;0;0;0;0;0;0;0;23;1;1;0;0;1;0;11;129;0;0;0;0;0;0,041666667;1;1;0;0;0;0;0;0;0;0;0;0;0;0;1;-1;1;1;0;1;1
3170;3;1;6;147;2;0;0;0;0;0;0;0;0;22;1;1;0;0;1;0;11;129;0;0;0;0;0;0,041666667;1;1;0;0;0;0;0;0;0;0;0;0;0;0;1;-1;1;1;0;1;1
3171;3;1;6;147;2;0;0;0;0;0;0;0;0;26;1;1;0;0;1;0;11;129;0;0;0;0;0;0,041666667;1;1;0;0;0;0;0;0;0;0;0;0;0;0;1;-1;1;1;0;1;1
3172;2;1;2;69;2;2;0;0;0;0;0;0;0;18;1;1;0;1;0;0;28;34;0;0;0;0;0;0,0625;0;1;0;0;0;0;0;0;0;0;0;1;0;0;1;0;1;1;0;1;1
3173;2;1;2;69;2;2;0;0;0;0;0;0;0;19;1;1;0;1;0;0;28;34;0;0;0;0;0;0,0625;0;1;0;0;0;0;0;0;0;0;0;1;0;0;1;0;1;1;0;1;1
3174;2;1;2;69;2;2;0;0;0;0;0;0;0;24;1;1;0;1;0;0;28;34;0;0;0;0;0;0,0625;0;1;0;0;0;0;0;0;0;0;0;1;0;0;1;0;1;1;0;1;1
3175;3;1;5;56;0;0;0;0;0;0;0;0;0;2;1;0;0;0;0;0;17;32;0;0;0;0;0,304347826;1;1;1;0;0;0;0;1;0;0;0;0;0;0;0;1;0;-1;1;-1;1;1
3176;2;1;6;66;0;0;0;0;2;0;0;0;0;4;1;1;0;0;0;0;23;36;0;0;1;0;0;0,133333333;0;1;1;0;0;1;0;0;0;0;0;0;0;0;1;0;1;1;0;-1;1
3177;3;1;2;38;0;0;0;0;0;0;0;0;0;1;1;0;0;0;0;0;18;13;0;0;0;0;1;1;0;1;0;1;0;0;1;0;0;0;0;0;0;0;1;1;-1;0;-1;-1;1
3178;2;1;3;68;1;1;0;0;0;0;0;0;0;23;1;1;0;0;1;0;21;40;0;0;0;0;0,055555556;0,090909091;0;1;1;0;0;0,944444444;0;0;1;0;0;1;0;0;1;0;1;1;1;-1;1
3179;2;1;2;27;0;0;0;0;0;0;0;0;0;0;1;0;0;0;0;0;13;7;0;0;0;0;0,778625954;0,105263158;1;1;1;1;1;0,198473282;1;0;0;0;0;1;0;0;1;1;1;0;0;-1;1
3180;2;1;3;68;1;1;0;0;0;0;0;0;0;24;1;1;0;0;1;0;21;40;0;0;0;0;0,055555556;0,090909091;0;1;1;0;0;0,944444444;0;0;1;0;0;1;0;0;1;0;1;1;1;-1;1
3181;2;1;3;68;1;1;0;0;0;0;0;0;0;24;1;1;0;0;1;0;21;40;0;0;0;0;0,055555556;0,090909091;0;1;1;0;0;0,944444444;0;0;1;0;0;1;0;0;1;0;1;1;1;-1;1
3182;2;1;3;68;1;1;0;0;0;0;0;0;0;19;1;1;0;0;1;0;21;40;0;0;0;0;0,055555556;0,090909091;0;1;1;0;0;0,944444444;0;0;1;0;0;1;0;0;1;0;1;1;1;-1;1
3183;2;1;3;68;1;1;0;0;0;0;0;0;0;24;1;1;0;0;1;0;21;40;0;0;0;0;0,055555556;0,090909091;0;1;1;0;0;0,944444444;0;0;1;0;0;1;0;0;1;0;1;1;1;-1;1
3184;2;1;4;64;0;0;0;1;0;0;0;0;0;0;1;0;0;0;0;0;19;38;0;0;0;1;0;0;0;1;0;0;0;0;0;0;0;0;0;0;0;0;1;0;1;1;1;1;1
3185;2;1;4;52;0;0;0;0;0;0;0;0;0;0;1;1;0;0;1;0;23;22;0;0;0;0;0;0;0;1;0;0;0;0;0;0;0;0;0;0;0;0;1;1;1;1;1;1;1
3186;3;1;6;147;2;0;0;0;0;0;0;0;0;32;1;1;0;0;1;0;11;129;0;0;0;0;0;0,041666667;1;1;0;0;0;0;0;0;0;0;0;0;0;0;1;-1;1;1;0;1;1
3187;2;1;4;40;0;0;0;0;0;0;0;0;0;0;1;0;0;0;1;0;15;18;0;0;0;0;0;0;0;1;0;0;0;0;0;0;0;0;0;0;0;0;1;1;1;1;1;1;1
3188;8;1;3;112;1;0;0;0;0;0;0;0;0;9;1;1;0;0;1;0;24;81;0;0;3;1;0,918367347;0,875;0;1;0;0;0;0,081632653;1;0;0;0;0;0;0;0;1;-1;-1;1;-1;-1;1
3189;2;1;2;69;2;2;0;0;0;0;0;0;0;26;1;1;0;1;0;0;28;34;0;0;0;0;0;0,0625;0;1;0;0;0;0;0;0;0;0;0;1;0;0;1;0;1;1;0;1;1
3190;2;1;5;76;1;0;0;0;0;0;0;0;0;0;1;0;0;0;0;0;27;42;0;0;0;0;0;0,0625;0;1;0;0;0;0;0;0;0;0;0;1;0;0;1;-1;1;1;0;1;1
3191;2;1;3;68;1;1;0;0;0;0;0;0;0;16;1;1;0;0;1;0;21;40;0;0;0;0;0,055555556;0,090909091;0;1;1;0;0;0,944444444;0;0;1;0;0;1;0;0;1;0;1;1;1;-1;1
3192;2;1;7;62;0;0;0;0;0;0;0;0;0;0;1;1;0;0;1;0;22;33;0;0;0;0;0;0,074074074;1;1;0;0;0;0;0;0;0;0;0;0;0;0;1;0;1;1;1;1;1
3193;3;1;8;153;3;1;0;0;0;0;0;0;0;35;1;1;0;0;1;0;20;126;0;0;0;0;0;0,041666667;1;1;0;0;0;0;0;0;0;0;0;0;0;0;1;-1;1;1;0;1;1
3194;3;1;8;191;4;1;0;0;0;0;1;0;0;67;1;1;0;0;1;0;20;126;37;0;0;0;0;0,041666667;1;1;0;0;0;0;0;0;0;0;0;0;0;0;1;-1;1;1;0;1;1
3195;3;1;8;153;3;1;0;0;0;0;0;0;0;42;1;1;0;0;1;0;20;126;0;0;0;0;0;0,041666667;1;1;0;0;0;0;0;0;0;0;0;0;0;0;1;-1;1;1;0;1;1
3196;3;1;4;51;0;0;0;0;0;0;0;0;0;0;1;0;0;0;1;0;14;30;0;0;0;1;0,859060403;0,981132076;0;1;0;0;0;0,060402685;1;0;0;0;0;0;0;0;1;1;-1;1;-1;-1;1
3197;3;1;8;191;4;1;0;0;0;0;1;0;0;58;1;1;0;0;1;0;20;126;37;0;0;0;0;0,041666667;1;1;0;0;0;0;0;0;0;0;0;0;0;0;1;-1;1;1;0;1;1
3198;3;1;3;44;0;0;0;0;0;0;0;0;0;0;1;0;0;0;0;0;26;11;0;0;0;0;0;0,8;0;1;0;0;0;1;1;0;0;0;0;1;0;0;1;1;-1;1;1;-1;1
3199;3;1;8;153;3;1;0;0;0;0;0;0;0;47;1;1;0;0;1;0;20;126;0;0;0;0;0;0,041666667;1;1;0;0;0;0;0;0;0;0;0;0;0;0;1;-1;1;1;0;1;1
3200;3;1;8;191;4;1;0;0;0;0;1;0;0;72;1;1;0;0;1;0;20;126;37;0;0;0;0;0,041666667;1;1;0;0;0;0;0;0;0;0;0;0;0;0;1;-1;1;1;0;1;1
3201;4;1;1;36;0;0;0;0;0;0;0;0;0;0;1;0;0;0;0;0;20;9;0;0;0;0;0;1;0;1;0;0;0;0;1;0;0;0;0;0;0;0;1;1;-1;1;-1;1;1
3202;3;1;8;153;3;1;0;0;0;0;0;0;0;48;1;1;0;0;1;0;20;126;0;0;0;0;0;0,041666667;1;1;0;0;0;0;0;0;0;0;0;0;0;0;1;-1;1;1;0;1;1
3203;3;1;8;191;4;1;0;0;0;0;1;0;0;62;1;1;0;0;1;0;20;126;37;0;0;0;0;0,041666667;1;1;0;0;0;0;0;0;0;0;0;0;0;0;1;-1;1;1;0;1;1
3204;3;1;2;43;0;0;0;0;0;0;0;0;0;0;1;1;0;0;0;0;13;23;0;0;0;0;0,75;0,1;1;1;0;0;0;0;0;0;0;0;0;0;0;0;1;1;1;1;1;-1;1
3205;2;1;3;54;1;0;0;0;0;0;0;0;0;1;1;1;0;0;0;0;20;27;0;0;0;1;0,974358974;0,1;1;1;1;1;1;0;1;0;0;0;0;0;0;0;1;0;1;0;0;-1;1
3206;2;1;3;39;0;0;0;0;0;0;0;0;0;0;1;0;0;0;0;0;19;13;0;0;0;0;0;0;0;1;0;0;0;0;0;0;0;0;0;0;1;0;1;1;1;1;1;1;1
3207;3;1;4;61;0;0;0;0;0;0;0;0;0;0;1;0;0;0;1;0;23;31;0;0;0;0;0;0,08;0;1;1;0;1;0,95890411;0;0;0;0;0;1;0;0;1;0;1;-1;1;-1;1
3208;3;1;3;53;0;0;0;0;0;0;0;0;0;0;1;0;0;0;0;0;29;17;0;0;0;0;0;0,083333333;0;1;0;0;0;0;0;0;0;0;0;0;0;0;1;1;1;1;1;1;1
3209;4;1;4;48;1;0;0;0;0;0;0;0;0;0;1;0;0;0;0;0;14;27;0;0;0;0;1;1;1;1;0;0;0;0;1;0;0;0;0;0;0;0;1;1;-1;1;-1;-1;1
3210;3;1;5;65;1;0;0;0;0;0;0;0;0;2;1;1;0;0;1;0;13;45;0;0;0;1;0,972677596;0,085106383;0;1;0;1;0;0;1;0;0;0;0;0;0;0;1;0;1;0;1;-1;1
3211;3;1;5;72;1;0;0;0;0;0;0;0;0;2;1;1;0;0;0;0;13;52;0;0;0;0;0,6;0;0;1;0;0;0;0;0;0;0;0;0;0;0;0;1;0;1;1;1;0;1
3212;2;1;3;50;0;0;0;0;0;0;0;0;0;9;1;1;0;0;0;0;17;26;0;0;0;0;0,75;0;0;1;0;0;0;0;0;0;0;0;0;0;0;0;1;1;1;1;1;-1;1
3213;3;1;8;112;2;0;0;0;1;0;0;0;0;1;1;1;0;0;0;0;17;88;0;0;0;0;0,5;0;0;1;0;0;0;0,5;0;0;0;0;0;0;0;0;1;-1;1;1;1;-1;1
3214;3;1;8;113;2;0;0;0;1;0;0;0;0;2;1;1;0;0;0;0;17;89;0;0;0;0;0,5;0;0;1;0;0;0;0,5;0;0;0;0;0;0;0;0;1;-1;1;1;1;-1;1
3215;4;1;5;60;0;0;0;0;0;0;0;0;0;0;1;0;0;0;1;0;22;31;0;0;0;0;1;1;1;1;0;0;0;0;1;0;0;0;0;0;0;0;1;0;-1;1;-1;-1;1
3216;2;1;3;44;0;0;0;0;0;0;0;0;0;0;1;0;0;0;0;0;24;13;0;0;0;0;0;0;0;1;0;0;0;0;0;0;0;0;0;0;0;0;1;1;1;1;1;1;1
3217;2;1;4;52;1;0;0;0;0;0;0;0;0;0;1;0;0;0;0;0;18;27;0;0;0;0;0;0;0;1;0;0;0;0;0;0;0;0;0;0;0;0;1;1;1;1;1;1;1
3218;3;1;6;66;0;0;0;0;1;0;0;0;0;4;1;1;0;0;0;0;16;43;0;0;0;0;0,058823529;0,25;0;0;0;0;0;0;0;0;0;0;0;1;0;0;1;0;0;1;1;1;1
3219;2;1;5;60;0;0;0;0;0;0;0;0;0;0;1;1;0;0;0;0;19;34;0;0;0;0;0;0;0;1;0;0;0;0;0;0;0;0;0;0;0;0;1;0;1;1;1;1;1
3220;1;0;5;68;0;0;0;0;0;0;0;0;0;0;1;1;0;0;0;0;15;46;0;0;0;0;0;0;0;1;0;0;0;0;0;0;0;0;0;0;0;0;1;0;1;1;1;1;1
3221;3;1;6;96;3;0;0;0;0;0;0;0;0;0;1;0;0;0;1;0;33;56;0;0;0;0;0,181818182;0,928571429;0;1;0;0;0;0,818181818;1;0;0;0;0;0;0;0;1;-1;-1;1;-1;-1;1
3222;3;1;6;96;3;0;0;0;0;0;0;0;0;0;1;0;0;0;1;0;33;56;0;0;0;0;0,181818182;0,928571429;0;1;0;0;0;0,818181818;1;0;0;0;0;0;0;0;1;-1;-1;1;-1;-1;1
3223;3;1;6;102;2;1;0;0;0;0;0;0;0;22;1;1;0;0;0;0;26;69;0;0;0;0;0;0,785714286;0;1;0;0;0;1;1;0;0;0;0;1;0;0;1;-1;-1;1;1;-1;1
3224;2;1;5;93;1;0;0;0;0;0;0;0;0;18;1;1;0;0;0;0;29;57;0;0;0;0;0;0,785714286;0;1;0;0;0;1;1;0;0;0;0;1;0;0;1;-1;-1;1;1;-1;1
3225;2;1;5;66;1;0;0;0;0;0;0;0;0;0;1;0;0;0;0;0;29;30;0;0;0;0;0;0,785714286;0;1;0;0;0;1;1;0;0;0;0;1;0;0;1;0;-1;1;1;-1;1
3226;2;1;5;92;1;0;0;0;0;0;0;0;0;22;1;1;0;0;0;0;29;56;0;0;0;0;0;0,785714286;0;1;0;0;0;1;1;0;0;0;0;1;0;0;1;-1;-1;1;1;-1;1
3227;2;1;5;72;1;0;0;0;0;0;0;0;0;0;1;1;0;0;0;0;29;36;0;0;0;0;0;0,785714286;0;1;0;0;0;1;1;0;0;0;0;1;0;0;1;0;-1;1;1;-1;1
3228;3;1;6;104;2;1;0;0;0;0;0;0;0;22;1;1;0;0;0;0;26;71;0;0;0;0;0;0,785714286;0;1;0;0;0;1;1;0;0;0;0;1;0;0;1;-1;-1;1;1;-1;1
3229;2;1;3;60;0;0;0;0;0;0;0;0;0;0;1;1;0;0;0;0;22;31;0;0;0;0;0;0,166666667;1;1;0;0;0;0;0;0;0;0;0;0;0;0;1;0;1;1;0;1;1
3230;6;1;6;103;0;0;0;0;0;0;0;0;0;23;1;1;0;0;1;0;12;84;0;0;2;0;0;0,263157895;0;1;1;0;0;0,923076923;0;0;0;0;0;0;0;0;1;-1;1;1;0;-1;1
3231;6;1;6;103;0;0;0;0;0;0;0;0;0;18;1;1;0;0;1;0;12;84;0;0;2;0;0;0,263157895;0;1;1;0;0;0,923076923;0;0;0;0;0;0;0;0;1;-1;1;1;0;-1;1
3232;6;1;6;103;0;0;0;0;0;0;0;0;0;19;1;1;0;0;1;0;12;84;0;0;2;0;0;0,263157895;0;1;1;0;0;0,923076923;0;0;0;0;0;0;0;0;1;-1;1;1;0;-1;1
3233;3;1;4;76;2;0;0;0;0;0;0;0;0;4;1;1;0;0;0;0;23;46;0;0;0;0;1;1;0;1;0;1;0;0;1;0;0;0;0;1;1;0;1;-1;-1;0;1;-1;1
3234;3;1;4;74;2;0;0;0;0;0;0;0;0;4;1;1;0;0;0;0;23;44;0;0;0;0;1;1;0;1;0;1;0;0;1;0;0;0;0;1;1;0;1;0;-1;0;1;-1;1
3235;2;1;2;82;7;7;0;0;0;0;0;0;0;0;1;0;0;1;0;0;71;4;0;0;2;0;0;0;0;1;0;0;0;0;0;0;0;0;0;0;0;0;1;-1;1;1;1;1;1
3236;2;1;3;57;0;0;0;0;0;0;0;0;0;19;1;1;0;0;0;0;14;36;0;0;0;0;0;0;0;1;0;0;0;0;0;0;0;0;0;0;0;0;1;0;1;1;1;1;1
3237;2;1;3;57;0;0;0;0;0;0;0;0;0;25;1;1;0;0;0;0;14;36;0;0;0;0;0;0;0;1;0;0;0;0;0;0;0;0;0;0;0;0;1;0;1;1;1;1;1
3238;2;1;3;57;0;0;0;0;0;0;0;0;0;23;1;1;0;0;0;0;14;36;0;0;0;0;0;0;0;1;0;0;0;0;0;0;0;0;0;0;0;0;1;0;1;1;1;1;1
3239;2;1;3;34;0;0;0;0;1;0;0;0;0;0;1;0;0;0;0;0;16;11;0;0;0;0;0;0;0;1;0;0;0;0;0;0;0;0;0;0;0;0;1;1;1;1;1;1;1
3240;2;1;3;57;0;0;0;0;0;0;0;0;0;24;1;1;0;0;0;0;14;36;0;0;0;0;0;0;0;1;0;0;0;0;0;0;0;0;0;0;0;0;1;0;1;1;1;1;1
3241;3;1;13;79;1;0;0;0;0;0;0;0;0;0;1;1;0;0;0;0;14;58;0;0;0;0;0;0;0;1;0;1;0;0;0;0;0;0;0;0;0;0;1;-1;1;0;1;1;1
3242;2;1;0;24;0;0;0;0;0;0;0;0;0;3;1;0;0;0;0;0;16;1;0;0;0;0;0,945945946;0,3125;1;1;1;0;1;0;1;0;0;0;0;0;0;0;1;1;1;-1;0;-1;1
3243;2;1;3;57;0;0;0;0;0;0;0;0;0;17;1;1;0;0;0;0;14;36;0;0;0;0;0;0;0;1;0;0;0;0;0;0;0;0;0;0;0;0;1;0;1;1;1;1;1
3244;2;1;3;57;0;0;0;0;0;0;0;0;0;16;1;1;0;0;0;0;14;36;0;0;0;0;0;0;0;1;0;0;0;0;0;0;0;0;0;0;0;0;1;0;1;1;1;1;1
3245;2;1;3;57;0;0;0;0;0;0;0;0;0;23;1;1;0;0;0;0;14;36;0;0;0;0;0;0;0;1;0;0;0;0;0;0;0;0;0;0;0;0;1;0;1;1;1;1;1
3246;1;0;3;34;0;0;0;0;0;0;0;0;0;0;1;0;0;0;1;0;14;13;0;0;0;0;0,6;0,055555556;1;1;0;0;0;0,4;0;0;0;0;0;1;0;0;1;1;1;1;0;-1;1
3247;2;1;3;57;0;0;0;0;0;0;0;0;0;23;1;1;0;0;0;0;14;36;0;0;0;0;0;0;0;1;0;0;0;0;0;0;0;0;0;0;0;0;1;0;1;1;1;1;1
3248;2;1;3;41;0;0;0;0;0;0;0;0;0;0;1;0;0;0;0;0;19;15;0;0;0;0;0;0;0;1;0;0;0;0;0;0;0;0;0;0;1;0;1;1;1;1;1;1;1
3249;2;1;3;40;0;0;0;0;0;0;0;0;0;0;1;0;0;0;0;0;19;14;0;0;0;0;0;0;0;1;0;0;0;0;0;0;0;0;0;0;1;0;1;1;1;1;1;1;1
3250;2;1;3;39;0;0;0;0;0;0;0;0;0;0;1;0;0;0;0;0;19;13;0;0;0;0;0;0;0;1;0;0;0;0;0;0;0;0;0;0;1;0;1;1;1;1;1;1;1
3251;2;1;3;41;0;0;0;0;0;0;0;0;0;0;1;0;0;0;0;0;19;15;0;0;0;0;0;0;0;1;0;0;0;0;0;0;0;0;0;0;1;0;1;1;1;1;1;1;1
3252;2;1;4;97;0;0;0;0;0;0;0;4;0;7;1;1;0;0;1;0;27;63;0;0;0;0;0;0;0;0;0;0;0;0;0;0;0;0;0;1;0;0;1;-1;1;1;1;1;1
3253;2;1;3;41;0;0;0;0;0;0;0;0;0;0;1;1;0;0;0;0;19;15;0;0;0;0;0;0,785714286;0;1;0;0;0;1;1;0;0;0;0;1;0;0;1;1;-1;1;1;-1;1
3254;2;1;3;36;0;0;0;0;0;0;0;0;0;0;1;1;0;0;0;0;19;10;0;0;0;0;0;0,785714286;0;1;0;0;0;1;1;0;0;0;0;1;0;0;1;1;-1;1;1;-1;1
3255;3;2;4;109;5;4;0;0;0;0;0;0;0;24;1;1;0;1;1;0;57;45;0;0;0;0;0,055555556;0,090909091;0;1;1;0;0;0,944444444;0;0;1;0;0;1;0;0;0;-1;1;1;1;-1;1
3256;2;1;3;72;0;0;0;0;0;0;0;0;0;22;1;1;0;0;0;0;27;38;0;0;0;0;0;0,785714286;0;1;0;0;0;1;1;0;0;0;0;1;0;0;1;0;-1;1;1;-1;1
3257;3;1;3;39;0;0;0;0;0;0;0;0;0;0;1;0;0;0;1;0;16;16;0;0;0;0;0;0,035714286;1;1;0;0;0;1;0;0;0;0;0;1;0;0;1;1;1;1;1;-1;1
3258;3;1;3;109;0;0;0;0;0;0;1;0;0;43;1;0;0;0;1;0;16;16;69;0;0;0;0;0,035714286;1;1;0;0;0;0;0;0;0;0;0;1;0;0;1;-1;1;1;1;1;1
3259;2;1;4;43;0;0;0;0;0;0;0;0;0;1;1;0;0;0;1;0;20;16;0;0;0;0;0;0;0;1;0;0;0;1;0;0;0;0;0;0;0;0;1;1;1;1;1;-1;1
3260;5;1;3;54;1;0;0;0;0;0;0;0;0;0;1;0;0;0;1;0;16;31;0;0;1;1;0,975;0,166666667;1;1;0;0;0;0,025;1;0;0;0;0;0;0;0;1;0;1;1;0;-1;1
3261;3;1;15;174;3;0;0;0;0;0;0;0;0;0;1;1;0;0;1;0;31;136;0;0;1;0;1;1;0;1;0;0;0;0;1;0;0;0;0;0;0;0;1;-1;-1;1;-1;-1;1
3262;3;2;5;110;5;4;0;0;0;0;0;0;0;22;1;1;0;1;1;0;57;46;0;1;0;0;0,055555556;0;0;1;1;0;0;0,944444444;0;0;0;0;0;1;0;0;0;-1;1;1;1;-1;1
3263;3;2;5;121;5;4;0;0;0;0;0;0;0;21;1;1;0;1;1;0;66;48;0;0;0;0;0,055555556;0,090909091;0;1;1;0;0;0,944444444;0;0;1;0;0;1;0;0;0;-1;1;1;1;-1;1
3264;3;2;4;109;5;4;0;0;0;0;0;0;0;19;1;1;0;1;1;0;57;45;0;0;0;0;0,055555556;0,090909091;0;1;1;0;0;0,944444444;0;0;1;0;0;1;0;0;0;-1;1;1;1;-1;1
3265;2;1;3;72;0;0;0;0;0;0;0;0;0;18;1;1;0;0;0;0;27;38;0;0;0;0;0;0,785714286;0;1;0;0;0;1;1;0;0;0;0;1;0;0;1;0;-1;1;1;-1;1
3266;3;1;5;73;0;0;0;0;0;0;0;0;0;0;1;1;0;0;1;0;25;41;0;0;0;0;1;1;1;1;0;0;0;0;1;0;0;0;0;0;0;0;1;0;-1;1;-1;-1;1
3267;3;1;2;54;0;0;0;0;0;0;0;0;0;0;1;1;0;0;0;0;24;23;0;0;0;0;0,772727273;0,384615385;1;1;0;1;0;0,181818182;1;0;0;0;0;0;0;0;1;0;0;0;0;-1;1
3268;2;1;4;59;1;0;0;0;0;1;0;0;0;2;1;1;0;0;0;0;20;32;0;0;1;0;0;0;0;1;0;0;0;0;0;0;0;0;0;0;0;0;1;0;1;1;1;1;1
3269;3;2;4;109;5;4;0;0;0;0;0;0;0;25;1;1;0;1;1;0;57;45;0;0;0;0;0,055555556;0,090909091;0;1;1;0;0;0,944444444;0;0;1;0;0;1;0;0;0;-1;1;1;1;-1;1
3270;2;1;3;72;0;0;0;0;0;0;0;0;0;18;1;1;0;0;0;0;27;38;0;0;0;0;0;0,785714286;0;1;0;0;0;1;1;0;0;0;0;1;0;0;1;0;-1;1;1;-1;1
3271;2;1;3;72;0;0;0;0;0;0;0;0;0;25;1;1;0;0;0;0;27;38;0;0;0;0;0;0,785714286;0;1;0;0;0;1;1;0;0;0;0;1;0;0;1;0;-1;1;1;-1;1
3272;3;2;5;121;5;4;0;0;0;0;0;0;0;20;1;1;0;1;1;0;66;48;0;0;0;0;0,055555556;0,090909091;0;1;1;0;0;0,944444444;0;0;1;0;0;1;0;0;0;-1;1;1;1;-1;1
3273;2;1;3;55;0;0;0;0;0;1;0;0;0;2;1;1;0;0;0;0;27;21;0;0;0;0;0;0;0;1;0;0;0;0;0;0;0;0;0;0;0;0;1;0;1;1;1;1;1
3274;3;1;4;64;0;0;0;0;0;0;0;0;0;0;1;1;0;0;1;0;25;32;0;0;0;0;1;1;1;1;0;0;0;0;1;0;0;0;0;0;0;0;1;0;-1;1;-1;-1;1
3275;3;1;7;104;2;0;0;0;0;0;0;0;0;23;1;1;0;0;0;0;15;82;0;0;1;0;0,911111111;0,666666667;0;1;0;0;0;0,088888889;1;0;0;0;0;0;0;0;1;-1;-1;1;0;-1;1
3276;2;1;4;43;0;0;0;0;0;0;0;0;0;0;1;0;0;0;0;0;13;23;0;0;0;0;0;0;0;1;0;0;0;0;0;0;0;0;0;0;0;0;1;1;1;1;1;1;1
3277;2;1;10;113;0;0;0;0;1;0;0;0;0;22;1;1;0;0;1;0;26;80;0;0;0;0;0;0;0;1;0;0;0;0;0;0;0;0;0;0;0;0;1;-1;1;1;1;1;1
3278;4;1;3;52;1;0;0;0;0;0;0;0;0;0;1;0;0;0;1;0;17;28;0;0;0;1;0,982857143;1;1;1;1;1;0;0,011428571;1;0;0;0;0;0;0;0;1;1;-1;0;-1;-1;1
3279;2;0;4;61;2;1;0;0;0;0;0;0;0;0;1;0;0;0;0;0;19;35;0;0;1;0;1;0,9;1;1;0;0;0;0;1;0;0;0;0;0;0;0;1;0;-1;1;-1;-1;1
3280;2;1;4;57;0;0;0;0;1;0;0;0;0;0;1;1;0;0;1;0;26;24;0;0;0;0;0;0;0;1;0;0;0;0;0;0;0;0;0;0;0;0;1;0;1;1;1;1;1
3281;4;3;2;107;4;4;0;0;0;0;0;0;0;22;1;1;0;1;0;0;66;34;0;0;0;0;0;0;0;0;0;0;0;0;1;0;0;0;0;0;1;0;-1;-1;1;1;1;1;1
3282;3;1;7;88;1;0;0;0;0;0;0;0;0;0;1;1;0;0;1;0;32;49;0;0;0;0;0;0;0;1;0;0;0;0;0;0;0;0;0;0;0;0;1;-1;1;1;1;1;1
3283;3;1;1;48;1;0;0;0;0;0;0;0;0;0;1;0;0;0;0;0;19;22;0;0;0;0;0,857142857;1;0;0;0;1;0;0;1;0;0;0;0;0;0;0;1;1;-1;0;1;-1;1
3284;4;1;2;57;1;1;0;0;0;0;0;0;0;0;1;0;0;0;1;0;28;22;0;0;0;1;1;1;0;1;0;0;0;0;1;0;0;0;0;0;0;0;1;0;-1;1;-1;-1;1
3285;3;1;3;45;0;0;0;0;0;0;0;0;0;0;1;0;0;0;0;0;26;12;0;0;0;0;0;0,266666667;0;1;0;0;0;1;0;0;0;0;0;1;0;0;1;1;0;1;1;-1;1
3286;6;1;2;41;0;0;0;0;0;0;0;0;0;3;1;0;0;0;0;0;14;20;0;0;1;0;1;0,9;1;1;0;0;0;0;1;0;0;0;0;0;0;0;1;1;-1;1;-1;-1;1
3287;4;1;3;60;1;0;0;0;0;0;0;0;0;2;1;1;0;0;0;0;18;35;0;0;1;0;1;0,9;1;1;0;0;0;0;1;0;0;0;0;0;0;0;1;0;-1;1;-1;-1;1
3288;3;2;5;121;5;4;0;0;0;0;0;0;0;20;1;1;0;1;1;0;66;48;0;0;0;0;0,055555556;0,090909091;0;1;1;0;0;0,944444444;0;0;1;0;0;1;0;0;0;-1;1;1;1;-1;1
3289;3;2;5;121;5;4;0;0;0;0;0;0;0;23;1;1;0;1;1;0;66;48;0;0;0;0;0,055555556;0,090909091;0;1;1;0;0;0,944444444;0;0;1;0;0;1;0;0;0;-1;1;1;1;-1;1
3290;3;1;4;82;1;0;0;0;0;0;0;0;0;0;1;1;0;0;0;0;25;50;0;0;0;0;0,923076923;0,954545455;1;1;0;0;0;0;1;0;0;0;0;0;0;0;1;-1;-1;1;-1;-1;1
3291;2;0;1;34;0;0;0;0;0;0;0;0;0;1;1;1;0;0;0;0;16;11;0;0;1;0;0;0;0;1;0;0;0;0;0;0;0;0;0;0;0;0;1;1;1;1;1;1;1
3292;3;1;4;78;1;0;0;0;0;0;0;0;0;0;1;0;0;0;0;0;25;46;0;0;1;0;0,909090909;0,958333333;1;1;0;0;0;0;1;0;0;0;0;0;0;0;1;-1;-1;1;-1;-1;1
3293;3;1;3;88;0;0;0;0;0;0;0;0;0;21;1;1;0;0;0;0;18;63;0;0;0;0;1;0;0;1;0;0;0;0;0;0;0;0;0;0;0;1;1;-1;1;1;1;-1;1
3294;2;1;3;41;0;0;0;0;0;0;0;0;0;0;1;0;0;0;0;0;17;17;0;0;0;0;0;0;0;1;0;0;0;0;0;0;0;0;0;0;1;0;1;1;1;1;1;1;1
3295;2;1;6;65;1;0;0;0;0;0;0;0;0;0;1;0;0;0;0;0;16;42;0;0;0;0;0;0;0;1;0;0;0;1;0;0;0;0;0;1;0;0;1;0;1;1;1;-1;1
3296;3;1;3;55;1;1;0;0;0;0;0;0;0;0;1;0;0;0;0;0;35;13;0;0;0;0;0;0,785714286;0;1;0;0;0;1;1;0;0;0;0;1;0;0;1;0;-1;1;1;-1;1
3297;2;1;3;39;0;0;0;0;0;0;0;0;0;0;1;1;0;0;0;0;21;11;0;0;0;0;0;0,153846154;0;1;0;0;0;0;0;0;0;0;0;0;0;0;1;1;1;1;1;1;1
3298;2;1;9;63;0;0;0;0;0;0;0;0;0;0;1;1;0;0;1;0;21;35;0;0;0;0;0;0;0;1;0;0;0;0;0;0;0;0;0;0;0;0;1;0;1;1;1;1;1
3299;3;1;6;81;0;0;0;0;0;0;0;0;0;0;1;1;0;0;1;0;19;55;0;0;0;1;0,859060403;0,981132076;0;1;0;0;0;0,060402685;1;0;0;0;0;0;0;0;1;-1;-1;1;-1;-1;1
3300;2;1;6;109;0;0;0;0;3;0;0;0;0;54;1;1;0;0;1;0;16;86;0;0;0;0;0;0;0;1;0;0;0;0;0;0;0;0;0;0;0;0;1;-1;1;1;1;1;1
3301;3;1;3;87;2;0;0;0;0;0;0;0;0;3;1;1;0;0;1;0;29;51;0;0;0;0;0;0,09375;1;1;0;1;0;0,018181818;0;0;0;0;1;0;0;0;1;-1;1;0;0;1;1
3302;2;1;2;36;0;0;0;0;0;0;0;0;0;0;1;1;0;0;0;0;24;5;0;0;0;0;0,924528302;1;0;1;0;1;0;0;1;0;0;0;0;0;0;0;1;1;-1;0;-1;-1;1
3303;3;2;5;121;5;4;0;0;0;0;0;0;0;20;1;1;0;1;1;0;66;48;0;0;0;0;0,055555556;0,090909091;0;1;1;0;0;0,944444444;0;0;1;0;0;1;0;0;0;-1;1;1;1;-1;1
3304;3;2;5;121;5;4;0;0;0;0;0;0;0;22;1;1;0;1;1;0;66;48;0;0;0;0;0,055555556;0,090909091;0;1;1;0;0;0,944444444;0;0;1;0;0;1;0;0;0;-1;1;1;1;-1;1
3305;3;2;5;121;5;4;0;0;0;0;0;0;0;23;1;1;0;1;1;0;66;48;0;0;0;0;0,055555556;0,090909091;0;1;1;0;0;0,944444444;0;0;1;0;0;1;0;0;0;-1;1;1;1;-1;1
3306;3;2;5;121;5;4;0;0;0;0;0;0;0;22;1;1;0;1;1;0;66;48;0;0;0;0;0,055555556;0,090909091;0;1;1;0;0;0,944444444;0;0;1;0;0;1;0;0;0;-1;1;1;1;-1;1
3307;2;1;2;48;0;0;0;0;0;0;0;0;0;0;1;0;0;0;0;0;31;10;0;0;0;0;0;0,785714286;0;1;0;0;0;1;1;0;0;0;0;1;0;0;1;1;-1;1;1;-1;1
3308;3;1;7;109;2;2;0;0;0;0;0;0;0;23;1;1;0;0;0;0;36;66;0;0;1;0;0;0,333333333;0;1;0;0;0;1;0;0;0;0;0;0;0;0;1;-1;1;1;0;-1;1
3309;3;1;3;60;1;1;0;0;0;0;0;0;0;0;1;0;0;0;1;0;25;28;0;0;0;0;0;0;0;1;1;0;0;0;0;0;0;0;0;0;1;0;1;0;1;1;1;1;1
3310;3;1;3;59;1;1;0;0;0;0;0;0;0;0;1;0;0;0;1;0;25;27;0;0;0;0;0;0;0;1;1;0;0;0;0;0;0;0;0;0;1;0;1;0;1;1;1;1;1
3311;3;1;3;59;1;1;0;0;0;0;0;0;0;0;1;0;0;0;1;0;25;27;0;0;0;0;0;0;0;1;1;0;0;0;0;0;0;0;0;0;1;0;1;0;1;1;1;1;1
3312;3;1;4;62;1;0;0;0;0;0;0;0;0;0;1;0;0;0;0;0;16;39;0;0;0;0;1;1;0;1;0;1;0;0;1;0;0;0;0;1;0;0;1;0;-1;0;-1;-1;1
3313;2;1;3;35;0;0;0;0;0;0;0;0;0;0;1;0;0;0;0;0;16;12;0;0;0;0;0;0,785714286;0;1;0;0;0;1;1;0;0;0;0;1;0;0;1;1;-1;1;1;-1;1
3314;3;1;2;52;0;0;0;0;0;0;0;0;0;0;1;1;0;0;0;0;24;21;0;0;0;0;1;1;0;1;0;0;0;0;1;0;0;0;0;0;0;0;1;1;-1;1;-1;-1;1
3315;3;1;2;52;0;0;0;0;0;0;0;0;0;0;1;1;0;0;0;0;24;21;0;0;0;0;0,6875;0,454545455;1;1;0;1;0;0,25;0;0;0;0;0;0;0;0;1;1;0;0;0;-1;1
3316;3;1;3;50;1;0;0;0;0;0;0;0;0;0;1;0;0;0;0;0;16;27;0;0;0;0;1;1;0;1;0;1;0;0;1;0;0;0;0;1;0;0;1;1;-1;0;-1;-1;1
3317;2;1;2;36;1;0;0;0;0;0;0;0;0;0;1;0;0;0;1;0;22;7;0;0;0;0;0;0,083333333;0;1;0;0;0;0;0;0;0;0;0;0;0;0;1;1;1;1;1;1;1
3318;2;1;4;65;1;0;0;0;0;0;0;0;0;0;1;1;0;0;0;0;27;31;0;0;0;0;0;0;0;1;0;0;0;1;0;0;0;0;0;0;0;0;1;0;1;1;1;-1;1
3319;3;1;3;38;0;0;0;0;0;0;0;0;0;0;1;0;0;0;0;0;18;13;0;0;0;0;0;0;0;1;0;0;0;0;0;0;0;0;0;0;0;0;1;1;1;1;1;1;1
3320;2;1;3;36;0;0;0;0;0;0;0;0;0;0;1;0;0;0;0;0;23;6;0;0;0;0;0;0,785714286;0;1;0;0;0;1;1;0;0;0;0;1;0;0;1;1;-1;1;1;-1;1
3321;2;1;2;34;0;0;0;0;0;0;0;0;0;1;1;0;0;0;0;0;22;5;0;0;0;0;0;0,083333333;0;1;0;0;0;0;0;0;0;0;0;0;0;0;1;1;1;1;1;1;1
3322;4;1;3;76;3;0;0;0;0;0;0;0;0;0;1;0;0;0;1;0;30;39;0;0;0;0;0;0;0;1;0;0;0;0;0;0;0;0;0;0;0;0;1;-1;1;1;1;1;1
3323;2;1;8;88;3;0;0;0;0;0;0;0;0;0;1;1;0;0;0;0;21;60;0;0;0;0;0;0,785714286;0;1;0;0;0;1;1;0;0;0;0;1;0;0;1;-1;-1;1;1;-1;1
3324;3;2;5;121;5;4;0;0;0;0;0;0;0;23;1;1;0;1;1;0;66;48;0;0;0;0;0,055555556;0,090909091;0;1;1;0;0;0,944444444;0;0;1;0;0;1;0;0;0;-1;1;1;1;-1;1
3325;2;1;4;170;8;1;0;0;0;0;2;1;0;29;1;1;0;0;1;0;14;82;66;0;0;0;0;0,1;0;1;1;0;0;0;0;0;0;0;0;0;0;1;1;-1;1;1;0;1;1
3326;2;1;4;77;1;1;0;0;0;0;0;0;0;18;1;1;0;1;1;0;29;41;0;0;1;0;0,090909091;0,357142857;0;1;0;1;0;0;0;0;0;0;0;0;0;0;1;-1;1;0;0;1;1
3327;2;1;2;45;1;1;0;0;0;0;0;0;0;3;1;1;0;0;0;0;29;9;0;0;0;0;0;0;0;1;1;0;0;1;0;0;0;0;1;1;0;0;1;1;1;1;1;-1;1
3328;2;1;2;53;1;1;0;0;0;0;0;0;0;4;1;1;0;0;0;0;37;9;0;0;0;0;0;0;0;1;1;0;0;1;0;0;0;0;1;1;0;0;1;1;1;1;1;-1;1
3329;2;1;2;59;1;1;0;0;0;0;0;0;0;6;1;1;0;0;0;0;43;9;0;0;0;0;0;0;0;1;1;0;0;1;0;0;0;0;1;1;0;0;1;0;1;1;1;-1;1
3330;3;2;5;121;5;4;0;0;0;0;0;0;0;19;1;1;0;1;1;0;66;48;0;0;0;0;0,055555556;0,090909091;0;1;1;0;0;0,944444444;0;0;1;0;0;1;0;0;0;-1;1;1;1;-1;1
3331;3;2;5;121;5;4;0;0;0;0;0;0;0;17;1;1;0;1;1;0;66;48;0;0;0;0;0,055555556;0,090909091;0;1;1;0;0;0,944444444;0;0;1;0;0;1;0;0;0;-1;1;1;1;-1;1
3332;3;1;3;60;1;1;0;0;0;0;0;0;0;0;1;0;0;0;1;0;25;28;0;0;0;0;0;0;0;1;1;0;0;0;0;0;0;0;0;0;1;0;1;0;1;1;1;1;1
3333;2;1;4;70;2;0;0;0;0;0;0;0;0;0;1;0;0;0;1;0;32;31;0;0;0;0;0;0;0;1;0;0;0;0;0;0;0;0;0;0;0;0;1;0;1;1;1;1;1
3334;4;2;2;64;0;0;0;0;0;0;0;0;0;0;1;0;0;0;0;0;32;25;0;0;0;0;0;0;0;1;1;0;0;0;0;0;0;0;0;0;1;0;1;0;1;1;1;1;1
3335;5;1;3;60;1;0;0;0;0;0;0;0;0;0;1;0;0;0;0;0;18;35;0;0;1;0;0,888888889;0;0;1;0;0;0;0,111111111;0;0;0;0;0;0;0;1;1;0;1;1;1;-1;1
3336;2;1;2;45;1;1;0;0;0;0;0;0;0;4;1;1;0;0;0;0;29;9;0;0;0;0;0;0;0;1;1;0;0;1;0;0;0;0;1;1;0;0;1;1;1;1;1;-1;1
3337;2;1;9;152;15;0;0;1;0;0;0;0;0;24;1;1;0;0;1;0;16;129;0;0;0;0;0;0;0;1;0;0;0;0;0;0;0;0;0;0;0;0;1;-1;1;1;1;1;1
3338;2;1;9;152;15;0;0;1;0;0;0;0;0;27;1;1;0;0;1;0;16;129;0;0;0;0;0;0;0;1;0;0;0;0;0;0;0;0;0;0;0;0;1;-1;1;1;1;1;1
3339;2;1;3;77;0;0;0;0;0;0;0;0;0;29;1;1;0;0;0;0;19;12;38;0;1;0;0;0;0;1;1;0;0;0;0;0;0;0;0;0;0;1;1;-1;1;1;1;1;1
3340;2;1;3;38;0;0;0;0;0;0;0;0;0;0;1;1;0;0;0;0;19;12;0;0;1;0;0;0;0;1;1;0;0;1;0;0;0;0;0;0;0;1;1;1;1;1;1;-1;1
3341;2;1;3;64;1;0;0;1;0;0;0;0;0;0;1;1;0;0;0;0;28;29;0;0;1;0;0;0;0;1;0;0;0;0;0;0;0;0;0;0;0;0;1;0;1;1;1;1;1
3342;2;1;2;39;0;0;0;0;0;0;0;0;0;0;1;1;0;0;0;0;27;5;0;0;0;0;0;0,071428571;0;1;0;0;0;1;0;0;0;0;0;1;0;0;1;1;1;1;1;-1;1
3343;3;1;2;47;0;0;0;0;1;0;0;0;0;2;1;1;0;0;0;0;20;20;0;0;1;0;1;1;0;1;0;0;0;0;1;0;0;0;0;0;0;0;1;1;-1;1;-1;-1;1
3344;2;1;2;47;0;0;0;0;0;0;0;0;0;0;1;0;0;0;0;0;32;8;0;0;0;0;0;0,115384615;0;1;1;0;1;0,95890411;0;0;0;0;0;1;0;0;1;1;1;-1;1;-1;1
3345;2;1;5;57;1;0;0;0;0;0;0;0;0;0;1;0;0;0;1;0;19;31;0;0;0;0;0;0,785714286;0;1;0;0;0;1;1;0;0;0;0;1;0;0;1;0;-1;1;1;-1;1
3346;3;1;2;55;0;0;0;0;0;0;0;0;0;0;1;0;0;0;0;0;26;22;0;0;0;0;1;1;1;1;0;0;0;0;1;0;0;0;0;0;0;0;1;0;-1;1;-1;-1;1
3347;2;1;4;46;1;0;0;0;0;0;0;0;0;0;1;0;0;0;0;0;18;21;0;0;0;0;0;0;0;1;0;0;0;0;0;0;0;0;0;0;0;0;1;1;1;1;1;1;1
3348;3;1;8;80;1;0;0;0;0;0;0;0;0;0;1;1;0;0;0;0;18;55;0;0;0;0;0;0;0;1;0;0;0;0;0;0;0;0;0;0;0;0;1;-1;1;1;1;1;1
3349;3;1;3;51;1;0;0;0;0;0;0;0;0;0;1;0;0;0;0;0;16;28;0;0;0;0;1;1;0;1;0;1;0;0;1;0;0;0;0;1;0;0;1;1;-1;0;-1;-1;1
3350;2;1;4;77;1;1;0;0;0;0;0;0;0;21;1;1;0;1;1;0;29;41;0;0;1;0;0,090909091;0,357142857;0;1;0;1;0;0;0;0;0;0;0;0;0;0;1;-1;1;0;0;1;1
3351;2;1;4;77;1;1;0;0;0;0;0;0;0;25;1;1;0;1;1;0;29;41;0;0;1;0;0,090909091;0,357142857;0;1;0;1;0;0;0;0;0;0;0;0;0;0;1;-1;1;0;0;1;1
3352;4;1;7;141;1;0;0;0;0;0;0;3;0;25;1;1;0;0;0;0;19;115;0;0;0;0;0;0,115384615;0;1;1;0;1;0,95890411;0;0;0;0;0;1;0;0;1;-1;1;-1;1;-1;1
3353;3;1;4;69;1;0;0;0;0;0;0;0;0;2;1;1;0;0;0;0;20;42;0;0;0;0;0,375;0;0;1;0;0;0;0,5625;0;0;0;0;0;0;0;0;1;0;1;1;1;-1;1
3354;2;1;4;41;1;0;0;0;0;0;0;0;0;1;1;0;0;0;0;0;12;22;0;0;0;0;0;0;0;1;0;0;0;0;0;0;0;0;0;0;0;0;1;1;1;1;1;1;1
3355;3;2;5;121;5;4;0;0;0;0;0;0;0;20;1;1;0;1;1;0;66;48;0;0;0;0;0,055555556;0,090909091;0;1;1;0;0;0,944444444;0;0;1;0;0;1;0;0;0;-1;1;1;1;-1;1
3356;3;2;5;121;5;4;0;0;0;0;0;0;0;14;1;1;0;1;1;0;66;48;0;0;0;0;0,055555556;0,090909091;0;1;1;0;0;0,944444444;0;0;1;0;0;1;0;0;0;-1;1;1;1;-1;1
3357;3;2;5;121;5;4;0;0;0;0;0;0;0;20;1;1;0;1;1;0;66;48;0;0;0;0;0,055555556;0,090909091;0;1;1;0;0;0,944444444;0;0;1;0;0;1;0;0;0;-1;1;1;1;-1;1
3358;3;2;5;121;5;4;0;0;0;0;0;0;0;17;1;1;0;1;1;0;66;48;0;0;0;0;0,055555556;0,090909091;0;1;1;0;0;0,944444444;0;0;1;0;0;1;0;0;0;-1;1;1;1;-1;1
3359;5;1;4;105;0;0;0;0;0;0;0;2;0;20;1;1;0;0;1;0;18;80;0;0;0;0;0;0,115384615;0;1;1;0;1;0,95890411;0;0;0;0;0;1;0;0;1;-1;1;-1;1;-1;1
3360;4;1;3;77;0;0;0;0;0;1;0;0;0;2;1;1;0;0;0;0;34;36;0;0;1;0;0;0,785714286;0;1;0;0;0;1;1;0;0;0;0;1;0;0;1;-1;-1;1;1;-1;1
3361;2;1;7;94;3;0;0;0;0;0;0;0;0;3;1;1;0;0;1;0;23;64;0;0;0;0;0;0;0;1;0;0;0;0;0;0;0;0;0;0;0;0;1;-1;1;1;1;1;1
3362;2;0;3;57;0;0;0;0;0;0;0;0;0;0;1;0;0;0;1;0;20;30;0;0;0;0;0;0;0;1;1;0;0;0;0;0;0;0;0;0;1;0;1;0;1;1;1;1;1
3363;4;1;4;65;0;0;0;0;0;0;0;0;0;2;1;1;0;0;0;0;28;30;0;0;0;0;0,090909091;1;1;1;0;0;0;0,818181818;1;0;0;0;0;0;0;0;1;0;-1;1;-1;-1;1
3364;3;2;5;121;5;4;0;0;0;0;0;0;0;19;1;1;0;1;1;0;66;48;0;0;0;0;0,055555556;0,090909091;0;1;1;0;0;0,944444444;0;0;1;0;0;1;0;0;0;-1;1;1;1;-1;1
3365;4;1;4;66;0;0;0;0;0;0;0;0;0;2;1;1;0;0;0;0;28;31;0;0;0;0;0,090909091;1;1;1;0;0;0;0,818181818;1;0;0;0;0;0;0;0;1;0;-1;1;-1;-1;1
3366;3;2;5;121;5;4;0;0;0;0;0;0;0;16;1;1;0;1;1;0;66;48;0;0;0;0;0,055555556;0,090909091;0;1;1;0;0;0,944444444;0;0;1;0;0;1;0;0;0;-1;1;1;1;-1;1
3367;2;1;4;62;1;0;0;0;0;0;0;0;0;0;1;0;0;0;0;0;32;23;0;0;0;0;0;0;0;1;0;0;0;0;0;0;0;0;0;0;0;0;1;0;1;1;1;1;1
3368;5;1;3;54;0;0;0;0;0;0;0;0;0;0;1;0;0;0;0;0;25;22;0;0;0;1;0,87398374;0,08;0;1;0;1;0;0,008130081;1;0;0;0;0;1;0;0;1;0;1;0;0;-1;1
3369;4;1;8;89;1;0;0;0;0;0;0;0;0;0;1;0;0;0;1;0;21;61;0;0;1;1;0,975;0,166666667;1;1;0;0;0;0,025;1;0;0;0;0;0;0;0;1;-1;1;1;0;-1;1
3370;5;1;11;144;1;0;0;0;0;0;0;0;0;0;1;1;0;0;1;0;15;122;0;0;1;0;1;1;0;1;0;0;0;0;1;0;0;0;0;0;0;0;1;-1;-1;1;-1;-1;1
3371;5;1;6;85;1;0;0;0;0;0;0;0;0;0;1;0;0;0;0;0;18;60;0;0;1;0;0,888888889;0;0;1;0;0;0;0,111111111;0;0;0;0;0;0;0;1;1;-1;1;1;1;-1;1
3372;2;1;4;50;1;0;0;0;0;0;0;0;0;0;1;0;0;0;0;0;21;22;0;0;0;0;0;0;0;1;0;0;0;0;0;0;0;0;0;0;0;0;1;1;1;1;1;1;1
3373;3;1;5;66;1;0;0;0;0;0;0;0;0;0;1;0;0;0;0;0;19;40;0;0;0;0;0,777777778;1;1;1;0;0;0;0;1;0;0;0;0;0;0;0;1;0;-1;1;-1;-1;1
3374;2;1;5;70;2;0;0;0;0;0;0;0;0;0;1;0;0;0;0;0;21;42;0;0;0;0;0;0,785714286;0;1;0;0;0;1;1;0;0;0;0;1;0;0;1;0;-1;1;1;-1;1
3375;3;1;4;59;1;0;0;0;0;0;0;0;0;4;1;1;0;0;1;0;19;33;0;0;0;1;0,918367347;0,875;0;1;0;0;0;0,081632653;1;0;0;0;0;0;0;0;1;0;-1;1;-1;-1;1
3376;4;0;4;101;0;0;0;0;0;0;0;2;0;20;1;1;0;0;1;0;14;80;0;0;0;0;0;0,115384615;0;1;1;0;1;0,95890411;0;0;0;0;0;1;0;0;1;-1;1;-1;1;-1;1
3377;2;1;3;49;1;0;0;1;0;0;0;0;0;2;1;1;0;0;0;0;13;29;0;0;1;0;0;0;0;1;0;0;0;0;0;0;0;0;0;0;0;0;1;1;1;1;1;1;1
3378;2;1;3;55;1;0;0;1;0;0;0;0;0;0;1;0;0;0;0;0;19;29;0;0;1;0;0;0;0;1;0;0;0;0;0;0;0;0;0;0;0;0;1;0;1;1;1;1;1
3379;2;1;3;57;1;0;0;1;0;0;0;0;0;0;1;0;0;0;0;0;21;29;0;0;1;0;0;0;0;1;0;0;0;0;0;0;0;0;0;0;0;0;1;0;1;1;1;1;1
3380;2;1;3;55;1;0;0;1;0;0;0;0;0;0;1;0;0;0;0;0;19;29;0;0;1;0;0;0;0;1;0;0;0;0;0;0;0;0;0;0;0;0;1;0;1;1;1;1;1
3381;2;1;5;62;1;0;0;0;0;0;0;0;0;0;1;1;0;0;0;0;19;36;0;0;0;0;0;0;0;1;0;0;0;0;0;0;0;0;0;0;0;0;1;0;1;1;1;1;1
3382;2;1;3;42;0;0;0;0;0;0;0;0;0;1;1;1;0;0;1;0;19;16;0;0;0;0;0;0;0;1;0;0;0;0;0;0;0;0;0;0;0;0;1;1;1;1;1;1;1
3383;3;1;1;36;0;0;0;0;0;0;0;0;0;1;1;1;0;0;0;0;18;11;0;0;1;0;0;0;0;1;0;0;0;1;0;0;0;0;0;0;0;0;1;1;1;1;1;-1;1
3384;3;1;1;37;0;0;0;0;0;0;0;0;0;1;1;1;0;0;0;0;19;11;0;0;1;0;0;0;0;1;0;0;0;1;0;0;0;0;0;0;0;0;1;1;1;1;1;-1;1
3385;3;1;1;35;0;0;0;0;0;0;0;0;0;4;1;1;0;0;0;0;17;11;0;0;1;0;0;0;0;1;0;0;0;1;0;0;0;0;0;0;0;0;1;1;1;1;1;-1;1
3386;4;1;5;92;1;0;0;0;0;0;0;0;0;0;1;0;0;0;0;0;34;51;0;0;0;1;0,974358974;0,1;1;1;1;1;1;0;1;0;0;0;0;0;0;0;1;-1;1;0;0;-1;1
3387;3;1;3;60;1;1;0;0;0;0;0;0;0;0;1;0;0;0;1;0;25;28;0;0;0;0;0;0;0;1;1;0;0;0;0;0;0;0;0;0;1;0;1;0;1;1;1;1;1
3388;5;2;3;80;1;0;0;0;0;0;0;0;0;0;1;0;0;0;1;0;32;41;0;0;0;0;0;0;0;1;1;0;0;0;0;0;0;0;0;0;1;0;1;-1;1;1;1;1;1
3389;2;1;2;37;0;0;0;0;0;0;0;0;0;0;1;1;0;0;1;0;23;7;0;0;0;0;0;0,785714286;0;1;0;0;0;1;1;0;0;0;0;1;0;0;1;1;-1;1;1;-1;1
3390;4;1;3;57;1;0;0;0;0;0;0;0;0;0;1;0;0;0;0;0;22;28;0;0;0;0;1;1;0;1;0;0;0;0;1;0;0;0;0;0;0;0;1;0;-1;1;-1;-1;1
3391;2;1;5;65;0;0;0;0;0;0;0;0;0;4;1;0;0;0;0;0;17;41;0;0;0;0;0;0;0;1;0;0;0;0;0;0;0;0;0;0;0;0;1;0;1;1;1;1;1
3392;2;1;9;101;2;0;0;0;0;0;0;0;0;0;1;1;0;0;0;0;21;73;0;0;0;0;0;0;0;1;0;0;0;0;0;0;0;0;0;0;0;0;1;-1;1;1;1;1;1
3393;2;1;5;56;1;0;0;0;0;0;0;0;0;0;1;0;0;0;0;0;19;30;0;0;0;0;0,304347826;1;1;1;0;0;0;0;1;0;0;0;0;0;0;0;1;0;-1;1;-1;1;1
3394;11;9;2;95;0;0;0;0;0;0;0;0;0;5;1;1;0;1;1;0;72;16;0;0;0;0;1;0,095238095;0;1;0;0;0;0;0;0;0;0;0;1;0;0;-1;-1;1;1;1;-1;1
3395;3;1;5;92;1;0;0;0;0;0;0;0;0;0;1;1;0;0;1;0;38;47;0;0;0;0;1;0,095238095;0;1;0;0;0;0;0;0;0;0;0;1;0;0;1;-1;1;1;1;-1;1
3396;3;2;5;121;5;4;0;0;0;0;0;0;0;13;1;1;0;1;1;0;66;48;0;0;0;0;0,055555556;0,090909091;0;1;1;0;0;0,944444444;0;0;1;0;0;1;0;0;0;-1;1;1;1;-1;1
3397;2;1;4;45;0;0;0;0;0;0;0;0;0;0;1;0;0;0;1;0;18;20;0;0;0;0;0;0;0;1;0;0;0;0;0;0;0;0;0;0;0;0;1;1;1;1;1;1;1
3398;4;1;4;47;0;0;0;0;0;0;0;0;0;0;1;0;0;0;1;0;18;22;0;0;0;0;1;0,142857143;0;1;1;0;0;0;0;0;0;0;0;1;0;0;1;1;1;1;1;-1;1
3399;2;1;2;28;1;1;0;0;0;0;0;0;0;0;1;0;0;0;0;0;14;7;0;0;0;0;0,029411765;0,4;1;1;0;0;0;0;0;0;0;0;0;0;0;0;1;1;-1;1;0;1;1
3400;2;1;2;28;1;1;0;0;0;0;0;0;0;0;1;0;0;0;0;0;14;7;0;0;0;0;0,029411765;0,4;1;1;0;0;0;0;0;0;0;0;0;0;0;0;1;1;-1;1;0;1;1
3401;2;1;5;56;1;0;0;0;0;0;0;0;0;0;1;0;0;0;0;0;20;29;0;0;0;0;0;0;0;1;0;0;0;0;0;0;0;0;0;0;0;0;1;0;1;1;1;1;1
3402;4;1;3;69;3;0;0;0;0;0;0;0;0;0;1;0;0;0;1;0;21;41;0;0;0;0;0;0;0;1;0;0;0;0;0;0;0;0;0;0;0;0;1;0;1;1;1;1;1
3403;3;1;7;91;2;0;0;0;0;0;0;0;0;0;1;0;0;0;1;0;36;48;0;0;0;0;0;0;0;1;0;0;0;0;0;0;0;0;0;0;0;0;1;-1;1;1;1;1;1
3404;2;1;4;48;0;0;0;0;0;0;0;0;0;0;1;0;0;0;0;0;20;21;0;0;0;0;0;0;0;1;0;0;0;0;0;0;0;0;0;0;0;0;1;1;1;1;1;1;1
3405;2;1;3;62;1;0;0;1;0;0;0;0;0;0;1;0;0;0;0;0;26;29;0;0;1;0;0;0;0;1;0;0;0;0;0;0;0;0;0;0;0;0;1;0;1;1;1;1;1
3406;2;1;3;40;0;0;0;0;0;0;0;0;0;0;1;0;0;0;0;0;17;16;0;0;0;0;0;0,0625;0;1;0;0;0;0;0;0;0;0;0;1;0;0;1;1;1;1;0;1;1
3407;2;1;6;87;2;0;0;0;0;0;0;0;0;0;1;0;0;0;1;0;32;48;0;0;0;0;0;0;0;1;0;0;0;0;0;0;0;0;0;0;0;0;1;-1;1;1;1;1;1
3408;3;1;2;48;0;0;0;0;0;0;0;0;0;7;1;1;0;0;1;0;23;18;0;0;0;0;1;0,166666667;0;1;0;0;0;0;1;0;0;0;0;1;0;0;1;1;1;1;1;-1;1
3409;3;1;4;45;0;0;0;0;0;0;0;0;0;0;1;1;0;0;0;0;23;15;0;0;0;0;0;0;0;1;0;0;0;0;0;0;0;0;0;0;0;0;1;1;1;1;1;1;1
3410;3;1;2;69;1;1;0;0;0;0;0;0;0;4;1;1;0;0;0;0;41;21;0;0;0;1;0,941176471;0,944444444;0;1;1;0;0;0,058823529;1;0;0;0;0;0;0;0;1;0;-1;1;-1;-1;1
3411;2;1;3;52;1;1;0;0;0;0;0;0;0;0;1;0;0;0;0;0;23;22;0;0;1;0;0,91416309;0,08;0;1;0;1;0;0,008583691;1;0;0;0;0;1;0;0;1;1;1;0;0;-1;1
3412;4;1;3;76;1;0;0;0;0;0;0;0;0;0;1;0;0;0;1;0;28;41;0;0;0;0;0;0;0;1;1;0;0;0;0;0;0;0;0;0;1;0;1;-1;1;1;1;1;1
3413;4;1;5;67;0;0;0;0;1;0;0;0;0;4;1;1;0;0;1;0;12;48;0;0;0;1;1;1;0;0;0;1;0;0;1;0;0;0;0;0;0;0;1;0;-1;0;1;-1;1
3414;2;1;8;157;0;0;0;0;1;0;0;0;0;37;1;1;0;0;1;0;22;83;44;0;0;0;0;0;0;1;1;0;1;0;0;0;0;0;0;0;0;0;1;-1;1;-1;1;1;1
3415;3;1;3;57;1;0;0;1;0;0;0;0;0;0;1;0;0;0;0;0;21;29;0;0;1;0;0;0;0;1;0;0;0;0;0;0;0;0;0;0;0;0;1;0;1;1;1;1;1
3416;2;1;3;61;1;0;0;1;0;0;0;0;0;0;1;0;0;0;0;0;25;29;0;0;1;0;0;0;0;1;0;0;0;0;0;0;0;0;0;0;0;0;1;0;1;1;1;1;1
3417;2;1;4;46;0;0;0;0;0;0;0;0;0;3;1;1;0;0;0;0;14;25;0;0;0;0;0;0;0;1;0;0;0;0;0;0;0;0;0;0;0;0;1;1;1;1;1;1;1
3418;3;2;5;121;5;4;0;0;0;0;0;0;0;24;1;1;0;1;1;0;66;48;0;0;0;0;0,055555556;0,090909091;0;1;1;0;0;0,944444444;0;0;1;0;0;1;0;0;0;-1;1;1;1;-1;1
3419;2;1;9;152;15;0;0;1;0;0;0;0;0;22;1;1;0;0;1;0;16;129;0;0;0;0;0;0;0;1;0;0;0;0;0;0;0;0;0;0;0;0;1;-1;1;1;1;1;1
3420;2;1;9;152;15;0;0;1;0;0;0;0;0;24;1;1;0;0;1;0;16;129;0;0;0;0;0;0;0;1;0;0;0;0;0;0;0;0;0;0;0;0;1;-1;1;1;1;1;1
3421;3;2;5;121;5;4;0;0;0;0;0;0;0;21;1;1;0;1;1;0;66;48;0;0;0;0;0,055555556;0,090909091;0;1;1;0;0;0,944444444;0;0;1;0;0;1;0;0;0;-1;1;1;1;-1;1
3422;3;2;5;121;5;4;0;0;0;0;0;0;0;22;1;1;0;1;1;0;66;48;0;0;0;0;0,055555556;0,090909091;0;1;1;0;0;0,944444444;0;0;1;0;0;1;0;0;0;-1;1;1;1;-1;1
3423;3;2;5;121;5;4;0;0;0;0;0;0;0;13;1;1;0;1;1;0;66;48;0;0;0;0;0,055555556;0,090909091;0;1;1;0;0;0,944444444;0;0;1;0;0;1;0;0;0;-1;1;1;1;-1;1
3424;2;1;4;45;0;0;0;0;0;0;0;0;0;1;1;0;0;0;0;0;21;17;0;0;0;0;0;0,785714286;0;1;0;0;0;1;1;0;0;0;0;1;0;0;1;1;-1;1;1;-1;1
3425;2;1;5;59;0;0;0;0;0;0;0;0;0;1;1;1;0;0;0;0;21;31;0;0;0;0;0;0,785714286;0;1;0;0;0;1;1;0;0;0;0;1;0;0;1;0;-1;1;1;-1;1
3426;2;1;3;41;0;0;0;0;0;0;0;0;0;0;1;0;0;0;0;0;21;13;0;0;0;0;0;0;0;1;0;0;0;0;0;0;0;0;0;0;0;0;1;1;1;1;1;1;1
3427;3;2;5;121;5;4;0;0;0;0;0;0;0;22;1;1;0;1;1;0;66;48;0;0;0;0;0,055555556;0,090909091;0;1;1;0;0;0,944444444;0;0;1;0;0;1;0;0;0;-1;1;1;1;-1;1
3428;4;1;2;70;2;2;0;0;0;0;0;0;0;0;1;0;0;0;0;0;28;35;0;0;0;0;0,772727273;0,384615385;1;1;0;1;0;0,181818182;1;0;0;0;0;0;0;0;1;0;0;0;0;-1;1
3429;3;1;4;45;0;0;0;0;0;0;0;0;0;0;1;1;0;0;0;0;23;15;0;0;0;0;0;0;0;1;0;0;0;0;0;0;0;0;0;0;0;0;1;1;1;1;1;1;1
3430;2;1;4;48;0;0;0;0;0;0;0;0;0;0;1;0;0;0;0;0;21;20;0;0;0;0;0;0,083333333;0;1;1;0;0;0;0;0;0;0;0;0;0;0;1;1;1;1;1;1;1
3431;2;1;6;50;1;0;0;0;0;0;0;0;0;0;1;1;0;0;0;0;11;32;0;0;0;0;0;0;0;1;0;0;0;0;0;0;0;0;0;0;0;0;1;1;1;1;1;1;1
3432;6;1;2;59;0;0;0;0;0;0;0;0;0;0;1;0;0;0;1;0;19;33;0;0;1;1;1;1;0;1;0;1;0;0;1;0;0;0;0;0;0;0;1;0;1;0;-1;-1;1
3433;2;1;3;60;1;0;0;1;0;0;0;0;0;0;1;1;0;0;0;0;24;29;0;0;1;0;0;0;0;1;0;0;0;0;0;0;0;0;0;0;0;0;1;0;1;1;1;1;1
3434;2;1;3;90;9;9;0;0;0;0;0;0;0;14;1;1;0;0;0;0;66;17;0;0;1;0;0;0;0;1;0;0;0;0;0;0;0;0;0;0;0;0;1;-1;1;1;1;1;1
3435;3;1;3;66;2;1;0;1;0;0;0;0;0;0;1;0;0;0;0;0;30;29;0;0;1;0;0;0;0;1;0;0;0;0;0;0;0;0;0;0;0;0;1;0;1;1;1;1;1
3436;3;1;2;46;1;1;0;0;0;0;0;0;0;0;1;0;0;0;0;0;14;25;0;0;0;0;0;0;0;1;1;0;0;0;0;0;0;0;0;0;1;0;1;1;1;1;1;1;1
3437;4;1;2;57;1;0;0;0;0;0;0;0;0;0;1;0;0;0;0;0;19;31;0;0;0;0;1;1;0;1;0;1;0;0;1;0;0;0;0;1;1;0;1;0;-1;0;1;-1;1
3438;4;1;4;75;0;0;0;0;2;0;0;0;0;0;1;0;0;0;0;0;18;50;0;0;1;0;1;0,9;1;1;0;0;0;0;1;0;0;0;0;0;0;0;1;0;-1;1;-1;-1;1
3439;4;1;6;99;1;0;0;0;0;0;0;0;0;20;1;1;0;0;1;0;19;73;0;0;2;0;0;1;0;1;0;0;0;0;1;0;0;0;0;0;0;0;1;-1;-1;1;-1;1;1
3440;3;2;5;121;5;4;0;0;0;0;0;0;0;17;1;1;0;1;1;0;66;48;0;0;0;0;0,055555556;0,090909091;0;1;1;0;0;0,944444444;0;0;1;0;0;1;0;0;0;-1;1;1;1;-1;1
3441;3;2;5;121;5;4;0;0;0;0;0;0;0;20;1;1;0;1;1;0;66;48;0;0;0;0;0,055555556;0,090909091;0;1;1;0;0;0,944444444;0;0;1;0;0;1;0;0;0;-1;1;1;1;-1;1
3442;3;2;5;121;5;4;0;0;0;0;0;0;0;17;1;1;0;1;1;0;66;48;0;0;0;0;0,055555556;0,090909091;0;1;1;0;0;0,944444444;0;0;1;0;0;1;0;0;0;-1;1;1;1;-1;1
3443;3;1;2;63;0;0;0;0;0;0;0;0;0;0;1;0;0;0;0;0;30;26;0;0;1;0;1;0,909090909;0;1;0;0;0;0;1;0;0;0;0;0;0;0;1;0;-1;1;-1;-1;1
3444;3;1;2;48;0;0;0;0;0;0;0;0;0;0;1;1;0;0;0;0;24;17;0;0;0;0;0;0;0;1;0;0;0;0;0;0;0;0;0;0;0;0;1;1;1;1;1;1;1
3445;2;0;4;58;1;0;0;0;0;0;0;0;0;0;1;1;0;0;0;0;21;30;0;0;0;0;0;0;0;1;0;0;0;0;0;0;0;0;0;0;0;0;1;0;1;1;1;1;1
3446;3;2;3;112;5;3;0;0;0;0;0;0;0;15;1;1;0;1;0;0;47;58;0;0;0;0;0;0;0;1;0;0;0;0;0;0;0;0;0;0;0;0;1;-1;1;1;1;1;1
3447;2;1;3;42;0;0;0;0;0;0;0;0;0;0;1;0;0;0;0;0;21;14;0;0;0;0;0;0;0;1;0;0;0;0;0;0;0;0;0;0;0;0;1;1;1;1;1;1;1
3448;2;1;2;38;0;0;0;0;0;0;0;0;0;0;1;0;0;0;0;0;26;5;0;0;0;0;0;0,785714286;0;1;0;0;0;1;1;0;0;0;0;1;0;0;1;1;-1;1;1;-1;1
3449;3;1;6;71;1;0;0;0;0;0;0;0;0;0;1;0;0;0;1;0;15;49;0;0;0;0;0;0,071428571;1;1;0;0;0;1;0;0;0;0;0;1;0;0;1;0;1;1;1;-1;1
3450;3;1;3;45;1;1;0;0;0;0;0;0;0;0;1;0;0;0;0;0;21;17;0;0;0;0;0;0,785714286;0;1;0;0;0;1;1;0;0;0;0;1;0;0;1;1;-1;1;1;-1;1
3451;4;1;6;99;1;0;0;0;0;0;0;0;0;23;1;1;0;0;1;0;19;73;0;0;2;0;0;1;0;1;0;0;0;0;1;0;0;0;0;0;0;0;1;-1;-1;1;-1;1;1
3452;3;2;5;121;5;4;0;0;0;0;0;0;0;20;1;1;0;1;1;0;66;48;0;0;0;0;0,055555556;0,090909091;0;1;1;0;0;0,944444444;0;0;1;0;0;1;0;0;0;-1;1;1;1;-1;1
3453;3;2;5;121;5;4;0;0;0;0;0;0;0;20;1;1;0;1;1;0;66;48;0;0;0;0;0,055555556;0,090909091;0;1;1;0;0;0,944444444;0;0;1;0;0;1;0;0;0;-1;1;1;1;-1;1
3454;3;2;5;121;5;4;0;0;0;0;0;0;0;18;1;1;0;1;1;0;66;48;0;0;0;0;0,055555556;0,090909091;0;1;1;0;0;0,944444444;0;0;1;0;0;1;0;0;0;-1;1;1;1;-1;1
3455;2;1;4;47;1;0;0;0;0;0;0;0;0;2;1;0;0;0;0;0;15;25;0;0;1;0;0;0;0;1;0;0;0;0;0;0;0;0;0;0;0;0;1;1;1;1;1;1;1
3456;4;2;3;66;0;0;0;0;0;0;0;0;0;0;1;0;0;0;0;0;32;27;0;0;0;0;0;0;0;1;1;0;0;0;0;0;0;0;0;0;1;0;1;0;1;1;1;1;1
3457;4;2;2;64;0;0;0;0;0;0;0;0;0;0;1;0;0;0;0;0;32;25;0;0;0;0;0;0;0;1;1;0;0;0;0;0;0;0;0;0;1;0;1;0;1;1;1;1;1
3458;5;2;3;73;0;0;0;0;0;0;0;0;0;0;1;1;0;0;1;0;32;34;0;0;0;0;0;0;0;1;1;0;0;0;0;0;0;0;0;0;1;0;1;0;1;1;1;1;1
3459;6;4;4;61;0;0;0;0;0;0;0;0;0;0;1;0;0;1;1;0;27;27;0;0;2;0;0,785714286;0,058823529;0;1;0;0;0;0;0;0;0;0;0;0;0;0;-1;0;1;1;0;-1;1
3460;4;1;3;56;0;0;0;0;0;0;0;0;0;0;1;0;0;0;1;0;29;20;0;0;2;0;0;0;0;1;0;0;0;0;0;0;0;0;0;0;0;1;1;0;1;1;1;1;1
3461;3;1;2;45;0;0;0;0;0;0;0;0;0;0;1;0;0;0;0;0;16;22;0;0;0;0;0;0;0;1;1;0;0;0;0;0;0;0;0;0;1;0;1;1;1;1;1;1;1
3462;3;1;8;127;4;0;0;0;1;0;0;0;0;14;1;1;0;0;1;0;16;104;0;0;1;0;0,066666667;0,125;1;1;1;0;1;0;0;0;0;0;0;1;0;0;1;-1;1;-1;0;1;1
3463;6;4;4;62;0;0;0;0;0;0;0;0;0;0;1;1;0;1;1;0;28;27;0;0;2;0;0,785714286;0,058823529;0;1;0;0;0;0;0;0;0;0;0;0;0;0;-1;0;1;1;0;-1;1
3464;6;4;4;62;0;0;0;0;0;0;0;0;0;0;1;1;0;1;1;0;28;27;0;0;2;0;0,785714286;0,058823529;0;1;0;0;0;0;0;0;0;0;0;0;0;0;-1;0;1;1;0;-1;1
3465;2;1;3;43;0;0;0;0;0;0;0;0;0;4;1;1;0;0;0;0;18;18;0;0;0;0;0;0,0625;0;1;0;0;0;0;0;0;0;0;0;1;0;0;1;1;1;1;0;1;1
3466;3;1;3;73;0;0;0;0;0;2;0;0;0;4;1;1;0;0;0;0;26;40;0;0;0;0;0,945945946;0,048780488;0;1;0;1;0;0,013513514;1;0;0;0;0;1;0;0;1;0;1;0;0;-1;1
3467;3;1;3;63;1;0;0;0;2;0;0;0;0;1;1;0;0;0;0;0;13;43;0;0;0;0;1;0,888888889;0;1;0;0;0;0;1;0;0;0;0;0;0;0;1;0;-1;1;-1;-1;1
3468;3;2;5;121;5;4;0;0;0;0;0;0;0;17;1;1;0;1;1;0;66;48;0;0;0;0;0,055555556;0,090909091;0;1;1;0;0;0,944444444;0;0;1;0;0;1;0;0;0;-1;1;1;1;-1;1
3469;2;1;2;31;0;0;0;0;0;0;0;0;0;0;1;0;0;0;0;0;16;8;0;0;0;0;0;0,074074074;1;1;0;0;0;0;0;0;0;0;0;0;0;0;1;1;1;1;1;1;1
3470;2;1;3;36;0;0;0;0;0;0;0;0;0;0;1;0;0;0;0;0;16;13;0;0;0;0;0;0;0;1;0;0;0;0;0;0;0;0;0;0;1;0;1;1;1;1;1;1;1
3471;2;1;3;36;0;0;0;0;0;0;0;0;0;0;1;0;0;0;1;0;20;9;0;0;0;0;0;0;0;1;0;0;0;0;0;0;0;0;0;0;0;0;1;1;1;1;1;1;1
3472;3;2;5;110;5;4;0;0;0;0;0;0;0;21;1;1;0;1;1;0;57;46;0;1;0;0;0,055555556;0;0;1;1;0;0;0,944444444;0;0;0;0;0;1;0;0;0;-1;1;1;1;-1;1
3473;4;1;2;68;2;2;0;0;0;0;0;0;0;0;1;0;0;0;0;0;28;33;0;0;0;0;0,6875;0,454545455;1;1;0;1;0;0,25;0;0;0;0;0;0;0;0;1;0;0;0;0;-1;1
3474;3;1;2;106;1;0;0;0;12;0;0;0;0;4;1;1;0;0;1;0;15;84;0;0;2;0;0;0;0;1;0;1;0;0;0;0;0;0;0;0;0;0;1;-1;1;0;1;1;1
3475;3;1;2;55;1;0;0;0;0;0;0;0;0;0;1;0;0;0;0;0;17;31;0;0;0;0;1;1;0;1;0;1;0;0;1;0;0;0;0;1;1;0;1;0;-1;0;1;-1;1
3476;2;1;2;43;0;0;0;0;0;0;0;0;0;0;1;0;0;0;0;0;20;16;0;0;0;0;0;0;0;1;0;0;0;0;0;0;0;0;0;0;1;0;1;1;1;1;1;1;1
3477;3;1;3;59;2;1;0;0;0;0;0;0;0;0;1;0;0;0;0;0;24;28;0;0;0;0;1;1;0;1;0;1;0;0;1;0;0;0;0;1;0;0;1;0;-1;0;-1;-1;1
3478;2;1;8;70;1;0;0;0;0;0;0;0;0;0;1;1;0;0;0;0;11;52;0;0;0;0;0;0;0;1;0;0;0;0;0;0;0;0;0;0;0;0;1;0;1;1;1;1;1
3479;3;1;4;69;0;0;0;0;0;0;0;0;0;0;1;1;0;0;1;0;22;40;0;0;0;1;0,9375;0,076923077;1;1;1;1;1;0;1;0;0;0;0;0;0;0;1;0;1;0;0;-1;1
3480;3;1;3;47;0;0;0;0;0;0;0;0;0;0;1;0;0;0;0;0;14;26;0;0;0;0;0;0;0;1;1;0;0;0;0;0;0;0;0;0;1;0;1;1;1;1;1;1;1
3481;2;1;5;48;0;0;0;0;0;0;0;0;0;0;1;1;0;0;0;0;21;20;0;0;0;0;0;0;0;1;0;0;0;0;0;0;0;0;0;0;0;0;1;1;1;1;1;1;1
3482;3;1;2;39;0;0;0;0;0;0;0;0;0;0;1;0;0;0;0;0;20;12;0;0;0;0;1;0,166666667;0;1;0;1;0;0;1;0;0;0;0;1;0;0;1;1;1;0;1;-1;1
3483;2;1;2;47;1;0;0;0;0;0;0;0;0;0;1;0;0;0;0;0;28;12;0;0;0;0;0;0,785714286;0;1;0;0;0;1;1;0;0;0;0;1;0;0;1;1;-1;1;1;-1;1
3484;2;1;5;50;0;0;0;0;0;0;0;0;0;0;1;0;0;0;1;0;25;18;0;0;0;0;0;0,785714286;0;1;0;0;0;1;1;0;0;0;0;1;0;0;1;1;-1;1;1;-1;1
3485;3;1;2;28;0;0;0;0;0;0;0;0;0;0;1;0;0;0;0;0;16;5;0;0;0;0;0,777777778;0,222222222;0;1;0;0;0;0,222222222;0;0;0;0;0;1;0;0;1;1;1;1;0;-1;1
3486;3;2;2;37;0;0;0;0;0;0;0;0;0;0;1;1;0;0;0;0;24;6;0;0;0;0;0;0;0;1;0;0;0;0;0;0;0;0;0;0;0;0;0;1;1;1;1;1;1
3487;2;1;4;40;0;0;0;0;0;0;0;0;0;1;1;1;0;0;1;0;15;18;0;0;0;0;0;0;0;1;0;0;0;0;0;0;0;0;0;0;0;0;1;1;1;1;1;1;1
3488;2;1;3;48;0;0;0;0;1;0;0;0;0;0;1;1;0;0;1;0;22;19;0;0;0;0;0;0,071428571;1;1;0;0;0;1;0;0;0;0;0;1;0;0;1;1;1;1;1;-1;1
3489;2;1;7;55;0;0;0;0;0;0;0;0;0;0;1;1;0;0;1;0;21;27;0;0;0;0;0;0;0;1;0;0;0;0;0;0;0;0;0;0;0;0;1;0;1;1;1;1;1
3490;3;2;3;41;0;0;0;0;0;0;0;0;0;0;1;1;0;0;0;0;24;10;0;0;0;0;0;0;0;1;0;0;0;0;0;0;0;0;0;0;0;0;0;1;1;1;1;1;1
3491;4;1;2;46;0;0;0;0;0;0;0;0;0;0;1;0;0;0;0;0;23;16;0;0;0;1;1;1;1;1;0;0;0;0;1;0;0;0;0;0;0;0;1;1;-1;1;-1;-1;1
3492;2;1;2;32;0;0;0;0;0;0;0;0;0;0;1;0;0;0;1;0;20;5;0;0;0;0;0;0,785714286;0;1;0;0;0;1;1;0;0;0;0;1;0;0;1;1;-1;1;1;-1;1
3493;2;1;3;71;0;0;0;0;0;0;0;0;0;17;1;1;0;0;1;0;27;37;0;0;0;0;0;0,785714286;0;1;0;0;0;1;1;0;0;0;0;1;0;0;1;0;-1;1;1;-1;1
3494;3;2;4;109;5;4;0;0;0;0;0;0;0;27;1;1;0;1;1;0;57;45;0;0;0;0;0,055555556;0,090909091;0;1;1;0;0;0,944444444;0;0;1;0;0;1;0;0;0;-1;1;1;1;-1;1
3495;5;1;3;61;0;0;0;0;0;0;0;0;0;2;1;1;0;0;0;0;20;34;0;0;1;0;0,833333333;0,263157895;1;1;0;0;0;0;0;0;0;0;0;1;0;0;1;0;1;1;0;-1;1
3496;2;1;3;38;0;0;0;0;0;0;0;0;0;0;1;0;0;0;0;0;16;15;0;0;0;0;0;0;0;1;0;0;0;0;0;0;0;0;0;0;1;0;1;1;1;1;1;1;1
3497;5;2;6;91;4;4;0;0;0;0;0;0;0;9;1;1;0;0;1;0;33;51;0;0;0;0;0;0;0;1;0;0;0;0;0;0;0;0;0;0;0;1;0;-1;1;1;1;1;1
3498;3;1;4;61;1;0;0;0;0;0;0;0;0;0;1;0;0;0;1;0;20;34;0;0;0;1;1;1;0;1;0;1;0;0;1;0;0;0;0;0;0;0;1;0;-1;0;-1;-1;1
3499;2;1;6;86;4;0;0;0;0;0;0;0;0;0;1;0;0;0;0;0;19;60;0;0;0;0;0;0;0;1;0;0;0;1;0;0;0;0;0;1;0;0;1;-1;1;1;1;-1;1
3500;4;1;3;56;0;0;0;0;0;0;0;0;0;0;1;0;0;0;1;0;24;25;0;0;0;0;1;1;0;1;0;1;0;0;1;0;0;0;0;1;1;0;1;0;-1;0;1;-1;1
3501;3;1;2;38;0;0;0;0;0;0;0;0;0;0;1;0;0;0;0;0;22;9;0;0;0;0;0;0;0;1;0;0;0;0;0;0;0;0;0;0;0;0;1;1;1;1;1;1;1
3502;4;1;4;62;0;0;0;0;0;0;0;0;0;0;1;0;0;0;1;0;23;32;0;0;0;0;0;0,583333333;0;1;0;0;0;0,8;0;0;0;0;0;1;0;1;1;0;1;1;-1;-1;1
3503;2;1;4;63;0;0;0;0;0;0;0;0;0;0;1;0;0;0;0;0;26;30;0;0;0;0;0,5;0,0625;1;1;1;0;0;0,5;0;0;0;0;0;1;0;0;1;0;1;1;0;-1;1
3504;4;3;4;56;0;0;0;0;0;0;0;0;0;3;1;0;0;1;1;0;32;17;0;0;0;0;0;0;0;1;1;0;1;0,971428571;0;0;0;0;0;0;0;0;-1;0;1;-1;1;-1;1
3505;2;1;3;49;0;0;0;0;0;0;0;0;0;0;1;0;0;0;0;0;23;19;0;0;0;0;0;0,058823529;0;1;0;0;0;0;0;0;0;0;0;0;0;0;1;1;1;1;1;1;1
3506;2;1;4;65;0;0;0;0;0;0;0;0;0;20;1;1;0;0;1;0;15;43;0;0;0;0;0,555555556;0;0;1;0;0;0;0,111111111;0;0;0;0;0;0;0;0;1;0;1;1;1;0;1
3507;2;1;3;57;0;0;0;0;2;0;0;0;0;0;1;0;0;0;0;0;18;32;0;0;0;0;0;0;0;1;0;0;0;0;0;0;0;0;0;0;0;0;1;0;1;1;1;1;1
3508;5;1;5;75;0;0;0;0;0;0;0;0;0;0;1;0;0;0;1;0;18;50;0;0;1;1;0,989417989;0,076923077;1;1;1;1;0;0,005291005;1;0;0;0;0;1;0;0;1;0;1;0;1;-1;1
3509;2;1;2;33;0;0;0;0;0;0;0;0;0;0;1;0;0;0;0;0;18;8;0;0;0;0;0;0;0;1;0;0;0;0;0;0;0;0;0;0;0;0;1;1;1;1;1;1;1
3510;3;1;4;120;1;0;0;0;0;0;0;0;0;42;1;1;0;0;0;0;16;97;0;0;3;0;0;0;0;1;0;0;0;0;0;0;0;0;0;0;0;0;1;-1;1;1;1;1;1
3511;3;1;4;120;1;0;0;0;0;0;0;0;0;42;1;1;0;0;0;0;16;97;0;0;3;0;0;0;0;1;0;0;0;0;0;0;0;0;0;0;0;0;1;-1;1;1;1;1;1
3512;3;1;4;120;1;0;0;0;0;0;0;0;0;38;1;1;0;0;0;0;16;97;0;0;3;0;0;0;0;1;0;0;0;0;0;0;0;0;0;0;0;0;1;-1;1;1;1;1;1
3513;3;1;4;120;1;0;0;0;0;0;0;0;0;38;1;1;0;0;0;0;16;97;0;0;3;0;0;0;0;1;0;0;0;0;0;0;0;0;0;0;0;0;1;-1;1;1;1;1;1
3514;3;1;4;120;1;0;0;0;0;0;0;0;0;39;1;1;0;0;0;0;16;97;0;0;3;0;0;0;0;1;0;0;0;0;0;0;0;0;0;0;0;0;1;-1;1;1;1;1;1
3515;3;1;3;48;0;0;0;0;0;0;0;0;0;0;1;0;0;0;1;0;20;21;0;0;0;0;0;0,583333333;0;1;0;0;0;0,8;0;0;0;0;0;1;0;1;1;1;1;1;-1;-1;1
3516;2;1;3;30;0;0;0;0;0;0;0;0;0;1;1;1;0;0;1;0;14;9;0;0;0;0;0;0,166666667;0;1;0;0;0;1;0;0;0;0;0;0;0;0;1;1;1;1;0;-1;1
3517;2;1;3;71;0;0;0;0;0;0;0;0;0;17;1;1;0;0;1;0;27;37;0;0;0;0;0;0,785714286;0;1;0;0;0;1;1;0;0;0;0;1;0;0;1;0;-1;1;1;-1;1
3518;2;1;3;43;0;0;0;0;0;0;0;0;0;0;1;1;0;0;1;0;27;9;0;0;0;0;0;0,785714286;0;1;0;0;0;1;1;0;0;0;0;1;0;0;1;1;-1;1;1;-1;1
3519;3;2;4;109;5;4;0;0;0;0;0;0;0;20;1;1;0;1;1;0;57;45;0;0;0;0;0,055555556;0,090909091;0;1;1;0;0;0,944444444;0;0;1;0;0;1;0;0;0;-1;1;1;1;-1;1
3520;3;2;4;109;5;4;0;0;0;0;0;0;0;21;1;1;0;1;1;0;57;45;0;0;0;0;0,055555556;0,090909091;0;1;1;0;0;0,944444444;0;0;1;0;0;1;0;0;0;-1;1;1;1;-1;1
3521;3;2;4;109;5;4;0;0;0;0;0;0;0;22;1;1;0;1;1;0;57;45;0;0;0;0;0,055555556;0,090909091;0;1;1;0;0;0,944444444;0;0;1;0;0;1;0;0;0;-1;1;1;1;-1;1
3522;3;1;3;52;1;0;0;0;1;0;0;0;0;2;1;0;0;0;0;0;10;35;0;0;1;0;1;1;0;1;0;0;0;0;1;0;0;0;0;0;0;0;1;1;-1;1;-1;-1;1
3523;2;1;3;54;1;0;0;0;0;0;0;0;0;0;1;0;0;0;0;0;21;26;0;0;0;0;0;0;0;1;1;0;1;0,727272727;0;0;0;0;0;0;0;0;1;0;1;-1;1;-1;1
3524;4;1;7;92;1;0;0;0;1;0;0;0;0;0;1;0;0;0;1;0;20;65;0;0;0;0;0,018099548;0;0;1;0;0;0;0,977375566;0;0;0;0;0;0;0;0;1;-1;1;1;1;-1;1
3525;4;1;2;51;1;0;0;0;1;0;0;0;0;2;1;1;0;0;0;0;21;23;0;0;1;0;1;1;0;1;0;0;0;0;1;0;0;0;0;0;0;0;1;1;-1;1;-1;-1;1
3526;2;1;3;71;0;0;0;0;0;0;0;0;0;22;1;1;0;0;1;0;27;37;0;0;0;0;0;0,785714286;0;1;0;0;0;1;1;0;0;0;0;1;0;0;1;0;-1;1;1;-1;1
3527;3;1;3;57;0;0;0;0;0;0;0;0;0;0;1;0;0;0;1;0;20;30;0;0;0;0;0;0,785714286;0;1;0;0;0;1;1;0;0;0;0;1;0;0;1;0;-1;1;1;-1;1
3528;3;1;2;67;3;0;0;0;0;0;0;0;0;0;1;0;0;0;1;0;26;34;0;0;0;0;0;0;0;1;0;0;0;0;0;0;0;0;0;0;0;0;1;0;1;1;1;1;1
3529;3;1;2;44;0;0;0;0;0;0;0;0;0;0;1;0;0;0;0;0;17;20;0;0;0;0;1;0,8;1;1;0;0;0;0;1;0;0;0;0;0;0;0;1;1;0;1;-1;-1;1
3530;2;1;4;36;0;0;0;0;0;0;0;0;0;1;1;0;0;0;0;0;14;15;0;0;0;0;0;0,785714286;0;1;0;0;0;1;1;0;0;0;0;1;0;0;1;1;-1;1;1;-1;1
3531;2;1;3;71;0;0;0;0;0;0;0;0;0;16;1;1;0;0;1;0;27;37;0;0;0;0;0;0,785714286;0;1;0;0;0;1;1;0;0;0;0;1;0;0;1;0;-1;1;1;-1;1
3532;2;1;2;32;0;0;0;0;0;0;0;0;0;2;1;0;0;0;0;0;15;10;0;0;0;0;0,75;0,111111111;1;1;0;0;0;0,083333333;0;0;0;0;0;1;0;0;1;1;1;1;0;-1;1
3533;6;1;4;101;2;0;0;0;0;0;0;0;0;0;1;1;0;0;1;0;33;61;0;0;1;1;0,941176471;1;1;1;0;0;0;0;1;0;0;0;0;0;0;0;1;-1;-1;1;-1;-1;1
3534;2;1;3;42;0;0;0;0;0;0;0;0;0;0;1;0;0;0;0;0;15;20;0;0;0;0;0;0,074074074;1;1;0;0;0;0;0;0;0;0;0;0;0;0;1;1;1;1;1;1;1
3535;2;1;3;41;0;0;0;0;0;0;0;0;0;0;1;0;0;0;1;0;15;19;0;0;0;0;0;0,074074074;1;1;0;0;0;0;0;0;0;0;0;0;0;0;1;1;1;1;1;1;1
3536;4;1;10;88;0;0;0;0;0;0;0;0;0;14;1;0;0;0;1;0;15;66;0;0;1;1;0,857142857;0,984126984;1;1;0;0;0;0;1;0;0;0;0;1;0;0;1;-1;-1;1;-1;-1;1
3537;2;1;7;113;2;0;0;0;0;0;0;0;0;21;1;1;0;0;1;0;25;81;0;0;1;0;0;0,111111111;0;1;0;0;0;0;0;0;0;0;0;0;0;1;1;-1;1;1;0;1;1
3538;3;1;4;63;1;0;0;0;0;0;0;0;0;0;1;0;0;0;0;0;22;34;0;0;0;0;1;1;0;1;0;1;0;0;1;0;0;0;0;1;0;0;1;0;-1;0;1;-1;1
3539;4;1;2;49;0;0;0;0;0;0;0;0;0;0;1;0;0;0;0;0;26;16;0;0;1;0;0;0;0;1;1;0;0;0;0;0;0;0;0;0;0;0;1;1;1;1;1;1;1
3540;2;1;3;71;0;0;0;0;0;0;0;0;0;22;1;1;0;0;1;0;27;37;0;0;0;0;0;0,785714286;0;1;0;0;0;1;1;0;0;0;0;1;0;0;1;0;-1;1;1;-1;1
3541;3;1;3;30;0;0;0;0;0;0;0;0;0;0;1;0;0;0;1;0;14;9;0;0;0;0;0;0,785714286;0;1;0;0;0;1;1;0;0;0;0;1;0;0;1;1;-1;1;1;-1;1
3542;2;1;5;47;0;0;0;0;0;0;0;0;0;0;1;1;0;0;0;0;15;25;0;0;0;0;0;0;0;1;0;0;0;0;0;0;0;0;0;0;0;0;1;1;1;1;1;1;1
3543;2;1;5;51;0;0;0;0;0;0;0;0;0;0;1;1;0;0;0;0;21;23;0;0;0;0;0;0;0;1;0;0;0;0;0;0;0;0;0;0;0;0;1;1;1;1;1;1;1
3544;3;1;5;71;0;0;0;0;0;0;0;0;0;2;1;0;0;0;1;0;20;44;0;0;0;0;0;0;0;1;0;0;0;0;0;0;0;0;0;0;0;0;1;0;1;1;1;1;1
3545;3;1;4;54;0;0;0;0;0;0;0;0;0;0;1;1;0;0;1;0;20;27;0;0;0;1;0,903614458;0,925925926;0;1;1;0;0;0,096385542;1;0;0;0;0;1;0;0;1;0;-1;1;-1;-1;1
3546;6;1;4;94;1;0;0;0;0;0;0;0;0;0;1;1;0;0;1;0;33;54;0;0;1;1;0,909090909;1;1;1;0;0;0;0;1;0;0;0;0;0;0;0;1;-1;-1;1;-1;-1;1
3547;3;2;4;109;5;4;0;0;0;0;0;0;0;22;1;1;0;1;1;0;57;45;0;0;0;0;0,055555556;0,090909091;0;1;1;0;0;0,944444444;0;0;1;0;0;1;0;0;0;-1;1;1;1;-1;1
3548;2;1;7;63;0;0;0;0;0;0;0;0;0;1;1;1;0;0;0;0;14;42;0;0;0;0;0;0,785714286;0;1;0;0;0;1;1;0;0;0;0;1;0;0;1;0;-1;1;1;-1;1
3549;1;0;3;50;1;0;0;0;0;0;0;0;0;0;1;0;0;0;0;0;17;26;0;0;0;0;0;0;0;1;1;0;1;0,727272727;0;0;0;0;0;0;0;0;1;1;1;-1;1;-1;1
3550;2;1;4;53;0;0;0;0;0;0;0;0;0;0;1;1;0;0;0;0;27;19;0;0;0;0;0;0,785714286;0;1;0;0;0;1;1;0;0;0;0;1;0;0;1;1;-1;1;1;-1;1
3551;2;1;3;71;0;0;0;0;0;0;0;0;0;12;1;1;0;0;1;0;27;37;0;0;0;0;0;0,785714286;0;1;0;0;0;1;1;0;0;0;0;1;0;0;1;0;-1;1;1;-1;1
3552;2;1;7;113;2;0;0;0;0;0;0;0;0;20;1;1;0;0;1;0;25;81;0;0;1;0;0;0,111111111;0;1;0;0;0;0;0;0;0;0;0;0;0;1;1;-1;1;1;0;1;1
3553;2;1;6;87;1;0;0;0;0;0;0;0;0;18;1;1;0;0;0;0;21;59;0;0;1;0;0;0;0;1;0;0;0;0;0;0;0;0;0;0;0;0;1;-1;1;1;1;1;1
3554;4;1;3;74;1;0;0;0;0;0;0;0;0;0;1;0;0;0;0;0;25;42;0;0;1;0;0,888888889;0;0;1;0;0;0;0,111111111;0;0;0;0;0;0;0;1;1;0;1;1;1;-1;1
3555;6;4;3;93;1;0;0;0;1;0;0;0;0;0;1;0;0;1;1;0;53;33;0;0;2;0;0;0;0;1;0;0;0;1;0;0;0;0;0;0;0;0;-1;-1;1;1;1;-1;1
3556;2;1;2;45;3;3;0;0;0;0;0;0;0;0;1;1;0;0;0;0;32;6;0;0;0;0;0;0;0;1;0;0;0;0;0;0;0;0;0;0;0;0;1;1;1;1;1;1;1
3557;3;1;5;64;1;0;0;0;0;0;0;0;0;0;1;1;0;0;0;0;24;33;0;0;0;0;0;0;0;1;0;0;0;0;0;0;0;0;0;0;0;0;1;0;1;1;1;1;1
3558;2;1;3;32;0;0;0;0;0;0;0;0;0;1;1;0;0;0;0;0;14;11;0;0;0;0;0;0,071428571;0;1;0;0;0;1;0;0;0;0;0;1;0;0;1;1;1;1;1;-1;1
3559;2;1;6;87;1;0;0;0;0;0;0;0;0;25;1;1;0;0;0;0;21;59;0;0;1;0;0;0;0;1;0;0;0;0;0;0;0;0;0;0;0;0;1;-1;1;1;1;1;1
3560;5;1;9;103;0;0;0;0;0;0;0;0;0;20;1;1;0;0;1;0;15;81;0;0;0;0;0;0,5;0;1;0;0;0;0;0;0;0;0;0;0;0;0;1;-1;1;1;0;1;1
3561;4;1;4;60;1;0;0;0;0;0;0;0;0;0;1;1;0;0;1;0;14;39;0;0;1;0;0,909090909;0,333333333;1;1;0;1;0;0,090909091;1;0;0;0;0;1;0;0;1;0;0;0;0;-1;1
3562;2;1;2;36;0;0;0;0;0;0;0;0;0;0;1;0;0;0;0;0;23;6;0;0;0;0;0;0;0;0;0;0;0;0;1;0;0;0;0;0;1;0;1;1;1;1;1;1;1
3563;2;1;6;107;1;0;0;0;0;0;0;0;0;16;1;1;0;0;1;0;34;66;0;0;0;0;0;0,785714286;0;1;0;0;0;1;1;0;0;0;0;1;0;0;1;-1;-1;1;1;-1;1
3564;2;1;3;45;0;0;0;0;1;0;0;0;0;0;1;0;0;0;0;0;22;16;0;0;0;0;0;0;0;1;0;0;0;0;0;0;0;0;0;0;0;0;1;1;1;1;1;1;1
3565;3;1;2;37;1;0;0;0;0;0;0;0;0;0;1;0;0;0;1;0;13;17;0;0;0;0;0;0;0;1;0;0;0;1;0;0;0;0;0;0;0;0;1;1;1;1;1;-1;1
3566;2;1;6;107;1;0;0;0;0;0;0;0;0;21;1;1;0;0;1;0;34;66;0;0;0;0;0;0,785714286;0;1;0;0;0;1;1;0;0;0;0;1;0;0;1;-1;-1;1;1;-1;1
3567;2;1;5;57;1;0;0;0;0;0;0;0;0;0;1;0;0;0;1;0;20;30;0;0;0;0;0,221052632;0;0;1;1;0;0;0;0;0;0;0;0;0;0;0;1;0;1;1;1;1;1
3568;3;1;12;155;1;0;0;0;1;0;0;0;0;47;1;1;0;0;1;0;17;131;0;0;1;0;0,066666667;0,125;1;1;1;0;1;0;0;0;0;0;0;1;0;0;1;-1;1;-1;0;1;1
3569;5;1;9;103;0;0;0;0;0;0;0;0;0;28;1;1;0;0;1;0;15;81;0;0;0;0;0;0,5;0;1;0;0;0;0;0;0;0;0;0;0;0;0;1;-1;1;1;0;1;1
3570;5;1;9;103;0;0;0;0;0;0;0;0;0;28;1;1;0;0;1;0;15;81;0;0;0;0;0;0,5;0;1;0;0;0;0;0;0;0;0;0;0;0;0;1;-1;1;1;0;1;1
3571;2;0;5;116;0;0;0;0;0;0;0;0;0;1;1;1;0;0;0;0;17;92;0;0;0;0;0;0;0;1;0;0;0;0;0;0;0;0;0;0;0;1;1;-1;1;1;1;1;1
3572;5;1;9;103;0;0;0;0;0;0;0;0;0;23;1;1;0;0;1;0;15;81;0;0;0;0;0;0,5;0;1;0;0;0;0;0;0;0;0;0;0;0;0;1;-1;1;1;0;1;1
3573;5;1;5;143;4;0;0;0;0;0;0;0;0;2;1;1;0;0;0;0;14;122;0;0;0;0;0;0;0;1;0;0;0;0;0;0;0;0;0;0;0;1;1;-1;1;1;1;1;1
3574;5;1;9;103;0;0;0;0;0;0;0;0;0;23;1;1;0;0;1;0;15;81;0;0;0;0;0;0,5;0;1;0;0;0;0;0;0;0;0;0;0;0;0;1;-1;1;1;0;1;1
3575;3;1;5;68;1;0;0;0;1;0;0;0;0;1;1;0;0;0;1;0;17;44;0;0;0;0;1;1;0;1;0;0;0;0;1;0;0;0;0;1;0;0;1;0;-1;1;1;-1;1
3576;3;1;3;54;0;0;0;0;0;0;0;0;0;5;1;1;0;0;0;0;21;26;0;0;0;0;0,361111111;0,5;0;1;0;0;0;0,555555556;0;0;0;0;1;0;0;0;1;0;-1;1;1;-1;1
3577;4;1;9;213;2;0;0;1;0;0;1;0;0;69;1;1;0;0;1;0;18;110;77;0;1;0;0;0;0;1;0;0;0;0;0;0;0;0;0;0;0;0;1;-1;1;1;1;1;1
3578;2;1;2;32;0;0;0;0;0;0;0;0;0;0;1;0;0;0;0;0;20;5;0;0;0;0;0;0;0;1;0;0;0;0;0;0;0;0;0;0;0;0;1;1;1;1;1;1;1
3579;3;1;3;105;2;1;0;0;2;0;0;4;0;8;1;1;0;0;1;0;16;82;0;0;0;0;1;1;0;1;0;0;0;0;1;0;0;0;0;1;1;0;1;-1;-1;1;1;-1;1
3580;2;1;4;55;0;0;0;1;0;0;0;0;0;0;1;0;0;0;0;0;13;35;0;0;0;0;0;0;0;1;0;0;0;0;0;0;0;0;0;0;0;0;1;0;1;1;1;1;1
3581;2;1;2;42;0;0;0;0;0;0;0;0;0;0;1;0;0;0;1;0;27;8;0;0;0;0;0;0,074074074;1;1;0;0;0;0;0;0;0;0;0;0;0;0;1;1;1;1;1;1;1
3582;3;1;12;155;1;0;0;0;1;0;0;0;0;48;1;1;0;0;1;0;17;131;0;0;1;0;0,066666667;0,125;1;1;1;0;1;0;0;0;0;0;0;1;0;0;1;-1;1;-1;0;1;1
3583;3;1;12;155;1;0;0;0;1;0;0;0;0;52;1;1;0;0;1;0;17;131;0;0;1;0;0,066666667;0,125;1;1;1;0;1;0;0;0;0;0;0;1;0;0;1;-1;1;-1;0;1;1
3584;4;1;5;78;0;0;0;0;0;0;0;0;0;0;1;0;0;0;1;0;23;48;0;0;0;0;0,909090909;0,315789474;1;1;0;0;0;0,090909091;0;0;0;0;0;1;0;0;1;-1;0;1;0;-1;1
3585;3;1;2;37;1;0;0;0;0;0;0;0;0;0;1;1;0;0;1;0;13;17;0;0;0;0;0;0;0;1;0;0;0;1;0;0;0;0;0;0;0;0;1;1;1;1;1;-1;1
3586;5;1;9;103;0;0;0;0;0;0;0;0;0;19;1;1;0;0;1;0;15;81;0;0;0;0;0;0,5;0;1;0;0;0;0;0;0;0;0;0;0;0;0;1;-1;1;1;0;1;1
3587;2;1;3;40;0;0;0;0;0;0;0;0;0;0;1;0;0;0;1;0;21;12;0;0;0;0;0;0,785714286;0;1;0;0;0;1;1;0;0;0;0;1;0;0;1;1;-1;1;1;-1;1
3588;2;1;7;113;1;0;0;0;0;0;0;0;0;22;1;1;0;0;0;0;34;72;0;0;0;0;0;0,785714286;0;1;0;0;0;1;1;0;0;0;0;1;0;0;1;-1;-1;1;1;-1;1
3589;2;1;4;55;0;0;0;0;0;0;0;0;0;0;1;1;0;0;0;0;25;23;0;0;0;0;0;0;0;1;0;0;0;0;0;0;0;0;0;0;0;0;1;0;1;1;1;1;1
3590;2;1;6;107;1;0;0;0;0;0;0;0;0;23;1;1;0;0;1;0;34;66;0;0;0;0;0;0,785714286;0;1;0;0;0;1;1;0;0;0;0;1;0;0;1;-1;-1;1;1;-1;1
3591;3;1;5;118;3;1;0;0;1;0;0;4;0;8;1;1;0;0;1;0;16;95;0;0;0;0;1;1;0;1;0;0;0;0;1;0;0;0;0;1;1;0;1;-1;-1;1;1;-1;1
3592;3;1;3;53;0;0;0;0;0;0;0;0;0;0;1;0;0;0;1;0;25;21;0;0;0;0;0;0,071428571;1;1;0;0;0;1;0;0;0;0;0;1;0;0;1;1;1;1;1;-1;1
3593;3;2;4;109;5;4;0;0;0;0;0;0;0;23;1;1;0;1;1;0;57;45;0;0;0;0;0,055555556;0,090909091;0;1;1;0;0;0,944444444;0;0;1;0;0;1;0;0;0;-1;1;1;1;-1;1
3594;5;1;5;109;1;0;0;0;0;0;0;0;0;30;1;1;0;0;1;0;18;84;0;0;1;0;0;0,125;1;1;0;0;0;1;0;0;0;0;0;0;0;0;1;-1;1;1;1;-1;1
3595;2;1;4;43;0;0;0;0;0;0;0;0;0;0;1;1;0;0;0;0;18;18;0;0;0;0;0;0;0;1;0;0;0;0;0;0;0;0;0;0;0;0;1;1;1;1;1;1;1
3596;3;1;2;38;0;0;0;0;0;0;0;0;0;0;1;0;0;0;1;0;19;12;0;0;0;0;0;0;0;1;0;0;0;0;0;0;0;0;0;0;0;0;1;1;1;1;1;1;1
3597;2;1;3;33;0;0;0;0;0;0;0;0;0;0;1;0;0;0;1;0;17;9;0;0;0;0;0;0,785714286;0;1;0;0;0;1;1;0;0;0;0;1;0;0;1;1;-1;1;1;-1;1
3598;5;1;5;109;1;0;0;0;0;0;0;0;0;24;1;1;0;0;1;0;18;84;0;0;1;0;0;0,125;1;1;0;0;0;1;0;0;0;0;0;0;0;0;1;-1;1;1;1;-1;1
3599;5;1;5;109;1;0;0;0;0;0;0;0;0;27;1;1;0;0;1;0;18;84;0;0;1;0;0;0,125;1;1;0;0;0;1;0;0;0;0;0;0;0;0;1;-1;1;1;1;-1;1
3600;3;1;4;81;1;0;0;0;0;2;0;0;0;4;1;1;0;0;1;0;23;51;0;0;0;0;1;1;1;1;0;0;0;0;1;0;0;0;0;0;0;0;1;-1;-1;1;-1;-1;1
3601;5;1;5;109;1;0;0;0;0;0;0;0;0;29;1;1;0;0;1;0;18;84;0;0;1;0;0;0,125;1;1;0;0;0;1;0;0;0;0;0;0;0;0;1;-1;1;1;1;-1;1
3602;2;1;2;31;0;0;0;0;0;0;0;0;0;1;0;1;0;0;0;0;14;9;0;0;0;0;0;0,785714286;0;0;0;0;0;1;1;0;0;0;0;1;0;0;1;1;-1;1;1;-1;1
3603;3;2;4;109;5;4;0;0;0;0;0;0;0;22;1;1;0;1;1;0;57;45;0;0;0;0;0,055555556;0,090909091;0;1;1;0;0;0,944444444;0;0;1;0;0;1;0;0;0;-1;1;1;1;-1;1
3604;3;2;4;109;5;4;0;0;0;0;0;0;0;23;1;1;0;1;1;0;57;45;0;0;0;0;0,055555556;0,090909091;0;1;1;0;0;0,944444444;0;0;1;0;0;1;0;0;0;-1;1;1;1;-1;1
3605;2;1;3;34;0;0;0;0;0;0;0;0;0;2;1;0;0;0;0;0;15;12;0;0;0;0;0;0;0;1;0;0;0;0;0;0;0;0;0;0;0;0;1;1;1;1;1;1;1
3606;2;1;4;59;1;0;0;0;0;0;0;0;0;0;1;0;0;0;1;0;28;24;0;0;1;0;0;0,133333333;0;1;1;0;0;1;0;0;0;0;0;0;0;0;1;0;1;1;0;-1;1
3607;2;1;6;58;0;0;0;0;0;0;0;0;0;0;1;0;0;0;1;0;20;31;0;0;0;0;0;0;0;0;0;0;0;0;1;0;0;0;0;0;1;0;1;0;1;1;1;1;1
3608;3;1;2;31;0;0;0;0;0;0;0;0;0;0;1;0;0;0;1;0;19;5;0;0;0;0;0;0;0;1;0;0;0;0;0;0;0;0;0;0;0;0;1;1;1;1;1;1;1
3609;2;1;6;107;1;0;0;0;0;0;0;0;0;18;1;1;0;0;1;0;34;66;0;0;0;0;0;0;0;1;0;0;0;0;0;0;0;0;0;0;0;0;1;-1;1;1;1;1;1
3610;3;1;5;115;1;0;0;0;1;6;0;0;0;12;1;1;0;0;1;0;21;87;0;0;0;1;0,898305085;1;0;1;0;1;0;0,016949153;1;0;0;0;0;1;0;0;1;-1;-1;0;-1;-1;1
3611;6;1;5;94;0;0;0;0;1;0;0;0;0;0;1;0;0;0;1;0;26;61;0;0;1;1;0,909090909;0,333333333;1;1;0;0;0;0,090909091;1;0;0;0;0;1;0;0;1;-1;0;1;0;-1;1
3612;4;1;2;54;0;0;0;0;0;0;0;0;0;0;1;0;0;0;0;0;26;21;0;0;1;0;1;0,888888889;1;1;0;0;0;0;1;0;0;0;0;0;0;0;1;0;0;1;-1;-1;1
3613;2;1;6;66;1;0;0;0;0;0;0;0;0;0;1;0;0;0;0;0;17;42;0;0;1;0;0;0,133333333;0;1;1;0;0;1;0;0;0;0;0;0;0;0;1;0;1;1;0;-1;1
3614;2;1;2;41;0;0;0;0;0;0;0;0;0;0;1;1;0;0;0;0;24;10;0;0;0;0;0;0;0;0;0;0;0;0;1;0;0;0;0;0;1;0;1;1;1;1;1;1;1
3615;3;1;3;56;0;0;0;0;0;0;0;0;0;0;1;0;0;0;0;0;32;17;0;0;0;1;1;1;0;1;0;0;0;0;1;0;0;0;0;0;0;0;1;0;-1;1;-1;-1;1
3616;3;1;3;51;0;0;0;0;0;0;0;0;0;0;1;0;0;0;0;0;19;25;0;0;0;0;0;0;0;1;0;0;0;0;0;0;0;0;0;0;0;0;1;1;1;1;1;1;1
3617;3;1;5;67;1;0;0;0;0;0;0;0;0;0;1;0;0;0;0;0;27;33;0;0;0;0;0;0;0;1;0;0;0;0;0;0;0;0;0;0;0;0;1;0;1;1;1;1;1
3618;2;1;5;67;1;0;0;0;0;0;0;0;0;0;1;1;0;0;0;0;22;38;0;0;0;0;0;0;0;1;0;0;0;0;0;0;0;0;0;0;0;0;1;0;1;1;1;1;1
3619;2;1;5;55;2;1;0;0;0;0;0;0;0;2;1;1;0;0;0;0;21;27;0;0;0;0;0;0;0;1;0;0;0;0;0;0;1;0;0;0;0;0;1;0;1;1;1;1;1
3620;3;1;12;106;0;0;0;0;0;0;0;0;0;0;1;1;0;0;1;0;19;80;0;0;1;0;0;0;0;1;0;0;0;0;0;0;0;0;0;0;0;0;1;-1;1;1;1;1;1
3621;3;1;1;32;0;0;0;0;0;0;0;0;0;1;1;1;0;0;0;0;14;11;0;0;1;0;0;0;0;1;0;0;0;1;0;0;0;0;0;0;0;0;1;1;1;1;1;-1;1
3622;4;1;5;70;0;0;0;0;1;0;0;0;0;0;1;0;0;0;1;0;12;51;0;0;0;0;1;1;0;1;0;0;0;0;1;0;0;0;0;0;0;0;1;0;-1;1;-1;-1;1
3623;3;1;2;58;1;0;0;0;1;0;0;0;0;0;1;0;0;0;1;0;27;24;0;0;0;0;1;1;0;1;0;0;0;0;1;0;0;0;0;1;1;0;1;0;-1;1;-1;-1;1
3624;2;1;3;37;0;0;0;0;0;0;0;0;0;0;1;0;0;0;1;0;18;12;0;0;1;0;0,1;0;0;1;0;0;0;0,7;0;0;0;0;0;0;0;0;1;1;1;1;1;-1;1
3625;3;1;3;56;0;0;0;0;1;0;0;0;0;0;1;0;0;0;1;0;17;32;0;0;0;0;1;1;0;1;0;0;0;0;1;0;0;0;0;1;1;0;1;0;-1;1;1;-1;1
3626;4;1;2;50;1;0;0;0;0;0;0;0;0;0;1;1;0;0;0;0;14;29;0;0;0;0;0;0;0;0;0;0;0;0;1;0;0;0;0;0;1;0;1;1;1;1;1;1;1
3627;2;1;2;48;1;1;0;0;0;0;0;0;0;5;1;1;0;0;0;0;32;9;0;0;0;0;0;0;0;1;1;0;0;1;0;0;0;0;1;1;0;0;1;1;1;1;1;-1;1
3628;4;1;6;81;1;1;0;0;0;0;0;0;0;0;1;1;0;0;0;0;21;53;0;0;1;0;0,223684211;0,882352941;0;1;0;0;0;0;0;0;0;0;0;0;0;0;1;-1;-1;1;-1;1;1
3629;2;1;5;59;0;0;0;0;0;0;0;0;0;0;1;0;0;0;0;0;19;33;0;0;0;0;0;0;0;1;0;0;0;0;0;0;0;0;0;0;0;0;1;0;1;1;1;1;1
3630;3;1;4;85;1;0;0;0;1;0;0;0;0;0;1;0;0;0;0;0;22;56;0;0;1;1;1;0,888888889;1;1;0;0;0;0;1;0;0;0;0;0;0;0;1;-1;0;1;-1;-1;1
3631;3;1;4;86;1;0;0;0;2;0;0;0;0;0;1;0;0;0;1;0;21;58;0;0;1;1;1;0,888888889;1;1;0;0;0;0;1;0;0;0;0;0;0;0;1;-1;0;1;-1;-1;1
3632;8;1;4;107;0;0;0;0;0;0;0;0;0;6;1;1;0;0;1;0;19;81;0;0;3;0;0;0;0;1;0;0;0;0;0;0;0;0;0;0;0;0;1;-1;1;1;1;1;1
3633;3;1;5;77;1;0;0;0;0;0;0;0;0;1;1;1;0;0;0;0;29;41;0;0;0;0;0,846153846;1;0;1;0;0;0;0;1;0;0;0;0;1;0;0;1;-1;-1;1;-1;-1;1
3634;2;1;3;51;1;0;0;0;0;0;0;0;0;0;1;1;0;0;1;0;27;17;0;0;0;0;0;0,071428571;1;1;0;0;0;1;0;0;0;0;0;1;0;0;1;1;1;1;1;-1;1
3635;5;4;2;93;1;1;0;0;0;0;0;0;0;19;1;1;0;1;0;0;52;34;0;0;0;0;0;0;0;1;0;0;0;0;0;0;0;0;0;0;0;0;-1;-1;1;1;1;1;1
3636;3;1;2;60;5;1;0;0;0;0;0;0;0;0;1;0;0;0;1;0;17;36;0;0;0;0;0,076923077;0;0;1;1;0;0;0,076923077;0;0;0;0;0;0;0;1;1;0;1;1;1;1;1
3637;2;1;3;94;1;0;0;0;0;0;0;0;0;29;1;1;0;0;0;0;29;58;0;0;1;0;0;0;0;0;0;0;0;0;1;0;0;0;0;0;1;0;1;-1;1;1;1;1;1
3638;2;1;3;94;1;0;0;0;0;0;0;0;0;21;1;1;0;0;0;0;29;58;0;0;1;0;0;0;0;0;0;0;0;0;1;0;0;0;0;0;1;0;1;-1;1;1;1;1;1
3639;2;1;3;44;1;0;0;0;0;0;0;0;0;0;1;0;0;0;1;0;18;19;0;0;0;0;0;0;0;0;0;0;0;0;1;0;0;0;0;0;1;0;1;1;1;1;1;1;1
3640;2;1;6;64;1;0;0;0;0;0;0;0;0;0;1;1;0;0;0;0;17;40;0;0;0;0;0;0,1;0;1;0;0;0;0;0;0;0;0;0;0;0;0;1;0;1;1;1;1;1
3641;3;1;3;49;0;0;0;0;0;0;0;0;0;0;1;1;0;0;0;0;15;27;0;0;0;0;0;0;0;1;1;0;0;0;0;0;0;0;0;0;1;0;1;1;1;1;1;1;1
3642;6;1;3;175;2;0;0;0;0;0;0;0;0;64;1;1;0;0;1;0;20;148;0;0;0;0;0;0,666666667;1;1;1;0;0;0;0;0;0;0;0;0;0;0;1;-1;1;1;0;1;1
3643;3;1;4;55;1;0;0;0;0;0;0;0;0;0;1;1;0;0;0;0;13;35;0;0;0;1;0;0,838709677;0;1;0;0;0;1;1;1;0;0;0;0;0;0;1;0;-1;1;-1;-1;1
3644;2;1;15;143;3;1;0;0;0;0;0;0;0;21;1;1;0;0;1;0;22;114;0;0;1;0;0;0;0;1;0;1;0;1;0;0;0;0;0;0;0;0;1;-1;1;0;1;-1;1
3645;11;10;4;138;0;0;0;0;0;0;0;0;0;19;1;1;0;1;1;0;86;45;0;0;2;0;0,1875;0;0;1;0;0;0;0,8125;0;0;0;0;0;0;0;0;-1;-1;1;1;1;-1;1
3646;3;1;3;65;0;0;0;0;1;0;0;0;0;3;1;0;0;0;0;0;21;37;0;0;0;0;0;0;0;1;0;0;0;0;0;0;0;0;0;0;0;0;1;0;1;1;1;1;1
3647;2;1;3;41;0;0;0;0;0;0;0;0;0;0;1;0;0;0;0;0;15;19;0;0;0;0;0;0,074074074;1;1;0;0;0;0;0;0;0;0;0;0;0;0;1;1;1;1;1;1;1
3648;3;1;2;104;8;8;0;0;0;0;0;0;0;2;1;1;0;1;0;0;80;17;0;0;2;0;0;0;0;1;0;0;0;0;0;0;0;0;0;0;0;0;1;-1;1;1;1;1;1
3649;2;1;3;44;0;0;0;0;0;0;0;0;0;4;1;1;0;0;1;0;16;21;0;0;0;0;0;0,0625;0;1;0;0;0;0;0;0;0;0;0;1;0;0;1;1;1;1;0;1;1
3650;2;1;3;68;0;0;0;0;0;0;0;0;0;19;1;1;0;0;1;0;19;42;0;0;0;0;0,909090909;0,304347826;1;1;0;0;0;0,090909091;0;0;0;0;0;1;0;0;1;0;1;1;0;-1;1
3651;2;1;3;68;0;0;0;0;0;0;0;0;0;16;1;1;0;0;1;0;19;42;0;0;0;0;0,909090909;0,304347826;1;1;0;0;0;0,090909091;0;0;0;0;0;1;0;0;1;0;1;1;0;-1;1
3652;2;1;3;68;0;0;0;0;0;0;0;0;0;25;1;1;0;0;1;0;19;42;0;0;0;0;0,909090909;0,304347826;1;1;0;0;0;0,090909091;0;0;0;0;0;1;0;0;1;0;1;1;0;-1;1
3653;6;1;3;71;1;1;0;0;0;0;0;0;0;0;1;1;0;0;1;0;19;45;0;0;1;0;0,714285714;0,125;1;1;0;1;0;0,190476191;0;0;0;0;0;1;0;0;1;0;1;0;1;-1;1
3654;2;1;4;51;0;0;0;0;0;0;0;0;0;0;1;1;0;0;0;0;27;17;0;0;0;0;0;0,785714286;0;1;0;0;0;1;1;0;0;0;0;1;0;0;1;1;-1;1;1;-1;1
3655;3;1;6;65;1;1;0;0;0;0;0;0;0;0;1;0;0;0;0;0;21;37;0;0;0;0;0;0;0;1;0;1;0;0;0;0;0;0;0;0;0;0;1;0;1;0;1;1;1
3656;3;2;4;109;5;4;0;0;0;0;0;0;0;21;1;1;0;1;1;0;57;45;0;0;0;0;0,055555556;0,090909091;0;1;1;0;0;0,944444444;0;0;1;0;0;1;0;0;0;-1;1;1;1;-1;1
3657;3;2;4;109;5;4;0;0;0;0;0;0;0;20;1;1;0;1;1;0;57;45;0;0;0;0;0,055555556;0,090909091;0;1;1;0;0;0,944444444;0;0;1;0;0;1;0;0;0;-1;1;1;1;-1;1
3658;4;1;5;78;0;0;0;0;0;0;0;0;0;8;1;1;0;0;1;0;20;51;0;0;0;0;0;0;0;1;0;0;0;1;0;0;0;0;0;0;0;0;1;-1;1;1;1;-1;1
3659;3;1;10;97;0;0;0;0;0;0;0;0;0;0;1;0;0;0;1;0;17;73;0;0;1;0;0;0;0;1;0;0;0;0;0;0;0;0;0;0;0;0;1;-1;1;1;1;1;1
3660;3;2;4;109;5;4;0;0;0;0;0;0;0;13;1;1;0;1;1;0;57;45;0;0;0;0;0,055555556;0,090909091;0;1;1;0;0;0,944444444;0;0;1;0;0;1;0;0;0;-1;1;1;1;-1;1
3661;3;1;5;69;0;0;0;0;0;0;0;0;0;8;1;1;0;0;1;0;20;42;0;0;0;0;0;0;0;1;0;0;0;1;0;0;0;0;0;0;0;0;1;0;1;1;1;-1;1
3662;3;1;5;58;1;0;0;0;0;0;0;0;0;0;1;0;0;0;1;0;22;29;0;0;0;0;1;1;0;1;0;0;0;0;1;0;0;0;0;1;0;0;1;0;-1;1;1;-1;1
3663;6;1;5;169;0;0;0;1;0;0;1;0;0;49;1;1;0;0;1;0;21;66;74;0;1;0;0;0;0;1;0;0;0;0;0;0;0;0;0;0;0;0;1;-1;1;1;1;1;1
3664;4;1;3;92;0;0;0;0;0;0;0;0;0;21;1;1;0;0;1;0;33;52;0;0;0;0;0;0,08;0;1;1;0;1;0,95890411;0;0;0;0;0;1;0;0;1;-1;1;-1;1;-1;1
3665;3;1;4;54;1;0;0;0;0;0;0;0;0;0;1;0;0;0;0;0;22;25;0;0;0;0;1;1;0;1;0;0;0;0;1;0;0;0;0;1;0;0;1;0;-1;1;1;-1;1
3666;3;1;5;58;1;0;0;0;0;0;0;0;0;0;1;0;0;0;0;0;22;29;0;0;0;0;1;1;0;1;0;0;0;0;1;0;0;0;0;1;0;0;1;0;-1;1;1;-1;1
3667;6;1;5;169;0;0;0;1;0;0;1;0;0;48;1;1;0;0;1;0;21;66;74;0;1;0;0;0;0;1;0;0;0;0;0;0;0;0;0;0;0;0;1;-1;1;1;1;1;1
3668;6;1;5;94;0;0;0;1;0;0;0;0;0;6;1;1;0;0;1;0;21;66;0;0;1;0;0;0;0;1;0;0;0;0;0;0;0;0;0;0;0;0;1;-1;1;1;1;1;1
3669;2;1;6;56;1;0;0;0;0;0;0;0;0;0;1;0;0;0;1;0;17;32;0;0;0;0;1;0,105263158;0;1;0;0;0;0;0;0;0;0;0;0;0;0;1;0;1;1;1;-1;1
3670;2;1;4;50;1;0;0;0;0;0;0;0;0;0;1;0;0;0;1;0;18;25;0;0;0;0;0;0;0;1;0;0;0;0,888888889;0;0;0;0;0;1;0;0;1;1;1;1;1;-1;1
3671;2;1;7;88;1;0;0;0;0;0;0;0;0;0;1;1;0;0;0;0;26;55;0;0;0;0;0;0;0;1;0;0;0;0;0;0;0;0;0;0;0;0;1;-1;1;1;1;1;1
3672;3;1;5;90;2;1;0;0;2;0;0;0;0;20;1;1;0;0;1;0;27;56;0;0;0;0;0,055555556;0,090909091;0;1;1;0;0;0,944444444;0;0;1;0;0;1;0;0;1;-1;1;1;1;-1;1
3673;5;3;2;65;1;1;0;0;0;0;0;0;0;0;1;1;0;1;0;0;37;21;0;0;1;0;0,714285714;0,125;1;1;0;1;0;0,190476191;0;0;0;0;0;1;0;0;-1;0;1;0;1;-1;1
3674;3;1;5;64;1;0;0;0;0;0;0;0;0;0;1;0;0;0;0;0;24;33;0;0;0;0;0;0;0;1;0;0;0;0;0;0;0;0;0;0;0;0;1;0;1;1;1;1;1
3675;3;1;3;42;0;0;0;0;0;0;0;0;0;1;1;1;0;0;1;0;16;19;0;0;0;0;1;1;0;1;0;1;0;0;1;0;0;0;0;1;0;0;1;1;-1;0;1;-1;1
3676;2;1;4;54;0;0;0;0;0;0;0;0;0;0;1;1;0;0;0;0;26;21;0;0;0;0;0;0;0;1;0;0;0;0;0;0;0;0;0;0;0;0;1;0;1;1;1;1;1
3677;3;1;2;36;0;0;0;0;0;0;0;0;0;0;1;0;0;0;0;0;12;17;0;0;1;0;0;0,166666667;1;1;0;0;0;1;0;0;0;0;0;0;1;0;1;1;1;1;0;-1;1
3678;4;1;5;90;0;0;0;0;0;0;0;0;0;16;1;1;0;0;1;0;20;63;0;0;0;0;0,033898305;0,12195122;0;1;0;0;0;0,661016949;0;0;0;0;0;1;0;0;1;-1;1;1;0;-1;1
3679;2;1;3;68;0;0;0;0;0;0;0;0;0;18;1;1;0;0;1;0;19;42;0;0;0;0;0,909090909;0,304347826;1;1;0;0;0;0,090909091;0;0;0;0;0;1;0;0;1;0;1;1;0;-1;1
3680;5;3;3;84;0;0;0;0;0;0;0;0;0;4;1;1;0;1;0;0;33;44;0;0;2;0;0,555555556;0;0;1;1;0;0;0,111111111;0;0;0;0;0;0;0;0;-1;-1;1;1;1;0;1
3681;6;2;7;136;4;4;0;0;1;0;0;0;0;4;1;1;0;1;1;0;55;74;0;0;1;0;0;0;0;1;0;0;0;0;0;0;0;0;0;0;0;0;0;-1;1;1;1;1;1
3682;4;1;4;77;0;0;0;0;0;0;0;0;0;3;1;1;0;0;1;0;20;50;0;0;1;0;0;0;0;0;0;0;0;0;0;0;0;0;0;1;0;0;1;-1;1;1;1;1;1
3683;1;0;4;59;0;0;0;0;0;0;0;0;0;9;1;1;0;0;1;0;18;34;0;0;0;0;0;0;0;1;0;0;0;1;0;0;0;0;0;0;0;0;1;0;1;1;1;-1;1
3684;6;4;4;62;0;0;0;0;0;0;0;0;0;0;1;1;0;1;1;0;28;27;0;0;2;0;0,785714286;0,058823529;0;1;0;0;0;0;0;0;0;0;0;0;0;0;-1;0;1;1;0;-1;1
3685;2;1;2;33;0;0;0;0;0;0;0;0;0;0;1;0;0;0;0;0;12;14;0;0;0;0;0;0;0;1;0;0;0;0;0;0;0;0;0;0;0;0;1;1;1;1;1;1;1
3686;2;1;3;44;0;0;0;0;0;0;0;0;0;0;1;0;0;0;0;0;25;12;0;0;1;0;0;0;0;1;1;0;0;1;0;0;0;0;0;0;0;1;1;1;1;1;1;-1;1
3687;3;1;2;38;0;0;0;0;0;0;0;0;0;0;1;0;0;0;0;0;23;8;0;0;0;0;0;0;0;1;0;0;0;0;0;0;0;0;0;0;0;0;1;1;1;1;1;1;1
3688;2;1;3;30;0;0;0;0;0;0;0;0;0;3;1;0;0;0;0;0;14;9;0;0;0;0;0;0;0;1;0;0;0;1;0;0;0;0;0;0;0;0;1;1;1;1;1;-1;1
3689;3;1;5;58;2;1;0;0;0;0;0;0;0;0;1;0;0;0;0;0;19;32;0;0;0;0;0;0;0;1;0;0;0;0;0;0;0;0;0;0;0;0;1;0;1;1;1;1;1
3690;2;1;4;56;0;0;0;0;0;0;0;0;0;1;1;0;0;0;0;0;23;26;0;0;0;0;0;0;0;1;0;0;0;0;0;0;0;0;0;0;0;0;1;0;1;1;1;1;1
3691;2;1;5;147;0;0;0;0;0;0;0;0;0;69;1;1;0;0;0;0;17;123;0;0;0;0;0,957446809;0,064516129;1;1;0;1;0;0;1;0;0;0;0;0;0;0;1;-1;1;0;0;-1;1
3692;5;1;5;79;0;0;0;0;0;0;0;0;0;0;1;0;0;0;1;0;17;55;0;0;2;0;0;0,666666667;0;1;0;0;0;0;0;0;0;0;0;0;0;0;1;-1;1;1;0;1;1
3693;6;4;2;141;3;2;0;0;0;0;0;0;0;33;1;1;0;0;0;0;109;25;0;0;2;0;0;0,25;0;1;0;0;0;0,166666667;0;0;0;0;0;0;0;0;-1;-1;1;1;0;1;1
3694;2;1;7;87;2;0;0;0;0;0;0;0;0;0;1;1;0;0;1;0;20;60;0;0;0;0;0;0;0;1;0;0;0;0;0;0;0;0;0;0;0;0;1;-1;1;1;1;1;1
3695;2;1;3;68;0;0;0;0;0;0;0;0;0;19;1;1;0;0;1;0;19;42;0;0;0;0;0,909090909;0,304347826;1;1;0;0;0;0,090909091;0;0;0;0;0;1;0;0;1;0;1;1;0;-1;1
3696;3;1;5;57;1;1;0;0;0;0;0;0;0;4;1;0;0;0;1;0;21;29;0;0;0;0;0;0,8;0;1;0;0;0;1;1;0;0;0;0;1;0;0;1;0;-1;1;0;-1;1
3697;3;1;6;63;0;0;0;0;0;0;0;0;0;0;1;1;0;0;0;0;14;42;0;0;0;0;0;0;0;1;0;1;0;0;0;0;0;0;0;0;0;0;1;0;1;0;1;1;1
3698;3;1;7;126;1;0;0;0;0;0;0;0;0;39;1;1;0;0;0;0;14;105;0;0;0;1;0;0;0;1;1;0;0;1;0;0;0;0;0;0;0;0;1;-1;1;1;1;-1;1
3699;4;1;3;64;0;0;0;0;0;0;1;0;0;0;1;0;0;0;1;0;27;22;7;0;0;0;0,375;0;0;1;0;0;0;0;0;0;0;0;0;0;0;0;1;0;1;1;1;0;1
3700;4;1;3;56;0;0;0;0;0;0;0;0;0;0;1;0;0;0;1;0;27;22;0;0;0;0;0,375;0;0;1;0;0;0;0,5625;0;0;0;0;0;0;0;0;1;0;1;1;1;-1;1
3701;2;1;4;35;0;0;0;0;0;0;0;0;0;0;1;0;0;0;0;0;14;14;0;0;0;0;0;0,785714286;0;1;0;0;0;1;1;0;0;0;0;1;0;0;1;1;-1;1;1;-1;1
3702;2;1;3;33;0;0;0;0;0;0;0;0;0;0;1;0;0;0;1;0;14;12;0;0;0;0;0;0;0;1;1;0;0;0,947368421;0;1;0;0;0;0;0;0;1;1;1;1;1;-1;1
3703;2;1;3;68;0;0;0;0;0;0;0;0;0;20;1;1;0;0;1;0;19;42;0;0;0;0;0,909090909;0,304347826;1;1;0;0;0;0,090909091;0;0;0;0;0;1;0;0;1;0;1;1;0;-1;1
3704;2;1;4;49;1;0;0;0;0;0;0;0;0;0;1;1;0;0;1;0;15;27;0;0;0;0;0;0;0;0;0;0;0;0;1;0;0;0;0;0;1;0;1;1;1;1;1;1;1
3705;5;1;4;89;0;0;0;0;0;0;0;0;0;12;1;1;0;0;0;0;19;63;0;0;2;0;0;0;0;1;0;0;0;0;0;0;0;0;0;0;0;0;1;-1;1;1;1;1;1
3706;5;3;3;61;3;3;0;0;0;0;0;0;0;0;1;0;0;1;0;0;37;17;0;0;0;0;0;0;0;1;0;0;0;0;0;0;0;0;0;0;0;0;0;0;1;1;1;1;1
3707;5;1;5;111;0;0;0;0;0;0;0;0;0;21;1;1;0;0;1;0;23;81;0;0;0;0;1;0;0;1;0;0;0;0;0;0;0;0;0;0;0;1;1;-1;1;1;1;-1;1
3708;2;1;3;68;0;0;0;0;0;0;0;0;0;18;1;1;0;0;1;0;19;42;0;0;0;0;0,909090909;0,304347826;1;1;0;0;0;0,090909091;0;0;0;0;0;1;0;0;1;0;1;1;0;-1;1
3709;2;1;3;68;0;0;0;0;0;0;0;0;0;18;1;1;0;0;1;0;19;42;0;0;0;0;0,909090909;0,304347826;1;1;0;0;0;0,090909091;0;0;0;0;0;1;0;0;1;0;1;1;0;-1;1
3710;2;1;3;68;0;0;0;0;0;0;0;0;0;17;1;1;0;0;1;0;19;42;0;0;0;0;0,909090909;0,304347826;1;1;0;0;0;0,090909091;0;0;0;0;0;1;0;0;1;0;1;1;0;-1;1
3711;2;1;3;183;4;3;0;0;1;0;2;1;0;39;1;1;0;0;0;0;51;25;99;0;2;0;0;0;0;1;0;0;0;0;0;0;0;0;0;0;0;0;1;-1;1;1;1;1;1
3712;2;1;2;54;0;0;0;0;0;0;0;0;0;0;1;1;0;0;0;0;32;15;0;0;0;0;0;0;0;1;0;0;0;0;0;0;0;0;0;0;0;0;1;0;1;1;1;1;1
3713;2;1;4;67;1;0;0;0;0;0;0;0;0;0;1;0;0;0;0;0;32;28;0;0;0;0;0;0;0;1;0;0;0;0;0;0;0;0;0;0;0;0;1;0;1;1;1;1;1
3714;3;1;4;60;0;0;0;0;0;0;0;0;0;0;1;0;0;0;0;0;21;32;0;0;0;0;0;0;0;1;1;0;0;1;0;0;0;0;0;0;0;0;1;0;1;1;1;-1;1
3715;3;1;1;40;0;0;0;0;0;0;0;0;0;0;1;0;0;0;1;0;25;8;0;0;0;1;0,989417989;0,142857143;1;1;1;1;0;0,005291005;1;0;0;0;0;1;0;0;1;1;1;0;0;-1;1
3716;2;1;3;53;1;0;0;0;0;0;0;0;0;0;1;0;0;0;0;0;25;21;0;0;0;0;0;0;0;1;1;0;1;0,727272727;0;0;0;0;0;0;0;0;1;1;1;-1;1;-1;1
3717;2;1;3;68;0;0;0;0;0;0;0;0;0;22;1;1;0;0;1;0;19;42;0;0;0;0;0,909090909;0,304347826;1;1;0;0;0;0,090909091;0;0;0;0;0;1;0;0;1;0;1;1;0;-1;1
3718;4;1;1;43;0;0;0;0;0;0;0;0;0;0;1;0;0;0;0;0;24;12;0;0;0;0;1;1;0;1;0;1;0;0;1;0;0;0;0;1;1;0;1;1;-1;0;1;-1;1
3719;4;2;3;72;4;4;0;0;0;0;1;0;0;9;1;0;0;0;1;0;35;22;7;0;1;0;0,375;0;0;1;0;0;0;0;0;0;0;0;0;0;0;0;0;0;1;1;1;0;1
3720;2;1;2;40;0;0;0;0;0;0;0;0;0;0;1;0;0;0;0;0;24;9;0;0;0;0;0;0;0;1;0;0;0;0;0;0;0;0;0;0;0;0;1;1;1;1;1;1;1
3721;4;1;5;75;0;0;0;0;0;0;0;0;0;0;1;1;0;0;0;0;30;38;0;0;0;0;0,481481482;0;0;1;1;0;0;0;0;0;0;0;1;0;0;0;1;0;1;1;1;0;1
3722;3;2;4;109;5;4;0;0;0;0;0;0;0;25;1;1;0;1;1;0;57;45;0;0;0;0;0,055555556;0,090909091;0;1;1;0;0;0,944444444;0;0;1;0;0;1;0;0;0;-1;1;1;1;-1;1
3723;3;2;4;109;5;4;0;0;0;0;0;0;0;20;1;1;0;1;1;0;57;45;0;0;0;0;0,055555556;0,090909091;0;1;1;0;0;0,944444444;0;0;1;0;0;1;0;0;0;-1;1;1;1;-1;1
3724;3;2;4;109;5;4;0;0;0;0;0;0;0;21;1;1;0;1;1;0;57;45;0;0;0;0;0,055555556;0,090909091;0;1;1;0;0;0,944444444;0;0;1;0;0;1;0;0;0;-1;1;1;1;-1;1
3725;3;1;5;75;3;0;0;0;0;0;0;0;0;0;1;0;0;0;0;0;22;46;0;0;0;0;1;1;0;1;0;0;0;0;1;0;0;0;0;1;1;0;1;0;-1;1;-1;-1;1
3726;4;1;5;68;0;0;0;0;1;0;0;0;0;1;1;0;0;0;1;0;17;44;0;0;0;0;0;0;0;1;0;0;0;0;0;0;0;0;0;0;0;0;1;0;1;1;1;1;1
3727;3;1;5;51;0;0;0;0;0;0;0;0;0;2;1;0;0;0;1;0;29;15;0;0;0;0;0,818181818;0,066666667;1;1;0;0;0;0,090909091;0;0;0;0;0;1;0;0;1;1;1;1;1;-1;1
3728;3;1;3;41;0;0;0;0;0;0;0;0;0;1;1;1;0;0;0;0;23;11;0;0;0;0;0;0;0;1;0;0;0;0;0;0;0;0;0;0;1;0;1;1;1;1;1;1;1
3729;3;1;3;70;0;0;0;0;0;0;0;0;0;0;1;0;0;0;1;0;15;48;0;0;1;0;0,066666667;0,875;1;1;0;0;0;0,933333333;0;0;0;0;0;0;0;0;1;0;-1;1;-1;-1;1
3730;2;1;3;68;0;0;0;0;0;0;0;0;0;16;1;1;0;0;1;0;19;42;0;0;0;0;0,909090909;0,304347826;1;1;0;0;0;0,090909091;0;0;0;0;0;1;0;0;1;0;1;1;0;-1;1
3731;3;1;1;40;0;0;0;0;1;0;0;0;0;0;1;0;0;0;1;0;20;13;0;0;0;0;1;1;0;1;0;0;0;0;1;0;0;0;0;1;1;0;1;1;-1;1;1;-1;1
3732;2;1;3;68;0;0;0;0;0;0;0;0;0;22;1;1;0;0;1;0;19;42;0;0;0;0;0,909090909;0,304347826;1;1;0;0;0;0,090909091;0;0;0;0;0;1;0;0;1;0;1;1;0;-1;1
3733;3;1;2;37;1;0;0;0;0;0;0;0;0;0;1;1;0;0;1;0;13;17;0;0;0;0;0;0;0;1;0;0;0;1;0;0;0;0;0;0;0;0;1;1;1;1;1;-1;1
3734;3;1;2;60;0;0;0;0;0;0;0;1;0;10;1;1;0;0;0;0;14;39;0;0;0;0;0;0,25;1;1;0;0;0;1;0;0;0;0;0;1;0;0;1;0;1;1;0;-1;1
3735;3;1;3;55;2;1;0;0;0;0;0;0;0;0;1;0;0;0;0;0;19;29;0;0;0;0;1;1;0;1;0;0;0;0;1;0;0;0;0;0;0;0;1;0;-1;1;-1;-1;1
3736;3;1;3;60;0;0;0;0;0;0;0;0;0;0;1;0;0;0;0;0;25;28;0;0;1;0;0;0;0;1;1;0;0;1;0;0;0;0;0;0;0;0;1;0;1;1;1;-1;1
3737;3;1;6;69;0;0;0;0;0;0;0;0;0;0;1;0;0;0;0;0;18;44;0;0;0;0;1;1;0;1;0;0;0;0;1;0;0;0;0;0;0;0;1;0;-1;1;-1;-1;1
3738;3;1;3;47;1;0;0;0;0;0;0;0;0;0;1;0;0;0;0;0;17;23;0;0;0;0;0;0;0;0;0;0;0;0;1;0;0;0;0;0;1;0;1;1;1;1;1;1;1
3739;3;1;3;52;0;0;0;0;1;0;0;0;0;0;1;0;0;0;0;0;15;30;0;0;0;0;1;1;0;1;0;0;0;0;1;0;0;0;0;0;0;0;1;1;-1;1;-1;-1;1
3740;2;1;3;38;0;0;0;0;0;0;0;0;0;0;1;0;0;0;0;0;17;14;0;0;0;0;0;0;0;1;0;0;0;0;0;0;0;0;0;0;0;0;1;1;1;1;1;1;1
3741;3;1;2;44;0;0;0;0;0;0;0;0;0;0;1;0;0;0;0;0;23;14;0;0;0;0;0,87398374;0,08;0;1;0;1;0;0,008130081;1;0;0;0;0;1;0;0;1;1;1;0;0;-1;1
3742;4;1;2;71;2;1;0;0;0;0;0;0;0;0;1;1;0;0;1;0;28;36;0;0;0;0;0,2;0;0;1;0;0;0;0,8;0;0;0;0;1;0;0;0;1;0;1;1;0;-1;1
3743;4;1;2;71;2;1;0;0;0;0;0;0;0;0;1;1;0;0;1;0;28;36;0;0;0;0;0,2;0;0;1;0;0;0;0,8;0;0;0;0;1;0;0;0;1;0;1;1;0;-1;1
3744;6;1;4;71;1;0;0;0;0;0;0;0;0;0;1;0;0;0;1;0;16;48;0;0;1;1;1;0,9;1;1;0;0;0;0;1;0;0;0;0;0;0;0;1;0;-1;1;-1;-1;1
3745;2;1;6;80;0;0;0;0;0;0;0;0;0;0;1;0;0;0;0;0;17;56;0;0;0;0;0;0;0;1;0;0;0;0;0;0;0;0;0;0;0;0;1;-1;1;1;1;1;1
3746;3;1;1;67;0;0;0;0;0;0;0;0;0;0;1;0;0;0;0;0;27;33;0;0;1;0;0,066666667;0,875;1;1;0;0;0;0,933333333;0;0;0;0;0;0;0;0;1;0;-1;1;-1;-1;1
3747;2;1;2;28;0;0;0;0;0;0;0;0;0;0;1;0;0;0;0;0;15;6;0;0;0;0;0;0;0;1;0;0;0;0;0;0;0;0;0;0;0;0;1;1;1;1;1;1;1
3748;3;1;5;71;0;0;0;0;0;0;0;0;0;0;1;0;0;0;0;0;27;37;0;0;0;0;0,909090909;0,384615385;1;1;0;0;0;0,090909091;0;0;0;0;0;1;0;0;1;0;0;1;0;-1;1
3749;2;1;7;91;0;0;0;0;0;0;0;0;0;18;1;1;0;0;0;0;18;66;0;0;0;0;0;0;0;1;1;0;0;0,454545455;0;0;0;0;0;0;0;0;1;-1;1;1;1;0;1
3750;3;1;3;46;0;0;0;0;0;0;0;0;0;0;1;0;0;0;0;0;19;20;0;0;0;0;0;0;0;1;0;0;0;0;0;0;0;0;0;0;0;0;1;1;1;1;1;1;1
3751;3;1;3;46;0;0;0;0;1;0;0;0;0;0;1;0;0;0;1;0;19;20;0;0;0;0;0;0;0;1;0;0;0;0;0;0;0;0;0;0;0;0;1;1;1;1;1;1;1
3752;3;1;5;86;1;0;0;0;0;0;0;0;0;0;1;0;0;0;0;0;36;43;0;0;0;0;0,375;0;0;1;0;0;0;0,5625;0;0;0;0;0;0;0;0;1;-1;1;1;1;-1;1
3753;2;1;3;41;0;0;0;0;0;0;0;0;0;0;1;0;0;0;0;0;20;14;0;0;0;0;0;0,785714286;0;1;0;0;0;1;1;0;0;0;0;1;0;0;1;1;-1;1;1;-1;1
3754;3;1;2;57;0;0;0;0;0;0;0;0;0;0;1;1;0;0;0;0;27;23;0;0;0;0;0;0;0;1;1;0;0;0;0;0;0;0;0;0;1;0;1;0;1;1;1;1;1
3755;3;1;3;59;0;0;0;0;0;0;0;0;0;0;1;0;0;0;1;0;24;28;0;0;0;0;0;0;0;1;1;0;0;0;0;0;0;0;0;0;1;0;1;0;1;1;1;1;1
3756;3;1;6;134;0;0;0;0;0;0;0;3;0;25;1;1;0;0;0;0;20;107;0;0;0;0;0;0,115384615;0;1;1;0;1;0,95890411;0;0;0;0;0;1;0;0;1;-1;1;-1;1;-1;1
3757;3;1;10;106;0;0;0;0;0;0;0;0;0;0;1;0;0;0;1;0;17;82;0;0;1;0;0;0;0;1;0;0;0;0;0;0;0;0;0;0;0;0;1;-1;1;1;1;1;1
3758;3;2;4;109;5;4;0;0;0;0;0;0;0;25;1;1;0;1;1;0;57;45;0;0;0;0;0,055555556;0,090909091;0;1;1;0;0;0,944444444;0;0;1;0;0;1;0;0;0;-1;1;1;1;-1;1
3759;3;2;4;109;5;4;0;0;0;0;0;0;0;25;1;1;0;1;1;0;57;45;0;0;0;0;0,055555556;0,090909091;0;1;1;0;0;0,944444444;0;0;1;0;0;1;0;0;0;-1;1;1;1;-1;1
3760;3;2;4;109;5;4;0;0;0;0;0;0;0;18;1;1;0;1;1;0;57;45;0;0;0;0;0,055555556;0,090909091;0;1;1;0;0;0,944444444;0;0;1;0;0;1;0;0;0;-1;1;1;1;-1;1
3761;3;2;4;109;5;4;0;0;0;0;0;0;0;22;1;1;0;1;1;0;57;45;0;0;0;0;0,055555556;0,090909091;0;1;1;0;0;0,944444444;0;0;1;0;0;1;0;0;0;-1;1;1;1;-1;1
3762;3;2;4;109;5;4;0;0;0;0;0;0;0;22;1;1;0;1;1;0;57;45;0;0;0;0;0,055555556;0,090909091;0;1;1;0;0;0,944444444;0;0;1;0;0;1;0;0;0;-1;1;1;1;-1;1
3763;3;2;4;109;5;4;0;0;0;0;0;0;0;23;1;1;0;1;1;0;57;45;0;0;0;0;0,055555556;0,090909091;0;1;1;0;0;0,944444444;0;0;1;0;0;1;0;0;0;-1;1;1;1;-1;1
3764;3;2;4;109;5;4;0;0;0;0;0;0;0;20;1;1;0;1;1;0;57;45;0;0;0;0;0,055555556;0,090909091;0;1;1;0;0;0,944444444;0;0;1;0;0;1;0;0;0;-1;1;1;1;-1;1
3765;3;2;4;109;5;4;0;0;0;0;0;0;0;17;1;1;0;1;1;0;57;45;0;0;0;0;0,055555556;0,090909091;0;1;1;0;0;0,944444444;0;0;1;0;0;1;0;0;0;-1;1;1;1;-1;1
3766;3;2;4;109;5;4;0;0;0;0;0;0;0;23;1;1;0;1;1;0;57;45;0;0;0;0;0,055555556;0,090909091;0;1;1;0;0;0,944444444;0;0;1;0;0;1;0;0;0;-1;1;1;1;-1;1
3767;3;2;4;109;5;4;0;0;0;0;0;0;0;18;1;1;0;1;1;0;57;45;0;0;0;0;0,055555556;0,090909091;0;1;1;0;0;0,944444444;0;0;1;0;0;1;0;0;0;-1;1;1;1;-1;1
3768;3;2;4;109;5;4;0;0;0;0;0;0;0;14;1;1;0;1;1;0;57;45;0;0;0;0;0,055555556;0,090909091;0;1;1;0;0;0,944444444;0;0;1;0;0;1;0;0;0;-1;1;1;1;-1;1
3769;3;2;4;109;5;4;0;0;0;0;0;0;0;21;1;1;0;1;1;0;57;45;0;0;0;0;0,055555556;0,090909091;0;1;1;0;0;0,944444444;0;0;1;0;0;1;0;0;0;-1;1;1;1;-1;1
3770;3;2;4;109;5;4;0;0;0;0;0;0;0;24;1;1;0;1;1;0;57;45;0;0;0;0;0,055555556;0,090909091;0;1;1;0;0;0,944444444;0;0;1;0;0;1;0;0;0;-1;1;1;1;-1;1
3771;3;2;4;109;5;4;0;0;0;0;0;0;0;28;1;1;0;1;1;0;57;45;0;0;0;0;0,055555556;0,090909091;0;1;1;0;0;0,944444444;0;0;1;0;0;1;0;0;0;-1;1;1;1;-1;1
3772;3;2;4;109;5;4;0;0;0;0;0;0;0;22;1;1;0;1;1;0;57;45;0;0;0;0;0,055555556;0,090909091;0;1;1;0;0;0,944444444;0;0;1;0;0;1;0;0;0;-1;1;1;1;-1;1
3773;2;1;4;36;0;0;0;0;0;0;0;0;0;1;1;0;0;0;0;0;14;15;0;0;0;0;0;0,785714286;0;1;0;0;0;1;1;0;0;0;0;1;0;0;1;1;-1;1;1;-1;1
3774;3;2;4;109;5;4;0;0;0;0;0;0;0;22;1;1;0;1;1;0;57;45;0;0;0;0;0,055555556;0,090909091;0;1;1;0;0;0,944444444;0;0;1;0;0;1;0;0;0;-1;1;1;1;-1;1
3775;3;2;4;109;5;4;0;0;0;0;0;0;0;18;1;1;0;1;1;0;57;45;0;0;0;0;0,055555556;0,090909091;0;1;1;0;0;0,944444444;0;0;1;0;0;1;0;0;0;-1;1;1;1;-1;1
3776;3;2;4;109;5;4;0;0;0;0;0;0;0;18;1;1;0;1;1;0;57;45;0;0;0;0;0,055555556;0,090909091;0;1;1;0;0;0,944444444;0;0;1;0;0;1;0;0;0;-1;1;1;1;-1;1
3777;2;1;3;29;0;0;0;0;0;0;0;0;0;0;1;0;0;0;0;0;14;8;0;0;0;0;0,444444444;0;0;1;1;0;0;0;0;0;0;0;0;0;0;0;1;1;1;1;1;0;1
3778;3;1;4;71;0;0;0;1;0;0;0;0;0;0;1;0;0;0;0;0;29;35;0;0;0;0;0;0;0;1;0;0;0;0;0;0;0;0;0;0;0;0;1;0;1;1;1;1;1
3779;3;1;3;61;0;0;0;0;0;0;0;0;0;0;1;0;0;0;0;0;29;25;0;0;0;0;0;0;0;1;0;0;0;0;0;0;0;0;0;0;0;0;1;0;1;1;1;1;1
3780;3;1;3;79;0;0;0;0;0;0;0;0;0;0;1;0;0;0;1;0;25;47;0;0;1;0;0,066666667;0,888888889;1;1;0;0;0;0,933333333;0;0;0;0;0;0;0;0;1;-1;-1;1;-1;-1;1
3781;2;1;2;37;0;0;0;0;0;0;0;0;0;0;1;0;0;0;1;0;22;8;0;0;0;0;0;0,785714286;0;1;0;0;0;1;1;0;0;0;0;1;0;0;1;1;-1;1;1;-1;1
3782;2;1;2;47;1;1;0;0;0;0;0;0;0;5;1;1;0;0;0;0;28;12;0;0;0;0;0;0;0;1;0;0;0;0,846153846;0;0;0;0;0;0;0;0;1;1;1;1;1;-1;1
3783;3;1;2;31;1;0;0;0;0;0;0;0;0;0;1;0;0;0;0;0;11;13;0;0;0;0;0;0;0;1;0;0;0;1;0;0;0;0;0;0;0;0;1;1;1;1;1;-1;1
3784;2;1;9;64;0;0;0;0;0;0;0;0;0;0;1;1;0;0;1;0;21;36;0;0;0;0;0;0;0;1;0;0;0;0;0;0;0;0;0;0;0;0;1;0;1;1;1;1;1
3785;2;1;5;48;0;0;0;0;0;0;0;0;0;0;1;1;0;0;1;0;21;20;0;0;0;0;0;0;0;1;0;0;0;0;0;0;0;0;0;0;0;0;1;1;1;1;1;1;1
3786;4;1;5;188;6;0;0;0;2;0;1;0;0;21;1;1;0;0;0;0;19;71;90;0;0;0;0;0,111111111;1;1;0;0;0;0;0;0;0;0;0;0;0;0;1;-1;1;1;0;1;1
3787;2;1;3;34;0;0;0;0;0;0;0;0;0;0;1;0;0;0;0;0;15;12;0;0;0;0;0;0,785714286;0;1;0;0;0;1;1;0;0;0;0;1;0;0;1;1;-1;1;1;-1;1
3788;4;1;2;79;2;1;0;0;0;0;1;0;0;0;1;1;0;0;1;0;28;36;7;0;0;0;0,2;0;0;1;0;0;0;0;0;0;0;0;1;0;0;0;1;-1;1;1;0;1;1
3789;4;1;2;71;2;1;0;0;0;0;0;0;0;0;1;1;0;0;1;0;28;36;0;0;0;0;0,2;0;0;1;0;0;0;0,8;0;0;0;0;1;0;0;0;1;0;1;1;0;-1;1
3790;4;1;2;71;2;1;0;0;0;0;0;0;0;0;1;1;0;0;1;0;28;36;0;0;0;0;0,2;0;0;1;0;0;0;0,8;0;0;0;0;1;0;0;0;1;0;1;1;0;-1;1
3791;4;1;2;79;2;1;0;0;0;0;1;0;0;0;1;1;0;0;1;0;28;36;7;0;0;0;0,2;0;0;1;0;0;0;0;0;0;0;0;1;0;0;0;1;-1;1;1;0;1;1
3792;4;1;2;79;2;1;0;0;0;0;1;0;0;0;1;1;0;0;1;0;28;36;7;0;0;0;0,2;0;0;1;0;0;0;0;0;0;0;0;1;0;0;0;1;-1;1;1;0;1;1
3793;4;1;2;71;2;1;0;0;0;0;0;0;0;0;1;1;0;0;1;0;28;36;0;0;0;0;0,2;0;0;1;0;0;0;0,8;0;0;0;0;1;0;0;0;1;0;1;1;0;-1;1
3794;2;1;3;36;0;0;0;0;0;0;0;0;0;1;1;0;0;0;0;0;20;9;0;0;0;0;1;0,897959184;0;1;1;0;0;0;1;0;0;0;0;1;0;0;1;1;1;1;-1;-1;1
3795;3;1;3;50;0;0;0;0;0;0;0;0;0;0;1;0;0;0;1;0;22;21;0;0;0;0;0;0;0;1;0;0;0;0;0;0;0;0;0;0;1;0;1;1;1;1;1;1;1
3796;2;1;2;25;0;0;0;0;0;0;0;0;0;1;1;0;0;0;0;0;12;6;0;0;0;0;0,029411765;0,4;1;1;0;0;0;0;0;0;0;0;0;0;0;0;1;1;-1;1;0;1;1
3797;3;1;4;60;0;0;0;0;0;0;0;0;0;0;1;1;0;0;0;0;21;32;0;0;0;0;0;0,785714286;0;1;0;0;0;1;1;0;0;0;0;1;0;0;1;0;-1;1;1;-1;1
3798;3;1;3;84;0;0;0;0;0;0;0;0;0;0;1;0;0;0;1;0;28;49;0;0;1;0;0,066666667;0,875;1;1;0;0;0;0,933333333;0;0;0;0;0;0;0;0;1;-1;-1;1;-1;-1;1
3799;3;2;4;109;5;4;0;0;0;0;0;0;0;23;1;1;0;1;1;0;57;45;0;0;0;0;0,055555556;0,090909091;0;1;1;0;0;0,944444444;0;0;1;0;0;1;0;0;0;-1;1;1;1;-1;1
3800;3;2;4;109;5;4;0;0;0;0;0;0;0;21;1;1;0;1;1;0;57;45;0;0;0;0;0,055555556;0,090909091;0;1;1;0;0;0,944444444;0;0;1;0;0;1;0;0;0;-1;1;1;1;-1;1
3801;2;1;4;58;0;0;0;1;0;0;0;0;0;0;1;0;0;0;0;0;13;38;0;0;0;0;0;0;0;1;0;0;0;0;0;0;0;0;0;0;0;0;1;0;1;1;1;1;1
3802;2;1;4;58;0;0;0;1;0;0;0;0;0;0;1;0;0;0;0;0;13;38;0;0;0;0;0;0;0;1;0;0;0;0;0;0;0;0;0;0;0;0;1;0;1;1;1;1;1
3803;3;1;3;59;0;0;0;0;0;0;0;0;0;0;1;1;0;0;1;0;20;32;0;0;0;0;0;0,785714286;0;1;0;0;0;1;1;0;0;0;0;1;0;0;1;0;-1;1;1;-1;1
3804;2;1;3;48;0;0;0;0;0;0;0;0;0;0;1;0;0;0;0;0;24;17;0;0;0;0;0;0;0;1;0;0;0;0;0;0;0;0;0;0;0;0;1;1;1;1;1;1;1
3805;3;1;3;69;0;0;0;0;0;0;0;0;0;0;1;0;0;0;0;0;24;38;0;0;0;0;0,918367347;0,875;0;1;0;0;0;0,081632653;1;0;0;0;0;0;0;0;1;0;-1;1;-1;-1;1
3806;2;1;4;45;0;0;0;0;0;0;0;0;0;0;1;0;0;0;0;0;15;23;0;0;0;0;0,714285714;0,03125;1;1;1;0;1;0,114285714;0;0;0;0;0;1;0;0;1;1;1;-1;1;-1;1
3807;3;1;4;63;0;0;0;0;1;0;0;0;0;1;1;0;0;0;0;0;20;36;0;0;0;0;0;0;0;1;0;0;0;0;0;0;0;0;0;0;0;0;1;0;1;1;1;1;1
3808;3;1;2;60;0;0;0;0;0;0;0;0;0;0;1;1;0;0;1;0;17;36;0;0;1;0;1;1;1;1;0;1;0;0;1;0;0;0;0;0;0;0;1;0;-1;0;-1;-1;1
3809;2;1;3;38;0;0;0;0;0;0;0;0;0;0;1;0;0;0;0;0;16;15;0;0;0;0;0;0;0;1;0;0;0;0;0;0;0;0;0;0;1;0;1;1;1;1;1;1;1
3810;5;3;2;59;0;0;0;0;0;0;0;0;0;7;1;1;0;1;0;0;36;16;0;0;1;0;0;0;0;1;0;0;0;0,75;0;0;0;0;0;0;0;0;-1;0;1;1;1;-1;1
3811;3;1;12;111;1;1;0;0;0;0;0;0;0;10;1;0;0;0;1;0;29;75;0;0;0;0;1;0;0;1;0;0;0;0;0;0;0;0;0;0;0;0;1;-1;1;1;1;-1;1
3812;4;1;2;52;2;0;0;0;0;0;0;0;0;0;1;0;0;0;1;0;14;31;0;0;1;1;0,933333333;1;0;1;0;0;0;0,066666667;1;0;0;0;0;0;0;0;1;1;-1;1;-1;-1;1
3813;3;1;2;31;1;0;0;0;0;0;0;0;0;0;1;0;0;0;0;0;11;13;0;0;0;0;0;0;0;1;0;0;0;1;0;0;0;0;0;0;0;0;1;1;1;1;1;-1;1
3814;3;1;4;74;1;0;0;0;0;0;0;0;0;0;1;1;0;0;1;0;24;43;0;0;0;0;1;1;0;1;0;1;0;0;1;0;0;0;0;0;0;0;1;0;-1;0;-1;-1;1
3815;3;1;7;126;2;2;0;0;0;0;0;0;0;15;1;1;0;0;0;0;36;83;0;0;0;0;0,033333333;0,142857143;0;1;0;0;0;0,966666667;0;0;0;0;0;0;0;0;1;-1;1;1;0;-1;1
3816;3;1;3;55;1;0;0;0;0;0;0;0;0;0;1;0;0;0;0;0;22;26;0;0;0;0;1;1;0;1;0;1;0;0;1;0;0;0;0;1;0;0;1;0;-1;0;1;-1;1
3817;4;1;4;99;4;4;0;0;0;0;0;0;0;0;1;0;0;1;0;0;64;28;0;0;2;0;0;0;0;1;0;0;0;0;0;0;0;0;0;0;0;0;1;-1;1;1;1;1;1
3818;3;1;1;36;0;0;0;0;0;0;0;0;0;0;1;1;0;0;0;0;21;8;0;0;0;0;0;0;0;1;0;0;0;0;0;0;0;0;0;0;0;0;1;1;1;1;1;1;1
3819;2;1;4;51;0;0;0;0;0;1;0;0;0;3;1;1;0;0;0;0;22;22;0;0;0;0;0;0;0;1;0;0;0;0;0;0;0;0;0;0;0;0;1;1;1;1;1;1;1
3820;3;1;3;56;0;0;0;0;0;0;0;0;0;0;1;1;0;0;0;0;23;26;0;0;0;0;0;0;0;1;1;0;0;0;0;0;0;0;0;0;1;0;1;0;1;1;1;1;1
3821;4;1;9;135;1;0;0;1;0;0;0;0;0;23;1;1;0;0;1;0;18;110;0;0;1;0;0;0;0;1;0;0;0;0;0;0;0;0;0;0;0;0;1;-1;1;1;1;1;1
3822;4;1;9;135;1;0;0;1;0;0;0;0;0;20;1;1;0;0;1;0;18;110;0;0;1;0;0;0;0;1;0;0;0;0;0;0;0;0;0;0;0;0;1;-1;1;1;1;1;1
3823;4;1;9;135;1;0;0;1;0;0;0;0;0;24;1;1;0;0;1;0;18;110;0;0;1;0;0;0;0;1;0;0;0;0;0;0;0;0;0;0;0;0;1;-1;1;1;1;1;1
3824;4;1;9;135;1;0;0;1;0;0;0;0;0;22;1;1;0;0;1;0;18;110;0;0;1;0;0;0;0;1;0;0;0;0;0;0;0;0;0;0;0;0;1;-1;1;1;1;1;1
3825;4;1;9;135;1;0;0;1;0;0;0;0;0;24;1;1;0;0;1;0;18;110;0;0;1;0;0;0;0;1;0;0;0;0;0;0;0;0;0;0;0;0;1;-1;1;1;1;1;1
3826;3;1;3;47;0;0;0;0;0;0;0;0;0;0;1;0;0;0;0;0;21;19;0;0;1;0;0;0;0;1;0;0;0;0;0;0;0;0;0;0;0;0;1;1;1;1;1;1;1
3827;3;1;6;66;0;0;0;0;0;0;0;0;0;0;1;0;0;0;1;0;20;39;0;0;0;0;0,694915254;0,166666667;0;1;0;0;0;0;0;0;0;0;0;1;0;0;1;0;1;1;0;-1;1
3828;3;1;4;60;0;0;0;0;0;0;0;0;0;1;1;0;0;0;1;0;20;33;0;0;0;0;0;0;0;1;0;0;0;0;0;0;0;0;0;0;0;0;1;0;1;1;1;1;1
3829;2;1;3;39;0;0;0;0;0;0;0;0;0;0;1;0;0;0;1;0;22;10;0;0;0;0;0;0;0;1;0;0;0;0;0;0;0;0;0;0;0;0;1;1;1;1;1;1;1
3830;4;1;5;73;0;0;0;0;1;0;0;0;0;0;1;0;0;0;1;0;26;40;0;0;0;0;0;0;0;0;0;0;0;0;1;0;0;0;0;0;1;0;1;0;1;1;1;1;1
3831;4;1;9;213;2;0;0;1;0;0;1;0;0;58;1;1;0;0;1;0;18;110;77;0;1;0;0;0;0;1;0;0;0;0;0;0;0;0;0;0;0;0;1;-1;1;1;1;1;1
3832;4;1;9;213;2;0;0;1;0;0;1;0;0;64;1;1;0;0;1;0;18;110;77;0;1;0;0;0;0;1;0;0;0;0;0;0;0;0;0;0;0;0;1;-1;1;1;1;1;1
3833;4;1;9;213;2;0;0;1;0;0;1;0;0;67;1;1;0;0;1;0;18;110;77;0;1;0;0;0;0;1;0;0;0;0;0;0;0;0;0;0;0;0;1;-1;1;1;1;1;1
3834;4;1;9;213;2;0;0;1;0;0;1;0;0;60;1;1;0;0;1;0;18;110;77;0;1;0;0;0;0;1;0;0;0;0;0;0;0;0;0;0;0;0;1;-1;1;1;1;1;1
3835;4;1;9;213;2;0;0;1;0;0;1;0;0;67;1;1;0;0;1;0;18;110;77;0;1;0;0;0;0;1;0;0;0;0;0;0;0;0;0;0;0;0;1;-1;1;1;1;1;1
3836;4;1;9;213;2;0;0;1;0;0;1;0;0;64;1;1;0;0;1;0;18;110;77;0;1;0;0;0;0;1;0;0;0;0;0;0;0;0;0;0;0;0;1;-1;1;1;1;1;1
3837;4;1;9;213;2;0;0;1;0;0;1;0;0;55;1;1;0;0;1;0;18;110;77;0;1;0;0;0;0;1;0;0;0;0;0;0;0;0;0;0;0;0;1;-1;1;1;1;1;1
3838;4;1;9;135;1;0;0;1;0;0;0;0;0;27;1;1;0;0;1;0;18;110;0;0;1;0;0;0;0;1;0;0;0;0;0;0;0;0;0;0;0;0;1;-1;1;1;1;1;1
3839;4;1;9;135;1;0;0;1;0;0;0;0;0;24;1;1;0;0;1;0;18;110;0;0;1;0;0;0;0;1;0;0;0;0;0;0;0;0;0;0;0;0;1;-1;1;1;1;1;1
3840;4;1;9;213;2;0;0;1;0;0;1;0;0;63;1;1;0;0;1;0;18;110;77;0;1;0;0;0;0;1;0;0;0;0;0;0;0;0;0;0;0;0;1;-1;1;1;1;1;1
3841;4;1;9;213;2;0;0;1;0;0;1;0;0;64;1;1;0;0;1;0;18;110;77;0;1;0;0;0;0;1;0;0;0;0;0;0;0;0;0;0;0;0;1;-1;1;1;1;1;1
3842;4;1;9;213;2;0;0;1;0;0;1;0;0;69;1;1;0;0;1;0;18;110;77;0;1;0;0;0;0;1;0;0;0;0;0;0;0;0;0;0;0;0;1;-1;1;1;1;1;1
3843;4;1;9;135;1;0;0;1;0;0;0;0;0;24;1;1;0;0;1;0;18;110;0;0;1;0;0;0;0;1;0;0;0;0;0;0;0;0;0;0;0;0;1;-1;1;1;1;1;1
3844;3;1;6;80;1;0;0;0;0;0;0;0;0;0;1;0;0;0;0;0;19;54;0;0;1;0;0;0;0;1;1;0;0;0,75;0;0;0;0;0;0;0;0;1;-1;1;1;1;-1;1
3845;3;0;2;23;0;0;0;0;0;0;0;0;0;10;1;0;1;0;0;0;13;3;0;0;0;0;0,139130435;0,032258065;0;1;1;0;0;0,12173913;1;0;0;0;0;0;0;0;1;1;1;1;1;1;1
3846;3;0;2;24;0;0;0;0;0;0;0;0;0;10;1;0;1;0;1;0;13;4;0;0;0;0;0;0,032258065;0;1;1;0;0;0;1;0;0;0;0;1;0;0;1;1;1;1;1;1;1
3847;3;0;3;41;0;0;0;1;0;0;0;0;0;15;1;1;1;0;0;0;15;19;0;0;0;0;0;0;0;1;1;0;1;0;1;0;0;0;0;0;0;0;1;1;1;-1;1;1;1
3848;4;1;3;44;0;0;0;0;0;0;0;0;0;0;1;1;0;0;0;0;13;24;0;0;1;0;1;0,5;1;1;0;0;0;0;1;0;0;0;0;0;0;0;1;1;1;1;0;-1;1
3849;4;1;5;74;0;0;0;0;0;0;0;0;0;0;1;1;0;0;1;0;26;41;0;0;0;0;0,256756757;0,866666667;0;1;0;0;0;0;0;0;0;0;0;0;0;0;1;0;-1;1;0;1;1
3850;2;0;1;29;0;0;0;0;0;0;0;0;0;0;1;0;0;0;1;0;13;9;0;0;0;0;0,875;1;0;1;0;0;0;0,125;1;0;0;0;0;0;0;0;1;1;-1;1;-1;-1;1
3851;3;0;7;110;0;0;0;0;2;0;3;2;0;0;1;0;0;0;1;0;18;33;51;0;0;0;0,672131148;0,957446809;0;1;1;0;1;0;1;0;0;0;0;1;0;0;1;-1;-1;-1;-1;-1;1
3852;3;1;4;64;0;0;0;0;0;0;0;0;0;0;1;1;0;0;0;0;25;32;0;0;0;0;0;0;0;1;0;0;0;0;0;0;0;0;0;0;0;0;1;0;1;1;1;1;1
3853;2;0;2;33;0;0;0;0;0;0;0;0;0;2;1;1;0;0;0;0;18;8;0;0;0;0;0;0;0;1;0;0;0;1;0;0;0;0;0;0;0;1;1;1;1;1;1;-1;1
3854;6;1;4;90;3;0;0;1;0;0;0;0;0;0;1;1;0;0;1;0;26;57;0;0;1;1;0;0,79245283;1;1;1;0;0;1;1;0;0;0;0;1;0;0;1;-1;-1;1;0;-1;1
3855;3;1;3;64;0;0;0;0;1;0;0;0;0;0;1;1;0;0;0;0;13;44;0;0;0;1;1;1;1;1;0;1;0;0;1;0;0;0;0;0;0;0;1;0;-1;0;-1;-1;1
3856;3;0;5;74;0;0;0;0;0;0;0;0;0;0;1;0;0;0;1;0;19;48;0;0;0;0;0,909090909;0,315789474;1;1;0;0;0;0,090909091;0;0;0;0;0;1;0;0;1;0;0;1;0;-1;1
3857;1;0;4;81;0;0;0;0;0;0;0;0;0;26;1;1;0;0;0;0;18;56;0;0;0;0;0;0;0;1;0;0;0;1;0;0;0;0;0;0;0;0;1;-1;1;1;1;-1;1
3858;3;1;5;59;1;0;0;0;0;0;0;0;0;0;1;1;0;0;0;0;17;35;0;0;0;0;0;0;0;1;0;0;0;0;0;0;0;0;0;0;0;0;1;0;1;1;1;1;1
3859;2;0;3;47;0;0;0;0;0;0;0;0;0;0;1;0;0;0;0;0;14;26;0;0;0;0;0,894736842;0,142857143;1;1;0;0;0;0;0;0;0;0;1;1;0;0;1;1;1;1;0;-1;1
3860;2;0;3;47;0;0;0;0;0;0;0;0;0;0;1;0;0;0;1;0;14;26;0;0;0;0;0,882352941;0,148148148;1;1;0;0;0;0;0;0;0;0;1;1;0;0;1;1;1;1;0;-1;1
3861;3;0;4;60;1;0;0;0;0;0;0;0;0;0;1;0;0;0;0;0;20;33;0;0;0;0;0,6;0;0;1;0;0;0;0,2;0;0;0;0;0;0;0;0;1;0;1;1;1;-1;1
3862;2;1;0;38;1;1;0;0;0;0;0;0;0;2;1;1;0;0;0;0;30;1;0;0;0;0;0;0,25;1;1;0;0;0;0,882352941;0;0;0;0;0;0;0;0;1;1;1;1;0;-1;1
3863;3;0;7;101;0;0;0;0;2;0;2;1;0;0;1;0;0;0;1;0;18;33;42;0;0;0;0,672131148;0,957446809;0;1;1;0;1;0;1;0;0;0;0;1;0;0;1;-1;-1;-1;-1;-1;1
3864;3;1;3;48;0;0;0;0;0;0;0;0;0;3;1;1;0;0;1;0;18;23;0;0;0;0;0;0;0;1;0;0;0;0;0;0;0;0;0;0;0;0;1;1;1;1;1;1;1
3865;2;0;3;44;0;0;0;0;0;0;0;0;0;0;1;0;0;0;0;0;15;22;0;0;0;1;1;1;0;1;0;0;0;0;1;0;0;0;0;0;0;0;1;1;-1;1;-1;-1;1
3866;1;0;6;69;1;0;0;0;0;0;0;0;0;0;1;1;0;0;0;0;21;41;0;0;0;0;0,066666667;0,076923077;0;1;1;0;0;0,866666667;0;0;0;0;0;0;0;0;1;0;1;1;1;-1;1
3867;3;0;3;56;0;0;0;0;0;0;0;0;0;0;1;0;0;0;0;0;15;34;0;0;0;0;0;0;0;1;0;0;0;0;0;0;0;0;0;0;0;0;1;0;1;1;1;1;1
3868;9;1;5;73;0;0;0;0;0;0;0;0;0;0;1;0;0;0;1;0;18;48;0;0;0;0;0,866666667;0,105263158;0;1;0;0;0;0,133333333;0;0;1;0;1;0;0;0;1;0;1;1;0;-1;1
3869;2;0;3;51;0;0;0;0;0;0;0;0;0;0;1;0;0;0;0;0;15;29;0;0;0;1;0;1;0;1;1;0;0;1;1;0;0;0;0;0;0;0;1;1;-1;1;-1;-1;1
3870;2;1;4;56;0;0;0;0;0;0;0;0;0;0;1;1;0;0;0;0;22;27;0;0;0;1;0,971590909;0,956521739;1;1;0;0;0;0;1;0;0;0;0;0;0;0;1;0;-1;1;-1;-1;1
3871;3;1;4;68;0;0;0;0;0;0;0;0;0;0;1;1;0;0;0;0;22;39;0;0;0;1;1;1;1;1;0;1;0;0;1;0;0;0;0;0;0;0;1;0;-1;0;-1;-1;1
3872;2;0;6;71;1;1;0;0;0;0;0;0;0;0;1;0;0;0;0;0;16;48;0;0;1;0;0;0,285714286;0;1;0;0;0;0;0;0;0;0;0;0;0;0;1;0;1;1;-1;1;1
3873;1;0;3;37;0;0;0;0;0;0;0;0;0;0;1;0;0;0;0;0;11;19;0;0;0;0;0;0,074074074;1;1;0;0;0;0;0;0;0;0;0;0;0;0;1;1;1;1;1;1;1
3874;3;1;2;58;1;1;0;0;0;0;0;0;0;6;1;1;0;0;0;0;32;19;0;0;1;0;0;0;0;1;0;0;0;0;0;0;0;0;0;0;0;0;1;0;1;1;1;1;1
3875;7;1;3;111;0;0;0;0;0;0;2;1;0;0;1;1;0;0;0;0;13;24;66;0;2;0;1;0,5;1;1;0;0;0;0;1;0;0;0;0;0;0;0;1;-1;1;1;0;-1;1
3876;4;1;2;40;0;0;0;0;0;0;0;0;0;0;1;0;0;0;0;0;16;17;0;0;0;0;1;0,875;1;1;0;1;0;0;1;0;0;0;0;1;0;0;1;1;-1;0;-1;-1;1
3877;2;1;2;33;1;1;0;0;0;0;0;0;0;0;1;0;0;0;0;0;21;5;0;0;0;0;0,933333333;1;0;1;0;0;0;0;1;0;0;0;0;0;0;0;1;1;1;1;-1;-1;1
3878;2;1;3;43;0;0;0;0;0;0;0;0;0;2;1;0;0;0;0;0;19;17;0;0;0;0;0;0;0;1;0;0;0;0;0;0;0;0;0;0;0;0;1;1;1;1;1;1;1
3879;1;0;2;36;0;0;0;0;0;0;0;0;0;0;1;1;0;0;0;0;20;9;0;0;0;0;1;1;0;1;0;0;0;0;1;0;0;0;0;1;0;0;1;1;-1;1;-1;-1;1
3880;3;1;2;35;0;0;0;0;0;0;0;0;0;0;1;0;0;0;0;0;19;9;0;0;0;0;0,615384615;0,944444444;1;1;1;0;0;0;1;0;0;0;0;0;0;0;1;1;-1;1;-1;0;1
3881;4;1;2;44;0;0;0;0;0;0;0;0;0;0;1;0;0;0;0;0;19;18;0;0;0;0;0,615384615;0,944444444;1;1;1;0;0;0;1;0;0;0;0;0;0;0;1;1;-1;1;-1;0;1
3882;2;0;10;93;0;0;0;0;0;0;0;0;0;0;1;0;0;0;1;0;13;73;0;0;1;0;0;0;0;1;0;0;0;0;0;0;0;0;0;0;0;0;1;-1;1;1;1;1;1
3883;3;0;4;62;1;0;0;0;0;0;0;0;0;0;1;0;0;0;0;0;21;34;0;0;0;0;0;0;0;1;0;0;0;0;0;0;0;0;0;0;0;0;1;0;1;1;1;1;1
3884;2;0;3;47;0;0;0;0;0;0;0;0;0;0;1;0;0;0;0;0;15;25;0;0;1;0;0;1;0;1;0;0;0;0;0;0;0;0;0;0;0;0;1;1;-1;1;-1;1;1
3885;4;1;3;86;0;0;0;0;0;0;1;0;0;12;1;0;0;0;1;0;22;23;33;0;0;0;0;0,666666667;1;1;0;0;0;0;0;0;0;0;0;0;0;0;1;-1;-1;1;0;1;1
3886;2;0;2;38;0;0;0;0;0;0;0;0;0;0;1;0;0;0;0;0;8;23;0;0;0;0;0;0;0;1;0;0;0;0;0;0;0;0;0;0;0;0;1;1;1;1;1;1;1
3887;2;0;3;42;0;0;0;0;0;0;0;0;0;4;1;1;0;0;0;0;12;23;0;0;0;0;0,083333333;0,9;1;1;1;0;0;0,166666667;1;0;0;0;0;0;0;0;1;1;-1;1;0;1;1
3888;2;0;4;50;1;0;0;0;0;0;0;0;0;0;1;0;0;0;0;0;18;25;0;0;0;0;1;1;0;1;0;0;0;0;1;0;0;0;0;1;0;0;1;1;-1;1;1;-1;1
3889;2;0;5;54;1;0;0;0;0;0;0;0;0;0;1;0;0;0;0;0;18;29;0;0;0;0;1;1;0;1;0;0;0;0;1;0;0;0;0;1;0;0;1;0;-1;1;1;-1;1
3890;3;1;5;65;1;0;0;0;0;0;0;0;0;0;1;0;0;0;0;0;15;43;0;0;0;0;0,923076923;1;0;1;0;0;0;0;1;0;0;0;0;0;0;0;1;0;1;1;-1;-1;1
3891;4;1;3;42;0;0;0;0;0;0;0;0;0;0;1;1;0;0;0;0;11;24;0;0;1;0;1;0,5;1;1;0;0;0;0;1;0;0;0;0;0;0;0;1;1;1;1;0;-1;1
3892;3;0;5;69;1;0;0;0;0;0;0;0;0;0;1;0;0;0;0;0;20;42;0;0;0;0;0;0;0;1;0;0;0;0;0;0;0;0;0;0;0;0;1;0;1;1;1;1;1
3893;15;1;3;244;0;0;0;0;0;0;6;12;1;74;1;0;0;0;1;0;14;23;174;0;0;0;0;0,666666667;1;1;1;0;0;0;0;0;0;0;0;0;0;0;1;-1;-1;1;0;1;1
3894;1;0;3;38;0;0;0;0;0;0;0;0;0;0;1;0;0;0;0;0;12;19;0;0;0;0;0;0;0;1;0;0;0;1;0;0;0;0;0;0;0;1;1;1;1;1;1;-1;1
3895;2;1;5;75;1;0;0;0;0;0;0;0;0;0;1;1;0;0;0;0;32;36;0;0;0;0;0;0;0;1;0;0;0;0;0;0;0;0;0;0;0;0;1;0;1;1;1;1;1
3896;3;1;2;45;1;1;0;0;0;0;0;0;0;0;1;0;0;0;1;0;21;17;0;0;0;1;1;1;0;1;1;0;1;0;1;0;0;0;0;1;0;0;1;1;-1;-1;1;-1;1
3897;4;0;5;178;0;0;0;0;0;0;5;4;0;17;1;1;0;0;1;0;16;63;91;0;1;0;0,033898305;0,12195122;0;1;0;0;0;0;0;0;0;0;0;1;0;0;1;-1;1;1;0;1;1
3898;2;0;3;41;0;0;0;0;0;0;0;0;0;1;1;0;0;0;0;0;8;26;0;0;1;0;1;0,333333333;0;1;0;0;0;0;1;0;0;0;0;0;0;0;1;1;1;1;0;-1;1
3899;3;1;5;90;1;0;0;0;0;0;0;0;0;6;1;1;0;0;0;0;24;59;0;0;0;1;0,926829268;1;1;1;0;0;0;0,024390244;1;0;0;0;0;0;0;0;1;-1;-1;1;-1;-1;1
3900;2;0;2;46;0;0;0;0;0;1;0;0;1;2;1;0;0;0;0;0;19;8;0;0;0;0;0;0;0;1;0;0;0;0;0;0;0;0;0;0;0;0;1;1;1;1;1;1;1
3901;1;0;3;30;0;0;0;0;0;0;0;0;0;0;1;0;0;0;0;0;14;9;0;0;0;0;0,333333333;0,181818182;1;1;0;0;0;0,666666667;0;0;0;0;0;0;0;0;1;1;1;1;0;-1;1
3902;3;0;5;155;2;0;0;1;0;0;2;1;0;35;1;1;1;0;0;0;13;68;66;0;2;0;0;0,25;0;1;0;0;0;0;1;0;0;0;0;0;0;0;1;-1;1;1;0;1;1
3903;2;1;3;59;0;0;0;0;0;0;0;0;0;0;1;1;0;0;0;0;27;25;0;0;0;0;0;0,074074074;1;1;0;0;0;0;0;0;0;0;0;0;0;0;1;0;1;1;1;1;1
3904;3;1;3;53;0;0;0;0;0;0;0;0;0;0;1;0;0;0;0;0;20;26;0;0;0;0;0;1;0;1;1;0;0;1;1;0;0;0;0;0;0;0;1;1;-1;1;-1;-1;1
3905;3;1;1;40;0;0;0;0;0;0;0;0;0;0;1;0;0;0;0;0;16;17;0;0;1;0;0;0;0;1;1;0;0;1;0;0;0;0;0;0;0;0;1;1;1;1;1;-1;1
3906;3;0;4;159;0;0;0;0;0;0;4;3;0;42;1;1;0;0;0;0;14;55;82;0;0;0;0;0,625;0;1;0;0;0;0;0;0;0;0;0;0;0;0;1;-1;-1;1;0;1;1
3907;3;2;4;64;1;1;0;0;0;0;0;0;0;0;1;1;0;0;1;0;33;24;0;0;0;0;0;0;0;1;0;0;0;1;0;0;0;0;0;0;0;1;1;0;1;1;1;-1;1
3908;1;0;3;38;0;0;0;0;0;0;0;0;0;0;1;0;0;0;0;0;12;19;0;0;0;1;0,974358974;0,1;1;1;1;1;1;0;1;0;0;0;0;0;0;0;1;1;1;0;0;-1;1
3909;3;1;4;59;0;0;0;0;0;0;0;0;0;2;1;1;0;0;0;0;21;31;0;0;0;0;0;0,2;0;1;1;0;0;0;0;0;0;0;0;0;0;0;1;0;0;1;1;1;1
3910;3;1;4;108;1;0;0;0;3;0;2;1;0;3;1;1;0;0;0;0;21;31;48;0;0;0;0;0,2;0;1;1;0;0;0;0;0;0;0;0;0;0;0;1;-1;0;1;1;1;1
3911;1;0;4;39;0;0;0;0;0;0;0;0;0;1;1;0;0;0;0;0;10;22;0;0;0;0;1;1;1;1;0;0;0;0;1;0;0;0;0;0;0;0;1;1;-1;1;-1;-1;1
3912;2;0;7;57;0;0;0;0;0;0;0;0;0;0;1;0;0;0;1;0;9;41;0;0;0;0;0,066666667;0,076923077;0;1;1;0;0;0,866666667;0;0;0;0;0;0;0;0;1;0;1;1;1;-1;1
3913;2;0;3;48;0;0;0;0;0;0;0;0;0;0;1;0;0;0;0;0;12;29;0;0;0;0;0;0;0;1;0;0;0;1;0;0;0;0;0;0;0;1;1;1;1;1;1;-1;1
3914;2;0;7;113;1;0;0;0;0;0;0;0;0;18;1;1;0;0;1;0;19;87;0;0;0;0;1;1;0;1;0;0;0;0;1;0;0;0;0;0;0;0;1;-1;-1;1;-1;-1;1
3915;4;1;3;45;0;0;0;0;0;0;0;0;0;0;1;1;0;0;0;0;15;23;0;0;0;0;0,923076923;1;0;1;0;0;0;0;1;0;0;0;0;0;0;0;1;1;1;1;-1;-1;1
3916;1;0;3;41;0;0;0;0;0;0;0;0;0;0;1;0;0;0;0;0;15;19;0;0;0;0;0;0;0;1;0;0;0;1;0;0;0;0;0;0;0;1;1;1;1;1;1;-1;1
3917;3;1;4;76;0;0;0;0;0;0;0;0;0;0;1;1;0;0;0;0;15;54;0;0;0;0;0,307692308;1;0;1;0;0;0;0;0;0;0;0;0;0;0;0;1;-1;1;1;-1;1;1
3918;5;0;4;67;0;0;0;0;0;0;0;0;0;0;1;1;0;0;1;0;17;43;0;0;1;1;0,9;1;1;1;0;0;0;0,1;1;0;0;0;0;1;0;0;1;0;-1;1;-1;-1;1
3919;2;0;3;51;0;0;0;0;0;0;0;0;0;0;1;0;0;0;0;0;15;29;0;0;0;0;0;0;0;1;0;0;0;1;0;0;0;0;0;0;0;1;1;1;1;1;1;-1;1
3920;2;0;4;39;0;0;0;0;0;0;0;0;0;0;1;0;0;0;1;0;6;26;0;0;0;0;0;0;0;1;0;0;0;0;0;0;0;0;0;0;0;0;1;1;1;1;1;1;1
3921;1;0;3;64;0;0;0;0;0;0;0;0;0;17;1;1;0;0;1;0;15;42;0;0;0;0;0,909090909;0,304347826;1;1;0;0;0;0,090909091;0;0;0;0;0;1;0;0;1;0;1;1;0;-1;1
3922;3;1;2;37;0;0;0;0;0;0;0;0;0;0;1;0;0;0;0;0;15;15;0;0;0;0;0;0;0;1;0;0;0;0;0;0;0;0;0;1;0;0;1;1;1;1;1;1;1
3923;2;1;2;53;1;1;0;0;0;0;0;0;0;0;1;1;0;0;0;0;40;6;0;0;0;0;0;0;0;1;1;0;0;1;0;0;0;0;0;0;0;0;1;1;1;1;1;-1;1
3924;4;1;5;84;0;0;0;0;0;0;0;0;0;7;1;1;0;0;1;0;24;53;0;0;0;0;0;0;0;1;0;0;0;1;0;0;0;0;0;0;0;1;1;-1;1;1;1;-1;1
3925;1;0;6;48;2;0;0;0;0;0;0;0;0;0;1;0;0;0;1;0;13;28;0;0;0;0;0;0;0;1;0;0;0;0;0;0;0;0;0;0;0;0;1;1;1;1;1;1;1
3926;2;0;5;78;3;1;0;0;1;0;0;0;0;0;1;0;0;0;1;0;17;54;0;0;0;0;0,142857143;0,1;1;1;0;0;0;0,857142857;0;0;0;0;0;0;0;0;1;-1;1;1;0;-1;1
3927;3;1;3;54;2;0;0;0;0;0;0;0;0;1;1;1;0;0;0;0;13;34;0;0;0;0;0,375;1;1;1;0;0;0;0;0;0;0;0;0;0;0;0;1;0;-1;1;-1;0;1
3928;4;1;2;39;0;0;0;0;0;0;0;0;0;0;1;1;0;0;0;0;17;15;0;0;1;0;0;0;0;1;1;0;0;0;0;0;0;0;0;0;0;0;1;1;1;1;1;1;1
3929;1;0;4;40;1;0;0;0;0;0;0;0;0;0;1;0;0;0;0;0;11;22;0;0;0;0;1;0,25;1;1;0;0;0;0;1;0;0;0;0;1;0;0;1;1;1;1;0;-1;1
3930;4;1;3;48;0;0;0;0;0;0;0;0;0;0;1;0;0;0;0;0;18;23;0;0;0;0;0;0,642857143;1;1;0;0;0;1;0;0;0;0;0;0;0;0;1;1;-1;1;0;-1;1
3931;3;0;5;71;0;0;0;0;0;0;0;0;0;0;1;1;0;0;0;0;26;38;0;0;0;0;0,481481482;0;0;1;1;0;0;0;0;0;0;0;1;0;0;0;1;0;1;1;1;0;1
3932;2;0;4;64;0;0;0;0;0;0;0;0;0;0;1;0;0;0;0;0;21;36;0;0;0;0;1;1;0;1;0;0;0;0;1;0;0;0;0;0;0;0;1;0;-1;1;-1;-1;1
3933;2;1;4;36;0;0;0;0;0;0;0;0;0;0;1;0;0;0;1;0;12;17;0;0;0;0;0;0;0;1;1;0;0;1;0;0;0;0;0;0;0;0;1;1;1;1;1;-1;1
3934;1;0;4;63;1;0;0;0;0;0;0;0;0;0;1;0;0;0;0;0;28;28;0;0;0;0;0;0;0;1;0;0;0;0;0;0;0;0;0;0;0;0;1;0;1;1;1;1;1
3935;2;0;2;39;0;0;0;0;1;0;0;0;0;1;1;0;0;0;0;0;8;24;0;0;0;0;1;1;0;1;0;0;0;0;1;0;0;0;0;0;0;0;1;1;-1;1;-1;-1;1
3936;2;0;2;45;1;1;0;0;0;0;0;0;0;0;1;0;0;0;1;0;22;16;0;0;0;0;0,75;0,1;1;1;0;0;0;0;0;0;0;0;0;0;0;0;1;1;1;1;1;-1;1
3937;2;0;2;43;1;1;0;0;0;0;0;0;0;0;1;0;0;0;1;0;22;14;0;0;1;0;0,5;1;1;1;0;1;0;0,458333333;1;0;0;0;0;0;0;0;1;1;-1;0;-1;-1;1
3938;2;0;6;51;0;0;0;0;0;0;0;0;0;0;1;0;0;0;0;0;9;35;0;0;1;0;0,066666667;0,076923077;0;1;1;0;0;0,866666667;0;0;0;0;0;0;0;0;1;1;1;1;1;-1;1
3939;1;0;3;64;0;0;0;0;0;0;0;0;0;16;1;1;0;0;1;0;15;42;0;0;0;0;0,909090909;0,304347826;1;1;0;0;0;0,090909091;0;0;0;0;0;1;0;0;1;0;1;1;0;-1;1
3940;1;0;6;56;0;0;0;0;0;0;0;0;0;0;1;0;0;0;0;0;15;34;0;0;1;0;0;0,285714286;0;1;0;0;0;0;0;0;0;0;0;0;0;0;1;0;1;1;-1;1;1
3941;1;0;3;44;0;0;0;0;0;0;0;0;0;0;1;0;0;0;1;0;20;17;0;0;0;0;0;0,25;0;1;0;0;0;0;0;0;0;0;0;0;0;0;1;1;1;1;0;1;1
3942;2;0;3;43;0;0;0;0;0;0;0;0;0;0;1;0;0;0;0;0;13;23;0;0;0;0;0;0;0;1;0;0;0;0;0;0;0;0;0;0;0;0;1;1;1;1;1;1;1
3943;4;1;3;54;0;0;0;0;0;0;0;0;0;0;1;0;0;0;0;0;24;23;0;0;0;0;0;0,642857143;1;1;0;0;0;1;0;0;0;0;0;0;0;0;1;0;-1;1;0;-1;1
3944;3;0;3;43;1;0;0;0;0;0;0;0;0;0;1;0;0;0;1;0;12;24;0;0;0;1;0;1;1;1;0;0;0;0;1;0;0;0;0;0;0;0;1;1;-1;1;-1;1;1
3945;4;1;5;188;6;0;0;0;2;0;1;0;0;22;1;1;0;0;0;0;19;71;90;0;0;0;0;0,111111111;1;1;0;0;0;0;0;0;0;0;0;0;0;0;1;-1;1;1;0;1;1
3946;4;2;2;60;0;0;0;0;0;0;0;0;0;0;1;0;0;0;0;0;32;21;0;0;0;0;0;0;0;1;1;0;0;0;0;0;0;0;0;0;1;0;1;0;1;1;1;1;1
3947;2;0;5;67;0;0;0;0;0;0;0;0;0;0;1;0;0;0;0;0;23;37;0;0;0;0;0,909090909;0,384615385;1;1;0;0;0;0,090909091;0;0;0;0;0;1;0;0;1;0;0;1;0;-1;1
3948;3;0;3;51;0;0;0;0;0;0;0;0;0;0;1;0;0;0;0;0;15;29;0;0;0;0;0;0;0;1;0;0;0;0;0;0;0;0;0;0;0;0;1;1;1;1;1;1;1
3949;3;0;2;45;1;0;0;0;0;0;0;0;0;0;1;0;0;0;1;0;18;20;0;0;0;0;0;0;0;1;0;0;0;1;0;0;0;0;0;0;0;1;1;1;1;1;1;-1;1
3950;2;1;2;54;1;1;0;0;0;0;0;0;0;0;0;1;0;0;0;0;40;6;0;0;0;0;0;0;0;0;1;0;0;1;0;0;0;0;0;0;0;0;1;0;1;1;1;-1;1
3951;2;0;3;64;2;2;0;0;0;0;0;0;0;19;1;1;0;0;1;0;15;42;0;0;0;0;0;0;0;0;0;0;0;0;0;0;0;0;0;0;0;0;1;0;1;1;1;1;1
3952;3;1;2;53;1;1;0;0;1;0;0;0;0;0;1;0;0;0;1;0;26;20;0;0;1;0;0,857142857;1;1;1;0;1;0;0,071428571;1;0;0;0;0;0;0;0;1;1;-1;0;-1;-1;1
3953;1;0;4;47;0;0;0;0;0;1;0;0;0;3;1;1;0;0;0;0;18;22;0;0;0;0;0;0;0;1;0;0;0;0;0;0;0;0;0;0;0;0;1;1;1;1;1;1;1
3954;2;0;3;55;0;0;0;0;0;0;0;0;0;0;1;0;0;0;1;0;20;28;0;0;0;0;0;0;0;1;1;0;0;0;0;0;0;0;0;0;1;0;1;0;1;1;1;1;1
3955;1;0;4;45;0;0;0;0;0;0;0;0;0;0;1;0;0;0;0;0;11;27;0;0;0;0;0,923076923;1;0;1;0;0;0;0;1;0;0;0;0;0;0;0;1;1;1;1;-1;-1;1
3956;2;0;3;45;1;0;0;0;0;0;0;0;0;0;1;0;0;0;1;0;20;18;0;0;0;0;0;0;0;1;0;0;0;1;0;0;0;0;0;0;0;0;1;1;1;1;1;-1;1
3957;1;0;2;42;0;0;0;0;0;0;0;0;0;0;1;1;0;0;0;0;22;13;0;0;0;1;1;1;0;1;0;0;0;0;1;1;0;0;0;0;0;0;1;1;-1;1;-1;-1;1
3958;6;4;4;63;0;0;0;0;0;0;0;0;0;0;1;0;0;1;1;0;41;15;0;0;0;0;0,644444444;0,142857143;1;1;0;1;0;0,333333333;0;0;0;0;1;0;0;0;-1;0;1;0;1;-1;1
3959;4;1;3;70;0;0;0;0;0;0;0;0;0;0;1;0;0;0;0;0;29;34;0;0;0;0;0;0;0;1;0;0;0;0;0;0;0;0;0;0;0;0;1;0;1;1;1;1;1
3960;3;1;4;64;0;0;0;1;0;0;0;0;0;0;1;0;0;0;0;0;13;44;0;0;0;0;0;0;0;1;0;0;0;0;0;0;0;0;0;0;0;0;1;0;1;1;1;1;1
3961;4;1;4;80;0;0;0;1;0;0;0;0;0;0;1;0;0;0;0;0;29;44;0;0;0;0;0;0;0;1;0;0;0;0;0;0;0;0;0;0;0;0;1;-1;1;1;1;1;1
3962;15;1;3;252;0;0;0;0;0;0;6;12;1;74;1;0;0;0;1;0;22;23;174;0;0;0;0;0,666666667;1;1;1;0;0;0;0;0;0;0;0;0;0;0;1;-1;-1;1;0;1;1
3963;2;1;3;44;0;0;0;1;0;0;0;0;0;3;1;1;0;0;1;0;20;17;0;0;0;0;0,923076923;1;0;1;0;0;0;0;1;0;0;0;0;0;0;0;1;1;1;1;-1;-1;1
3964;1;0;3;29;0;0;0;0;0;0;0;0;0;0;1;0;0;0;0;0;12;10;0;0;0;0;0;0;0;1;1;0;0;1;0;0;0;0;0;0;0;0;1;1;1;1;1;-1;1
3965;1;0;3;31;0;0;0;0;0;0;0;0;0;0;1;0;0;0;0;0;12;12;0;0;0;0;0,818181818;0,285714286;1;1;0;0;0;0,090909091;1;0;0;0;0;1;0;0;1;1;0;1;0;-1;1
3966;3;1;2;58;0;0;0;0;0;0;0;0;0;0;1;0;0;0;1;0;31;20;0;0;0;0;0;0;0;1;0;0;0;0;0;0;0;0;0;0;0;0;1;0;1;1;1;1;1
3967;2;0;3;44;0;0;0;0;0;0;0;0;0;1;1;1;0;0;0;0;13;24;0;0;0;0;0,923076923;1;0;1;0;0;0;0;1;0;0;0;0;0;0;0;1;1;1;1;-1;-1;1
3968;2;0;2;48;0;0;0;0;0;0;0;0;0;0;1;1;0;0;0;0;20;21;0;0;0;0;1;1;0;1;0;0;0;0;1;0;0;0;0;1;0;0;1;1;-1;1;-1;-1;1
3969;1;0;4;39;0;0;0;0;0;0;0;0;0;1;1;0;0;0;1;0;16;16;0;0;0;0;0;0;0;1;0;0;0;1;0;0;0;0;0;0;0;0;1;1;1;1;1;-1;1
3970;1;0;9;60;0;0;0;0;0;0;0;0;0;0;1;1;0;0;1;0;17;36;0;0;0;0;0;0;0;1;0;0;0;0;0;0;0;0;0;0;0;0;1;0;1;1;1;1;1
3971;1;0;5;44;0;0;0;0;0;0;0;0;0;0;1;1;0;0;1;0;17;20;0;0;0;0;0;0;0;1;0;0;0;0;0;0;0;0;0;0;0;0;1;1;1;1;1;1;1
3972;2;0;7;62;0;0;0;0;0;0;0;0;0;0;1;0;0;0;1;0;15;40;0;0;0;0;0,066666667;0,076923077;0;1;1;0;0;0,866666667;0;0;0;0;0;0;0;0;1;0;1;1;1;-1;1
3973;3;0;5;72;3;0;0;0;0;0;0;0;0;0;1;0;0;0;0;0;15;50;0;0;0;0;1;1;0;1;0;0;0;0;1;0;0;0;0;1;0;0;1;0;-1;1;-1;-1;1
3974;2;1;5;53;1;0;0;0;0;0;0;0;0;0;1;1;0;0;0;0;14;32;0;0;0;0;0;0;0;1;0;0;0;0;0;0;0;0;0;0;0;0;1;1;1;1;1;1;1
3975;1;0;3;40;0;0;0;0;0;0;0;0;0;0;1;0;0;0;0;0;17;16;0;0;0;0;0;0;0;1;0;0;0;0;0;0;0;0;0;0;0;0;1;1;1;1;1;1;1
3976;2;0;3;42;0;0;0;0;0;0;0;0;0;0;1;1;0;0;1;0;11;24;0;0;0;0;0;1;0;1;0;0;0;0;1;0;0;0;0;0;0;0;1;1;-1;1;-1;1;1
3977;1;0;2;21;0;0;0;0;0;0;0;0;0;1;1;0;0;0;0;0;8;6;0;0;0;0;0,029411765;0,4;1;1;0;0;0;0;0;0;0;0;0;0;0;0;1;1;-1;1;0;1;1
3978;2;1;2;45;0;0;0;0;0;0;0;0;0;0;1;1;0;0;0;0;25;13;0;0;0;0;1;0,142857143;1;1;0;0;0;0;0;0;0;0;0;1;0;0;1;1;1;1;0;-1;1
3979;2;0;2;46;0;0;0;0;0;0;0;0;0;0;1;1;0;0;0;0;20;19;0;0;0;0;1;1;0;1;0;0;0;0;1;0;0;0;0;1;0;0;1;1;-1;1;-1;-1;1
3980;3;1;4;56;0;0;0;0;0;0;0;0;0;0;1;1;0;0;0;0;14;35;0;0;0;0;0;0,074074074;1;1;0;0;0;0;0;0;0;0;0;0;0;0;1;0;1;1;1;1;1
3981;3;0;6;69;1;0;0;0;0;0;0;0;0;0;1;0;0;0;1;0;19;43;0;0;0;0;0;0;0;1;0;0;0;0;0;0;0;0;0;0;0;0;1;0;1;1;1;1;1
3982;2;0;2;52;0;0;0;0;0;0;0;0;0;0;1;1;0;0;0;0;22;23;0;0;0;1;1;1;0;1;0;0;0;0;1;1;0;0;0;0;0;0;1;1;-1;1;-1;-1;1
3983;3;1;4;57;1;0;0;0;0;0;0;0;0;3;1;1;0;0;0;0;19;31;0;0;0;0;0,393939394;1;1;1;0;0;0;0;0;0;0;0;0;0;0;0;1;0;-1;1;-1;0;1
3984;2;1;4;72;0;0;0;0;0;0;0;0;0;7;1;1;0;0;0;0;33;32;0;0;0;0;0,133333333;0;0;1;1;0;0;0,866666667;0;0;0;0;0;0;0;0;1;0;1;1;1;-1;1
3985;2;0;3;53;0;0;0;0;0;0;0;0;0;0;1;0;0;0;0;0;20;26;0;0;0;0;0;0;0;1;0;0;0;0;0;0;0;0;0;0;0;0;1;1;1;1;1;1;1
3986;2;0;3;65;0;0;0;0;0;0;0;0;0;0;1;0;0;0;0;0;20;38;0;0;0;0;0,918367347;0,875;0;1;0;0;0;0,081632653;1;0;0;0;0;0;0;0;1;0;-1;1;-1;-1;1
3987;4;1;4;62;0;0;0;0;0;0;0;0;0;0;1;0;0;0;0;0;23;32;0;0;0;0;0;0;0;1;1;0;0;1;0;0;0;0;0;0;0;0;1;0;1;1;1;-1;1
3988;3;1;4;55;0;0;0;0;0;0;0;0;0;0;1;0;0;0;0;0;15;33;0;0;0;0;0,714285714;0,03125;1;1;1;0;1;0,114285714;0;0;0;0;0;1;0;0;1;0;1;-1;1;-1;1
3989;2;0;7;81;1;0;0;0;0;0;0;0;0;0;1;0;0;0;1;0;17;57;0;0;0;0;0,923076923;1;0;1;1;0;0;0;1;0;0;0;0;0;0;0;1;-1;1;1;-1;-1;1
3990;2;0;4;59;0;0;0;0;1;0;0;0;0;1;1;0;0;0;0;0;16;36;0;0;0;0;0;0;0;1;0;0;0;0;0;0;0;0;0;0;0;0;1;0;1;1;1;1;1
3991;2;0;3;42;0;0;0;0;0;0;0;0;0;0;1;0;0;0;1;0;7;28;0;0;0;0;0,923076923;1;0;1;0;0;0;0;1;0;0;0;0;0;0;0;1;1;1;1;-1;-1;1
3992;2;0;4;183;2;0;0;0;7;0;2;2;0;24;1;1;0;0;0;0;24;64;87;0;0;0;0;0,2;0;1;1;0;0;0;0;0;0;0;0;0;0;0;1;-1;1;1;0;1;1
3993;2;0;2;51;1;0;0;0;0;0;0;0;0;0;1;0;0;0;1;0;23;21;0;0;0;0;1;1;0;1;0;0;0;0;1;0;0;0;0;0;0;0;1;1;-1;1;-1;-1;1
3994;1;0;4;60;2;0;0;0;0;0;0;0;0;0;1;0;0;0;0;0;21;32;0;0;0;1;0;0,421875;0;1;1;0;1;1;0;0;0;0;0;1;0;0;1;0;0;-1;0;-1;1
3995;2;1;2;32;0;0;0;0;0;0;0;0;0;0;1;0;0;0;0;0;21;4;0;0;0;0;0,933333333;1;0;1;0;0;0;0;1;0;0;0;0;0;0;0;1;1;1;1;-1;-1;1
3996;2;1;2;34;0;0;0;0;0;0;0;0;0;0;1;0;0;0;0;0;21;6;0;0;0;0;0,933333333;1;0;1;0;0;0;0;1;0;0;0;0;0;0;0;1;1;1;1;-1;-1;1
3997;2;1;2;32;0;0;0;0;0;0;0;0;0;0;1;0;0;0;1;0;21;4;0;0;0;0;0,933333333;1;0;1;0;0;0;0;1;0;0;0;0;0;0;0;1;1;1;1;-1;-1;1
3998;4;1;3;48;0;0;0;0;0;0;1;0;0;0;1;1;0;0;0;0;12;24;4;0;1;0;1;0,5;1;1;0;0;0;0;1;0;0;0;0;0;0;0;1;1;1;1;0;-1;1
3999;2;0;5;57;0;0;0;0;0;0;0;0;0;0;1;0;0;0;0;0;12;38;0;0;0;0;0,923076923;1;0;1;0;0;0;0;1;0;0;0;0;0;0;0;1;0;1;1;-1;-1;1
4000;4;2;4;73;0;0;0;0;0;0;0;0;0;0;1;0;0;1;0;0;33;33;0;0;0;0;0,923076923;1;0;1;0;0;0;0;1;0;0;0;0;0;0;0;0;0;1;1;-1;-1;1
4001;5;3;2;65;0;0;0;0;0;0;0;0;0;7;1;1;0;1;0;0;36;16;5;0;1;0;0;0;0;1;0;0;0;0;0;0;0;0;0;0;0;0;-1;0;1;1;1;1;1
4002;1;0;2;47;0;0;0;0;0;0;0;0;0;5;1;1;0;0;0;0;10;30;0;0;0;0;0;0,666666667;0;1;0;0;0;0;0;0;0;0;0;0;0;0;1;1;0;1;-1;1;1
4003;2;0;2;49;1;1;0;0;1;0;0;0;0;0;1;0;0;0;1;0;22;20;0;0;1;0;0,857142857;1;1;1;0;1;0;0,071428571;1;0;0;0;0;0;0;0;1;1;-1;0;-1;-1;1
4004;2;0;4;67;3;2;0;0;0;0;0;0;0;0;1;1;0;0;0;0;24;36;0;0;1;0;0,75;0,222222222;1;1;0;0;0;0,125;0;0;0;0;0;0;0;0;1;0;1;1;0;-1;1
4005;5;0;6;116;0;0;0;0;0;0;1;0;0;0;1;0;0;0;1;0;16;39;53;0;0;0;0,694915254;0,166666667;0;1;0;0;0;0;0;0;0;0;0;1;0;0;1;-1;1;1;0;-1;1
4006;2;0;4;56;0;0;0;0;0;0;0;0;0;1;1;0;0;0;1;0;16;33;0;0;0;0;0;0;0;1;0;0;0;0;0;0;0;0;0;0;0;0;1;0;1;1;1;1;1
4007;4;1;9;105;0;0;0;0;0;0;0;0;0;0;1;1;0;0;1;0;16;82;0;0;0;0;0,256756757;0,866666667;0;1;0;0;0;0;0;0;0;0;0;0;0;0;1;-1;-1;1;0;1;1
4008;3;1;5;62;0;0;0;0;0;0;0;0;0;0;1;1;0;0;0;0;29;26;0;0;0;0;0;0,074074074;1;1;0;0;0;0;0;0;0;0;0;0;0;0;1;0;1;1;1;1;1
4009;3;1;4;62;1;0;0;0;0;0;0;0;0;0;1;1;0;0;0;0;20;35;0;0;0;0;0,971590909;0,956521739;1;1;0;0;0;0;1;0;0;0;0;0;0;0;1;0;-1;1;-1;-1;1
4010;2;0;5;58;0;0;0;0;0;0;0;0;0;0;1;1;0;0;0;0;25;26;0;0;0;0;0;0,074074074;1;1;0;0;0;0;0;0;0;0;0;0;0;0;1;0;1;1;1;1;1
4011;2;0;5;61;1;0;0;0;0;0;0;0;0;0;1;0;0;0;0;0;19;35;0;0;0;0;0;0,6;0;1;0;0;0;0;0;0;0;0;0;0;0;0;1;0;1;1;0;1;1
4012;2;1;5;69;1;0;0;0;0;0;0;0;0;0;1;1;0;0;0;0;22;40;0;0;0;0;0;0;0;1;0;0;0;0;0;0;0;0;0;0;0;0;1;0;1;1;1;1;1
4013;2;1;5;65;1;0;0;0;0;0;0;0;0;0;1;1;0;0;0;0;22;36;0;0;0;0;0;0;0;1;0;0;0;0;0;0;0;0;0;0;0;0;1;0;1;1;1;1;1
4014;2;1;7;72;2;0;0;0;1;0;0;0;0;0;1;0;0;0;1;0;15;43;6;0;2;0;0;0;0;1;0;0;0;0;0;0;0;0;0;0;0;0;1;0;1;1;1;1;1
4015;2;1;5;47;0;0;0;0;0;0;0;0;0;0;1;1;0;0;1;0;21;19;0;0;0;0;0;0;0;1;0;0;0;0;0;0;0;0;0;0;0;0;1;1;1;1;1;1;1
4016;4;1;3;77;0;0;0;0;0;1;0;0;0;4;1;1;0;0;0;0;21;49;0;0;0;0;0,210526316;0,857142857;0;1;0;0;0;0;0;0;0;0;0;0;0;0;1;-1;-1;1;0;1;1
4017;3;1;8;211;7;1;0;0;3;0;1;0;0;22;1;1;0;0;1;0;15;99;89;0;0;0;0;0,111111111;1;1;0;0;0;0;0;0;0;0;0;0;0;0;1;-1;1;1;0;1;1
4018;5;1;9;91;0;0;0;0;0;0;0;0;0;14;1;0;0;0;1;0;24;60;0;0;1;1;0,857142857;0,984126984;1;1;0;0;0;0;1;0;0;0;0;1;0;0;1;-1;-1;1;-1;-1;1
4019;5;1;9;116;0;0;0;0;0;0;0;0;0;0;1;1;0;0;1;0;16;93;0;0;0;0;0,8;0,105263158;1;1;0;0;0;0;0;0;0;0;0;0;0;0;1;-1;1;1;1;-1;1
4020;4;1;7;96;0;0;0;0;0;0;0;0;0;6;1;1;0;0;0;0;21;68;0;0;0;0;0;0;0;1;1;0;0;1;0;0;0;0;0;0;0;0;1;-1;1;1;1;-1;1
4021;1;0;2;25;0;0;0;0;0;0;0;0;0;1;1;1;0;0;0;0;10;8;0;0;0;0;0;0;0;1;0;0;0;1;0;0;0;0;0;0;0;0;1;1;1;1;1;-1;1
4022;4;0;9;112;0;0;0;0;0;0;0;0;0;0;1;1;0;0;1;0;12;93;0;0;0;0;0,8;0,105263158;1;1;0;0;0;0;0;0;0;0;0;0;0;0;1;-1;1;1;1;-1;1
4023;4;1;2;67;1;1;0;0;1;0;0;0;0;1;1;0;0;0;1;0;30;30;0;0;1;1;1;1;0;1;0;0;0;0;1;0;0;0;0;0;0;0;1;0;-1;1;-1;-1;1
4024;1;0;7;64;1;0;0;0;0;0;0;0;0;0;1;0;0;0;0;0;8;49;0;0;0;0;0;0;0;1;0;0;0;0;0;0;0;0;0;0;0;0;1;0;1;1;1;1;1
4025;5;1;3;123;6;6;0;0;0;0;1;0;0;0;1;0;0;0;0;0;45;15;55;0;2;0;1;0,555555556;1;1;1;0;0;0;1;0;0;0;0;0;0;0;1;-1;1;1;0;-1;1
4026;5;1;5;85;0;0;0;0;0;0;0;0;0;0;1;1;0;0;1;0;26;52;0;0;0;0;0,8;0,105263158;1;1;0;0;0;0;0;0;0;0;0;0;0;0;1;-1;1;1;1;-1;1
4027;3;0;5;70;0;0;0;0;0;0;0;0;0;0;1;1;0;0;1;0;22;41;0;0;0;0;0,256756757;0,866666667;0;1;0;0;0;0;0;0;0;0;0;0;0;0;1;0;-1;1;0;1;1
4028;4;1;5;83;1;0;0;1;0;0;0;0;0;5;1;1;0;0;1;0;26;50;0;0;0;1;1;1;0;1;0;0;0;0;1;0;0;0;0;0;0;0;1;-1;-1;1;-1;-1;1
4029;2;0;2;40;1;1;0;0;0;0;0;0;0;1;1;0;0;0;0;0;19;14;0;0;0;0;1;0,897959184;0;1;1;0;0;0;1;0;0;0;0;1;0;0;1;1;1;1;-1;-1;1
4030;4;0;9;111;0;0;0;0;0;0;0;0;0;0;1;1;0;0;1;0;12;92;0;0;0;0;0,256756757;0,866666667;0;1;0;0;0;0;0;0;0;0;0;0;0;0;1;-1;-1;1;0;1;1
4031;4;0;5;81;0;0;0;0;0;0;0;0;0;0;1;1;0;0;1;0;22;52;0;0;0;0;0,8;0,105263158;1;1;0;0;0;0;0;0;0;0;0;0;0;0;1;-1;1;1;1;-1;1
4032;2;1;2;38;0;0;0;0;0;0;0;0;0;0;1;1;0;0;0;0;20;11;0;0;0;0;0;0,785714286;0;1;0;0;0;1;1;0;0;0;0;1;0;0;1;1;-1;1;1;-1;1
4033;2;0;2;43;0;0;0;0;0;0;0;0;0;0;1;1;0;0;0;0;16;20;0;0;0;0;0;0,785714286;0;1;0;0;0;1;1;0;0;0;0;1;0;0;1;1;-1;1;1;-1;1
4034;1;0;3;36;1;0;0;0;0;0;0;0;0;0;1;0;0;0;0;0;15;14;0;0;0;0;0;0,153846154;0;1;0;0;0;0;0;0;0;0;0;0;0;0;1;1;1;1;1;1;1
4035;6;1;3;62;0;0;0;0;0;0;0;0;0;0;1;0;0;0;1;0;20;35;0;0;1;1;0,909090909;0,333333333;1;1;0;0;0;0,090909091;1;0;0;0;0;1;0;0;1;0;0;1;0;-1;1
4036;2;0;2;50;0;0;0;0;0;0;0;0;0;0;1;1;0;0;0;0;17;26;0;0;1;1;1;1;0;1;0;0;0;0;1;0;0;0;0;0;0;0;1;1;-1;1;-1;-1;1
4037;4;1;2;57;0;0;0;0;0;0;0;0;0;1;1;0;0;0;1;0;17;33;0;0;1;0;1;1;1;1;0;0;0;0;1;0;0;0;0;0;0;0;1;0;-1;1;-1;-1;1
4038;3;1;3;51;0;0;0;0;0;0;0;0;0;0;1;0;0;0;0;0;18;26;0;0;0;0;0;0;0;1;1;0;0;0;0;0;0;0;0;0;1;0;1;1;1;1;1;1;1
4039;3;1;2;52;0;0;0;0;0;0;0;0;0;1;1;0;0;0;1;0;29;16;0;0;0;0;1;1;0;1;0;0;0;0;1;0;0;0;0;1;0;0;1;1;-1;1;1;-1;1
4040;3;1;3;53;0;0;0;0;0;0;0;0;0;0;1;0;0;0;1;0;16;30;0;0;0;0;0;0;0;1;1;0;0;0;0;0;0;0;0;0;1;0;1;1;1;1;1;1;1
4041;3;1;2;47;0;0;0;0;0;0;0;0;0;0;1;0;0;0;0;0;15;25;0;0;0;0;0;0;0;1;1;0;0;0;0;0;0;0;0;0;1;0;1;1;1;1;1;1;1
4042;3;1;3;45;0;0;0;0;0;0;0;0;0;0;1;0;0;0;0;0;15;23;0;0;0;1;1;1;0;1;0;1;0;0;1;0;0;0;0;0;1;0;1;1;-1;0;-1;-1;1
4043;3;1;2;58;1;1;0;0;0;2;0;0;0;4;1;1;0;0;1;0;19;32;0;0;2;0;0;0,133333333;0;1;0;0;0;0;0;0;0;0;0;1;0;0;1;0;1;1;0;1;1
4044;5;1;3;64;1;0;0;0;0;0;0;0;0;1;1;0;0;0;1;0;21;36;0;0;0;0;0,911111111;0,888888889;0;1;0;0;0;0,088888889;1;0;0;0;0;0;0;0;1;0;-1;1;-1;-1;1
4045;3;1;3;54;0;0;0;0;0;0;0;0;0;0;1;0;0;0;1;0;16;31;0;0;0;0;0,5;0,181818182;1;1;0;0;0;0;0;0;0;0;0;1;0;0;1;0;1;1;0;0;1
4046;2;1;4;48;1;0;0;0;0;0;0;0;0;0;1;1;0;0;0;0;21;20;0;0;0;0;0;0;0;1;0;0;0;0;0;0;0;0;0;0;0;0;1;1;1;1;1;1;1
4047;2;1;3;40;0;0;0;0;0;0;0;0;0;0;1;0;0;0;0;0;18;15;0;0;0;0;0;0;0;1;0;0;0;0;0;0;0;0;0;0;0;0;1;1;1;1;1;1;1
4048;3;1;1;37;0;0;0;0;1;0;0;0;0;10;1;1;0;0;0;0;12;18;0;0;0;0;1;1;1;0;0;1;0;0;1;0;0;0;0;0;0;0;1;1;-1;0;-1;-1;1
4049;5;0;3;58;0;0;0;0;0;0;0;0;0;0;1;0;0;0;1;0;16;35;0;0;1;1;0,909090909;0,333333333;1;1;0;0;0;0,090909091;1;0;0;0;0;1;0;0;1;0;0;1;0;-1;1
4050;2;1;2;36;0;0;0;0;0;0;0;0;0;0;1;0;0;0;0;0;21;8;0;0;0;0;0;0;0;1;0;0;0;0;0;0;0;0;0;0;0;0;1;1;1;1;1;1;1
4051;2;1;5;53;0;0;0;0;0;0;0;0;0;0;1;1;0;0;0;0;24;22;0;0;0;0;0;0,1;0;1;0;0;0;0;0;0;0;0;0;0;0;0;1;1;1;1;1;1;1
4052;4;1;4;69;1;0;0;0;0;0;0;0;0;0;1;0;0;0;0;0;26;36;0;0;0;0;1;1;0;1;0;0;0;0;1;0;0;0;0;1;1;0;1;0;-1;1;1;-1;1
4053;4;1;4;57;2;0;0;0;0;0;0;0;0;0;1;0;0;0;0;0;22;28;0;0;0;0;0,833333333;0,263157895;1;1;0;0;0;0;0;0;0;0;0;1;0;0;1;0;1;1;0;-1;1
4054;2;1;3;42;0;0;0;0;0;0;0;0;0;0;1;0;0;0;0;0;16;19;0;0;0;1;0,974358974;0,1;1;1;1;1;1;0;1;0;0;0;0;0;0;0;1;1;1;0;0;-1;1
4055;2;1;5;58;1;0;0;0;0;0;0;0;0;4;1;1;0;0;0;0;19;32;0;0;0;0;0;0;0;1;0;0;0;0;0;0;0;0;0;0;0;0;1;0;1;1;1;1;1
4056;4;1;4;56;0;0;0;0;0;0;0;0;0;0;1;1;0;0;0;0;22;27;0;0;0;0;0;0;0;1;1;0;0;0;0;0;0;0;0;0;0;0;1;0;1;1;1;1;1
4057;2;0;2;37;0;0;0;0;0;0;0;0;0;0;1;1;0;0;0;0;15;15;0;0;0;0;0;0;0;1;0;0;0;0;0;0;0;0;0;0;0;0;1;1;1;1;1;1;1
4058;2;0;4;56;0;0;0;0;0;0;0;0;0;2;1;0;0;0;0;0;23;26;0;0;0;0;0;0,166666667;1;1;1;0;0;0;0;0;0;0;0;0;0;0;1;0;1;1;0;1;1
4059;3;0;4;66;0;0;0;0;0;0;0;0;0;2;1;0;0;0;0;0;23;36;0;0;0;0;0;0,166666667;1;1;1;0;0;0;0;0;0;0;0;0;0;0;1;0;1;1;0;1;1
4060;3;0;4;42;0;0;0;0;0;0;0;0;0;11;1;0;1;0;0;0;14;21;0;0;0;0;0;0;0;1;1;0;1;0,971428571;1;0;0;0;0;0;0;0;1;1;1;-1;1;-1;1
4061;3;1;5;76;0;0;0;0;0;0;0;0;0;3;1;1;0;0;0;0;18;51;0;0;0;0;0;0,285714286;0;1;0;0;0;0;0;0;0;0;0;0;0;0;1;-1;1;1;-1;1;1
4062;3;1;2;53;0;0;0;0;2;0;0;0;0;0;1;0;0;0;1;0;17;29;0;0;0;0;1;1;0;1;0;0;0;0;1;0;0;0;0;1;1;0;1;1;-1;1;1;-1;1
4063;1;0;2;23;0;0;0;0;0;0;0;0;0;0;1;0;0;0;0;0;10;6;0;0;0;0;0,923076923;1;0;1;0;0;0;0;1;0;0;0;0;0;0;0;1;1;1;1;-1;-1;1
4064;3;1;2;57;0;0;0;0;0;0;0;0;0;0;1;0;0;0;1;0;31;19;0;0;0;0;0;0;0;1;0;0;0;0;0;0;0;0;0;0;0;0;1;0;1;1;1;1;1
4065;1;0;2;43;1;1;0;0;0;0;0;0;0;3;1;1;0;0;0;0;24;12;0;0;0;0;0;0;0;1;0;0;0;0,846153846;0;0;0;0;0;0;0;0;1;1;1;1;1;-1;1
4066;3;1;4;46;0;0;0;0;0;0;0;0;0;0;1;1;0;0;1;0;15;24;0;0;0;1;1;0,166666667;0;1;0;0;0;0;1;0;0;0;0;0;0;0;1;1;1;1;0;-1;1
4067;5;4;5;129;1;0;0;0;0;0;0;0;0;15;1;1;0;1;1;0;41;81;0;0;2;0;0;1;0;1;0;0;0;0;1;0;0;0;0;0;0;0;-1;-1;-1;1;-1;1;1
4068;5;4;5;129;1;0;0;0;0;0;0;0;0;21;1;1;0;1;1;0;41;81;0;0;2;0;0;1;0;1;0;0;0;0;1;0;0;0;0;0;0;0;-1;-1;-1;1;-1;1;1
4069;3;1;4;65;1;0;0;0;0;0;0;0;0;8;1;1;0;0;0;0;25;33;0;0;0;0;0,083333333;0,9;1;1;1;0;0;0,166666667;1;0;0;0;0;0;0;0;1;0;-1;1;0;1;1
4070;2;0;2;36;0;0;0;0;0;0;0;0;0;2;1;1;0;0;0;0;18;11;0;0;0;0;0;0;0;1;0;0;0;1;0;0;0;0;0;0;0;1;1;1;1;1;1;-1;1
4071;2;1;2;39;0;0;0;0;0;0;0;0;0;0;1;1;0;0;1;0;24;8;0;0;0;0;1;1;0;1;0;0;0;0;1;0;0;0;0;1;0;0;1;1;-1;1;-1;-1;1
4072;2;0;2;44;0;0;0;0;0;0;0;0;0;0;1;1;0;0;1;0;20;17;0;0;0;0;1;1;0;1;0;0;0;0;1;0;0;0;0;1;0;0;1;1;-1;1;-1;-1;1
4073;2;0;2;45;0;0;0;0;0;0;0;0;0;0;1;1;0;0;0;0;20;18;0;0;0;0;1;1;0;1;0;0;0;0;1;0;0;0;0;1;0;0;1;1;-1;1;-1;-1;1
4074;2;0;2;47;0;0;0;0;0;0;0;0;0;0;1;1;0;0;0;0;20;20;0;0;0;0;1;1;0;1;0;0;0;0;1;0;0;0;0;1;0;0;1;1;-1;1;-1;-1;1
4075;2;0;3;68;0;0;0;0;0;0;0;0;0;1;1;0;0;0;0;0;25;36;0;0;0;0;0;0;0;1;0;0;0;0;0;0;0;0;0;0;0;0;1;0;1;1;1;1;1
4076;3;0;2;46;0;0;0;0;0;0;0;0;0;2;1;1;0;0;0;0;18;21;0;0;0;0;0;0;0;1;0;0;0;1;0;0;0;0;0;0;0;1;1;1;1;1;1;-1;1
4077;3;0;3;51;0;0;0;0;0;0;0;0;0;0;1;0;0;0;0;0;19;25;0;0;0;0;0;0;0;1;0;0;0;0;0;0;0;0;0;0;0;0;1;1;1;1;1;1;1
4078;5;4;5;129;1;0;0;0;0;0;0;0;0;19;1;1;0;1;1;0;41;81;0;0;2;0;0;1;0;1;0;0;0;0;1;0;0;0;0;0;0;0;-1;-1;-1;1;-1;1;1
4079;2;0;4;43;0;0;0;0;0;0;0;0;0;1;1;0;0;0;0;0;16;20;0;0;0;0;0;0;0;1;1;0;0;1;0;0;0;0;0;0;0;0;1;1;1;1;1;-1;1
4080;2;1;5;66;1;0;0;0;0;0;0;0;0;0;1;1;0;0;0;0;27;32;0;0;0;0;0;0;0;1;0;0;0;0;0;0;0;0;0;0;0;0;1;0;1;1;1;1;1
4081;3;1;2;38;0;0;0;0;0;0;0;0;0;0;1;0;0;0;1;0;19;12;0;0;0;0;0;0;0;1;0;0;0;0;0;0;0;0;0;0;0;0;1;1;1;1;1;1;1
4082;3;0;2;53;0;0;0;0;0;0;0;0;0;1;1;0;0;0;1;0;13;33;0;0;1;0;1;1;1;1;0;0;0;0;1;0;0;0;0;0;0;0;1;1;-1;1;-1;-1;1
4083;3;1;5;62;1;0;0;0;0;0;0;0;0;0;1;1;0;0;0;0;14;41;0;0;0;0;0;0;0;1;0;0;0;0;0;0;0;0;0;0;0;0;1;0;1;1;1;1;1
4084;2;0;3;50;0;0;0;0;0;0;0;0;0;0;1;0;0;0;1;0;12;31;0;0;0;0;0,5;0,181818182;1;1;0;0;0;0;0;0;0;0;0;1;0;0;1;1;1;1;0;0;1
4085;3;1;2;42;0;0;0;0;0;0;0;0;0;0;1;0;0;0;1;0;23;12;0;0;0;0;0;0;0;1;0;0;0;0;0;0;0;0;0;0;0;0;1;1;1;1;1;1;1
4086;3;1;3;53;0;0;0;0;0;0;0;0;0;0;1;0;0;0;0;0;17;29;0;0;0;1;0,923076923;1;0;1;0;0;0;0;1;0;0;0;0;0;0;0;1;1;1;1;-1;-1;1
4087;2;1;2;38;0;0;0;0;0;0;0;0;0;1;1;1;0;0;0;0;24;7;0;0;0;0;1;1;0;1;0;0;0;0;1;0;0;0;0;1;0;0;1;1;-1;1;-1;-1;1
4088;5;1;3;59;0;0;0;0;0;0;0;0;0;0;1;0;0;0;1;0;21;31;0;0;0;0;0;0;0;1;0;0;0;0;0;0;0;0;0;0;0;0;1;0;1;1;1;1;1
4089;2;0;4;60;0;0;0;1;0;0;0;0;0;0;1;0;0;0;0;0;9;44;0;0;0;0;0;0;0;1;0;0;0;0;0;0;0;0;0;0;0;0;1;0;1;1;1;1;1
4090;5;0;3;67;1;0;0;0;1;0;0;0;0;1;1;0;0;0;1;0;15;45;0;0;1;1;0,941176471;0,181818182;0;1;0;0;0;0;1;0;0;0;0;0;0;0;1;0;1;1;0;-1;1
4091;2;0;3;48;0;0;0;0;0;0;0;0;0;2;1;0;0;0;0;0;15;26;0;0;0;0;0;0;0;1;0;0;0;0;0;0;0;0;0;0;0;0;1;1;1;1;1;1;1
4092;9;1;9;159;3;0;0;0;1;0;0;0;0;4;1;1;0;0;1;0;23;129;0;0;0;0;0;0;0;1;0;0;0;0;0;0;0;0;0;0;0;0;1;-1;1;1;1;1;1
4093;3;0;4;53;2;0;0;0;0;0;0;0;0;0;1;0;0;0;0;0;18;28;0;0;0;0;0,833333333;0,263157895;1;1;0;0;0;0;0;0;0;0;0;1;0;0;1;1;1;1;0;-1;1
4094;2;0;2;38;0;0;0;0;0;0;0;0;0;0;1;0;0;0;0;0;17;14;0;0;0;0;0,923076923;1;0;1;0;0;0;0;1;0;0;0;0;0;0;0;1;1;1;1;-1;-1;1
4095;2;1;5;56;0;0;0;0;0;0;0;0;0;0;0;0;0;0;1;0;22;26;0;0;0;0;0;0;0;0;0;0;0;0;1;0;0;0;0;0;1;0;1;0;1;1;1;1;1
4096;2;0;3;68;0;0;0;0;0;0;0;0;0;1;1;0;0;0;0;0;25;36;0;0;0;0;0;0;0;1;0;0;0;0;0;0;0;0;0;0;0;0;1;0;1;1;1;1;1
4097;2;1;2;44;1;1;0;0;0;0;0;0;0;7;1;1;0;0;0;0;28;9;0;0;0;0;0;0;0;1;1;0;0;1;0;0;0;0;1;1;0;0;1;1;1;1;1;-1;1
4098;2;0;4;54;0;0;0;0;0;0;0;0;0;0;1;0;0;0;0;0;21;26;0;0;1;0;0,972222222;0,045977012;1;1;0;0;0;0,027777778;0;0;0;0;0;1;0;0;1;0;1;1;0;-1;1
4099;8;0;9;155;3;0;0;0;1;0;0;0;0;4;1;1;0;0;1;0;19;129;0;0;0;0;0;0;0;1;0;0;0;0;0;0;0;0;0;0;0;0;1;-1;1;1;1;1;1
4100;2;0;6;65;0;0;0;0;0;0;0;0;0;0;1;0;0;0;0;0;15;43;0;0;1;0;0;0,285714286;0;1;0;0;0;0;0;0;0;0;0;0;0;0;1;0;1;1;-1;1;1
4101;2;1;3;45;0;0;0;0;0;0;0;0;0;0;1;1;0;0;0;0;26;12;0;0;0;0;0;0,785714286;0;1;0;0;0;1;1;0;0;0;0;1;0;0;1;1;-1;1;1;-1;1
4102;4;1;5;65;2;0;0;0;0;0;0;0;0;0;1;0;0;0;0;0;22;36;0;0;0;0;0,833333333;0,263157895;1;1;0;0;0;0;0;0;0;0;0;1;0;0;1;0;1;1;0;-1;1
4103;3;1;5;77;0;0;0;0;0;0;0;0;0;9;1;1;0;0;1;0;23;47;0;0;0;0;0;0;0;1;0;0;0;0;0;0;0;0;0;0;0;1;1;-1;1;1;1;1;1
4104;1;0;5;52;0;0;0;0;0;0;0;0;0;0;0;0;0;0;1;0;18;26;0;0;0;0;0;0;0;0;0;0;0;0;1;0;0;0;0;0;1;0;1;1;1;1;1;1;1
4105;2;0;3;41;0;0;0;0;0;0;0;0;0;0;1;0;0;0;0;0;22;12;0;0;0;0;0;0,266666667;0;1;0;0;0;1;0;0;0;0;0;1;0;0;1;1;0;1;1;-1;1
4106;1;0;3;43;0;0;0;0;0;0;0;0;0;0;1;1;0;0;0;0;22;14;0;0;0;0;0;0,785714286;0;1;0;0;0;1;1;0;0;0;0;1;0;0;1;1;-1;1;1;-1;1
4107;2;1;3;46;0;0;0;0;0;0;0;0;0;0;1;1;0;0;0;0;26;13;0;0;0;0;0;0,785714286;0;1;0;0;0;1;1;0;0;0;0;1;0;0;1;1;-1;1;1;-1;1
4108;3;1;3;55;0;0;0;0;0;0;0;0;0;0;1;1;0;0;0;0;26;22;0;0;0;0;0;0,785714286;0;1;0;0;0;1;1;0;0;0;0;1;0;0;1;0;-1;1;1;-1;1
4109;2;0;3;46;0;0;0;0;0;0;0;0;0;0;1;0;0;0;1;0;19;20;0;0;0;0;1;1;0;1;0;0;0;0;1;0;0;0;0;0;0;0;1;1;-1;1;-1;-1;1
4110;3;1;3;54;0;0;0;0;0;0;0;0;0;0;1;1;0;0;0;0;26;21;0;0;0;0;0;0,785714286;0;1;0;0;0;1;1;0;0;0;0;1;0;0;1;0;-1;1;1;-1;1
4111;3;0;3;56;0;0;0;0;0;0;0;0;0;0;1;0;0;0;0;0;25;24;0;0;0;1;0,866666667;1;0;1;0;0;0;0;1;0;0;0;0;0;0;0;1;0;-1;1;-1;-1;1
4112;5;0;3;48;0;0;0;0;0;0;0;0;0;12;1;0;1;0;0;0;14;27;0;0;0;0;0;0;0;1;0;0;0;1;1;0;0;0;0;0;0;1;1;1;1;1;1;-1;1
4113;3;1;9;212;1;0;0;0;0;0;1;0;0;55;0;1;0;0;1;0;27;99;77;0;2;0;0;0;0;0;0;0;0;0;0;0;0;0;0;0;0;0;1;-1;1;1;1;1;1
4114;2;0;2;138;0;0;0;0;0;0;1;0;0;87;0;1;0;0;0;0;12;24;93;0;0;0;1;0;0;0;0;0;0;0;0;0;0;0;0;0;0;0;1;-1;1;1;1;-1;1
4115;3;0;3;48;0;0;0;0;0;0;0;0;0;0;1;0;0;0;0;0;18;23;0;0;0;0;0;0;0;0;0;0;0;0,2;0;0;0;0;0;0;0;0;1;1;1;1;1;1;1
4116;3;1;4;60;0;0;0;0;0;0;0;0;0;0;1;0;0;0;1;0;21;32;0;0;1;1;1;1;1;1;0;0;0;0;1;0;0;0;0;0;0;0;1;0;-1;1;-1;-1;1
4117;4;1;3;50;0;0;0;0;0;0;1;0;0;0;1;1;0;0;0;0;14;24;4;0;1;0;1;0,5;1;1;0;0;0;0;1;0;0;0;0;0;0;0;1;1;1;1;0;-1;1
4118;3;1;4;56;0;0;0;0;0;0;0;0;0;0;1;0;0;0;1;0;18;31;0;0;0;0;1;1;0;1;0;1;0;0;1;0;0;0;0;1;0;0;1;0;-1;0;1;-1;1
4119;4;1;2;55;0;0;0;0;0;0;0;0;0;0;1;0;0;0;1;0;27;21;0;0;0;0;0;1;0;1;0;0;0;0;1;0;0;0;0;0;0;0;1;0;-1;1;-1;1;1
4120;3;1;2;51;0;0;0;0;1;0;0;0;0;0;1;0;0;0;0;0;17;27;0;0;0;0;1;1;0;1;0;0;0;0;1;0;0;0;0;1;1;0;1;1;-1;1;1;-1;1
4121;2;0;4;76;0;0;0;0;1;0;0;0;0;0;1;0;0;0;0;0;21;48;0;0;1;0;0,052631579;0,904761905;1;1;0;0;0;0,894736842;1;0;0;0;0;0;0;0;1;-1;-1;1;-1;-1;1
4122;4;0;3;69;0;0;0;0;0;0;0;0;0;0;1;0;0;0;1;0;12;50;0;0;1;0;1;1;0;1;0;0;0;0;1;0;0;0;0;1;1;0;1;0;-1;1;1;-1;1
4123;2;1;3;51;0;0;0;0;0;0;0;0;0;0;1;0;0;0;0;0;19;25;0;0;0;0;0;0;0;1;0;0;0;0;0;0;0;0;0;0;0;0;1;1;1;1;1;1;1
4124;1;0;7;90;3;0;0;0;0;0;0;0;0;3;1;1;0;0;1;0;19;64;0;0;0;0;0;0;0;1;0;0;0;0;0;0;0;0;0;0;0;0;1;-1;1;1;1;1;1
4125;3;1;3;45;0;0;0;0;0;0;0;0;0;0;1;0;0;0;1;0;19;19;0;0;0;0;0;0,071428571;1;1;0;0;0;1;0;0;0;0;0;1;0;0;1;1;1;1;1;-1;1
4126;2;0;3;42;0;0;0;0;0;0;0;0;0;0;1;0;0;0;1;0;17;18;0;0;0;0;0,333333333;0,777777778;0;1;1;1;0;0,666666667;1;0;0;0;0;0;0;0;1;1;1;0;-1;-1;1
4127;3;1;3;61;0;0;0;0;0;0;0;0;0;0;1;0;0;0;1;0;24;30;0;0;0;0;0;0;0;1;1;0;0;0;0;0;0;0;0;0;1;0;1;0;1;1;1;1;1
4128;4;1;4;56;0;0;0;0;0;0;0;0;0;0;1;1;0;0;1;0;15;34;0;0;0;1;1;0,166666667;0;1;0;0;0;0;1;0;0;0;0;0;0;0;1;0;1;1;0;-1;1
4129;4;0;4;64;0;0;0;0;0;0;0;0;0;0;1;0;0;0;1;0;14;43;0;0;0;1;0,866666667;1;0;1;0;0;0;0;1;0;0;0;0;0;0;0;1;0;-1;1;-1;-1;1
4130;3;1;3;60;0;0;0;0;0;0;0;0;0;0;1;0;0;0;0;0;19;34;0;0;0;0;0;0;0;1;0;0;0;0;0;0;0;0;0;0;0;0;1;0;1;1;1;1;1
4131;2;0;4;69;0;0;0;1;0;0;0;0;0;0;1;0;0;0;0;0;15;47;0;0;0;1;0;0;0;1;0;0;0;0;0;0;0;0;0;0;0;0;1;0;1;1;1;1;1
4132;2;0;3;49;0;0;0;0;0;0;0;0;0;0;1;0;0;0;0;0;17;25;0;0;0;0;0;0;0;1;0;0;0;0;0;0;0;0;0;0;0;0;1;1;1;1;1;1;1
4133;2;0;4;82;0;0;0;0;0;0;0;0;0;0;1;1;0;0;1;0;18;57;0;0;0;0;0;0;0;1;0;0;0;0;0;0;0;0;0;0;0;0;1;-1;1;1;1;1;1
4134;2;0;3;41;0;0;0;0;0;0;0;0;0;0;1;0;0;0;1;0;15;19;0;0;0;0;0;0,071428571;1;1;0;0;0;1;0;0;0;0;0;1;0;0;1;1;1;1;1;-1;1
4135;3;1;5;80;1;0;0;0;0;0;0;0;0;0;1;1;0;0;1;0;27;46;0;0;0;1;1;1;0;1;1;0;0;0;1;0;0;0;0;0;0;0;1;-1;-1;1;-1;-1;1
4136;3;0;3;68;0;0;0;0;0;0;0;0;0;10;1;1;0;0;0;0;23;38;0;0;0;0;0;0;0;1;0;0;0;0;0;0;0;0;0;0;0;0;1;0;1;1;1;1;1
4137;3;2;5;110;5;4;0;0;0;0;0;0;0;20;1;1;0;1;1;0;57;46;0;1;0;0;0,055555556;0;0;1;1;0;0;0,944444444;0;0;0;0;0;1;0;0;0;-1;1;1;1;-1;1
4138;4;1;3;50;0;0;0;0;0;0;1;0;0;0;1;1;0;0;0;0;14;24;4;0;1;0;1;0,5;1;1;0;0;0;0;1;0;0;0;0;0;0;0;1;1;1;1;0;-1;1
4139;2;0;4;62;0;0;0;0;1;0;0;0;0;0;1;1;0;0;1;0;22;33;0;0;0;0;0;0;0;1;0;0;0;0;0;0;0;0;0;0;0;0;1;0;1;1;1;1;1
4140;1;0;3;42;0;0;0;0;1;0;0;0;0;0;1;0;0;0;0;0;11;24;0;0;0;0;0,054545455;0,695652174;0;1;0;0;0;0,145454546;0;0;0;0;0;0;0;0;1;1;1;1;-1;1;1
4141;4;0;3;50;1;0;0;0;0;0;0;0;0;0;1;0;0;0;1;0;12;31;0;0;1;1;0,975;0,166666667;1;1;0;0;0;0,025;1;0;0;0;0;0;0;0;1;1;1;1;0;-1;1
4142;3;1;2;57;0;0;0;0;0;0;0;0;0;0;1;0;0;0;0;0;31;19;0;0;0;0;0;0,785714286;0;1;0;0;0;1;1;0;0;0;0;1;0;0;1;0;-1;1;1;-1;1
4143;3;0;3;60;0;0;0;0;0;0;0;0;0;2;1;0;0;0;1;0;30;23;0;0;0;0;0;0,25;1;1;0;0;0;1;0;0;0;0;0;0;0;1;1;0;1;1;-1;-1;1
4144;2;0;4;192;2;0;0;0;7;0;3;2;0;24;1;1;0;0;0;0;24;64;96;0;0;0;0;0,2;0;1;1;0;0;0;0;0;0;0;0;0;0;0;1;-1;1;1;0;1;1
4145;2;0;3;55;1;1;0;0;0;0;0;0;0;0;1;0;0;0;1;0;21;27;0;0;0;0;0;0;0;1;1;0;0;0;0;0;0;0;0;0;1;0;1;0;1;1;1;1;1
4146;2;0;3;56;1;1;0;0;0;0;0;0;0;0;1;0;0;0;1;0;21;28;0;0;0;0;0;0;0;1;1;0;0;0;0;0;0;0;0;0;1;0;1;0;1;1;1;1;1
4147;2;0;3;55;1;1;0;0;0;0;0;0;0;0;1;0;0;0;1;0;21;27;0;0;0;0;0;0;0;1;1;0;0;0;0;0;0;0;0;0;1;0;1;0;1;1;1;1;1
4148;2;1;3;60;1;1;0;0;0;0;0;0;0;0;0;1;0;0;1;0;42;10;0;0;1;0;0;0;0;0;1;0;0;1;0;0;0;0;0;0;0;0;1;0;1;1;1;-1;1
4149;3;0;3;72;3;0;0;0;0;0;0;0;0;0;1;0;0;0;1;0;26;39;0;0;0;0;0;0;0;1;0;0;0;0;0;0;0;0;0;0;0;0;1;0;1;1;1;1;1
4150;2;0;3;44;0;0;0;0;0;0;0;0;0;0;1;0;0;0;0;0;19;18;0;0;1;0;0;1;0;1;0;0;0;0;0;0;0;0;0;0;0;0;1;1;-1;1;-1;1;1
4151;2;1;3;59;1;1;0;0;0;0;0;0;0;0;1;1;0;0;1;0;42;10;0;0;1;0;0;0;0;1;1;0;0;1;0;0;0;0;0;0;0;0;1;0;1;1;1;-1;1
4152;2;0;2;43;0;0;0;0;0;0;0;0;0;0;1;0;0;0;0;0;19;17;0;0;0;0;1;0,111111111;1;1;0;1;0;0;0;0;0;0;0;0;0;0;1;1;1;0;0;-1;1
4153;4;1;7;87;0;0;0;0;0;0;0;0;0;5;1;1;0;0;0;0;21;59;0;0;0;0;0;0;0;1;1;0;0;1;0;0;0;0;0;0;0;0;1;-1;1;1;1;-1;1
4154;3;0;3;72;0;0;0;0;0;0;0;0;0;0;1;0;0;0;0;0;28;37;0;0;1;1;1;1;0;1;0;0;0;0;1;0;0;0;0;0;0;0;1;0;-1;1;-1;-1;1
4155;2;1;2;53;1;1;0;0;0;0;0;0;0;5;1;1;0;0;0;0;37;9;0;0;0;0;0;0;0;1;1;0;0;1;0;0;0;0;1;1;0;0;1;1;1;1;1;-1;1
4156;3;1;8;66;0;0;0;0;0;0;0;0;0;0;1;1;0;0;1;0;15;44;0;0;0;0;0;0;0;1;1;0;0;1;0;0;0;0;0;0;0;0;1;0;1;1;1;-1;1
4157;3;1;5;59;1;0;0;0;0;0;0;0;0;0;1;0;0;0;0;0;12;40;0;0;0;0;0,923076923;1;0;1;1;0;0;0;1;0;0;0;0;0;0;0;1;0;1;1;-1;-1;1
4158;2;0;7;99;3;0;0;0;0;0;0;0;0;3;1;1;0;0;1;0;19;73;0;0;0;0;0;0;0;1;0;0;0;0;0;0;0;0;0;0;0;0;1;-1;1;1;1;1;1
4159;2;0;4;50;1;0;0;0;0;0;0;0;0;0;1;0;0;0;0;0;9;34;0;0;0;0;0,923076923;1;0;1;0;0;0;0;1;0;0;0;0;0;0;0;1;1;1;1;-1;-1;1
4160;3;1;2;54;0;0;0;0;0;0;0;0;0;0;1;1;0;0;0;0;25;22;0;0;0;0;1;0,142857143;1;1;0;0;0;0;0;0;0;0;0;1;0;0;1;0;1;1;0;-1;1
4161;2;0;4;191;2;0;0;0;7;0;2;2;0;24;1;1;0;0;0;0;24;64;95;0;0;0;0;0,2;0;1;1;0;0;0;0;0;0;0;0;0;0;0;1;-1;1;1;0;1;1
4162;2;0;4;55;1;0;0;0;0;0;0;0;0;4;1;1;0;0;1;0;15;33;0;0;0;1;0,916666667;0,857142857;0;1;0;0;0;0,083333333;1;0;0;0;0;0;0;0;1;0;-1;1;-1;-1;1
4163;2;0;2;42;0;0;0;0;0;0;0;0;0;0;1;1;0;0;0;0;20;15;0;0;0;0;1;1;0;1;0;0;0;0;1;0;0;0;0;1;0;0;1;1;-1;1;-1;-1;1
4164;2;0;2;43;0;0;0;0;0;0;0;0;0;1;1;1;0;0;0;0;20;16;0;0;0;0;1;1;0;1;0;0;0;0;1;0;0;0;0;1;0;0;1;1;-1;1;-1;-1;1
4165;2;0;2;44;0;0;0;0;0;0;0;0;0;0;1;1;0;0;0;0;23;14;0;0;0;0;1;0,142857143;1;1;0;0;0;0;0;0;0;0;0;1;0;0;1;1;1;1;0;-1;1
4166;3;1;3;181;2;0;0;0;0;0;1;0;0;33;1;0;0;0;1;0;20;29;124;0;0;1;0;0,5;1;1;0;0;0;0;1;0;1;0;0;0;0;0;1;-1;1;1;0;1;1
4167;2;0;7;79;1;0;0;0;0;0;0;0;0;0;1;0;0;0;1;0;17;55;0;0;0;0;0,923076923;1;0;1;1;0;0;0;1;0;0;0;0;0;0;0;1;-1;1;1;-1;-1;1
4168;3;0;6;67;1;0;0;0;0;0;0;0;0;0;1;1;0;0;0;0;22;38;0;0;0;0;0;0,6;0;1;0;0;0;0;0;0;0;0;0;0;0;0;1;0;1;1;0;1;1
4169;6;0;6;89;1;0;0;0;0;0;0;0;0;0;1;1;0;0;1;0;13;69;0;0;1;1;0,909090909;0,416666667;1;1;0;0;0;0,090909091;1;0;0;0;0;1;0;0;1;-1;0;1;0;-1;1
4170;3;1;2;47;0;0;0;0;0;0;0;0;0;1;1;1;0;0;0;0;24;16;0;0;0;0;1;1;0;1;0;0;0;0;1;0;0;0;0;1;0;0;1;1;-1;1;-1;-1;1
4171;3;0;4;149;1;0;0;0;7;0;2;2;0;4;1;0;0;0;1;0;20;34;87;0;0;0;0;0,333333333;0;1;1;0;0;0;0;0;0;0;0;0;0;0;1;-1;1;1;-1;1;1
4172;2;0;4;59;2;1;0;0;0;0;0;0;0;1;1;0;0;0;0;0;14;38;0;0;1;0;0,75;0,222222222;1;1;0;0;0;0,125;0;0;0;0;0;0;0;0;1;0;1;1;0;-1;1
4173;4;1;9;102;1;0;0;0;0;0;0;0;0;6;1;1;0;0;1;0;19;76;0;0;0;1;1;1;0;1;0;0;0;0;1;0;0;0;0;0;0;0;1;-1;-1;1;-1;-1;1
4174;2;0;6;67;1;0;0;0;0;0;0;0;0;0;1;0;0;0;1;0;15;45;0;0;0;1;1;1;0;1;0;0;0;0;1;1;0;0;0;0;0;0;1;0;-1;1;-1;-1;1
4175;2;0;4;50;1;0;0;0;0;0;0;0;0;0;1;0;0;0;0;0;11;32;0;0;0;0;1;0,25;1;1;0;0;0;0;1;0;0;0;0;1;0;0;1;1;1;1;0;-1;1
4176;3;1;2;81;1;1;0;0;0;0;0;0;0;19;1;1;0;0;0;0;29;45;0;0;0;0;0,083333333;0,928571429;1;1;1;0;0;0,166666667;1;0;0;0;0;0;0;0;1;-1;-1;1;0;1;1
4177;4;0;4;55;0;0;0;0;0;0;0;0;0;4;1;1;0;0;1;0;14;34;0;0;2;1;0,897435897;0,181818182;0;1;1;0;0;0,102564103;1;0;0;0;0;0;0;0;1;0;0;1;1;-1;1
4178;2;0;3;43;0;0;0;0;0;0;0;0;0;0;1;1;0;0;1;0;11;25;0;0;0;0;0;1;0;1;0;0;0;0;1;0;0;0;0;0;0;0;1;1;-1;1;-1;1;1
4179;2;0;2;54;1;0;0;0;0;0;0;0;0;0;1;0;0;0;1;0;19;28;0;0;0;1;1;1;0;1;1;0;1;0;1;0;0;0;1;0;0;0;1;0;-1;-1;1;-1;1
4180;2;1;4;34;0;0;0;0;0;0;0;0;0;0;0;1;0;0;1;0;14;12;0;0;0;0;1;0,363636364;1;1;0;1;0;0;1;0;0;0;0;0;0;0;1;1;1;0;0;-1;1
4181;3;1;2;55;1;1;0;0;0;0;0;0;0;3;1;1;0;0;0;0;29;19;0;0;1;0;0;0;0;1;0;0;0;0;0;0;0;0;0;0;0;0;1;0;1;1;1;1;1
4182;3;0;3;65;3;0;0;0;0;0;0;0;0;0;1;0;0;0;1;0;17;41;0;0;0;0;0;0;0;1;0;0;0;0;0;0;0;0;0;0;0;0;1;0;1;1;1;1;1
4183;3;0;7;96;2;0;0;0;0;0;0;0;0;0;1;0;0;0;1;0;32;57;0;0;0;0;0;0;0;1;0;0;0;0;0;0;0;0;0;0;0;0;1;-1;1;1;1;1;1
4184;3;1;2;63;1;1;0;0;0;0;0;0;0;4;1;1;0;0;0;0;37;19;0;0;1;0;0;0;0;1;0;0;0;0;0;0;0;0;0;0;0;0;1;0;1;1;1;1;1
4185;3;1;2;69;1;1;0;0;0;0;0;0;0;6;1;1;0;0;0;0;43;19;0;0;1;0;0;0;0;1;0;0;0;0;0;0;0;0;0;0;0;0;1;0;1;1;1;1;1
4186;3;1;2;55;1;1;0;0;0;0;0;0;0;4;1;1;0;0;0;0;29;19;0;0;1;0;0;0;0;1;0;0;0;0;0;0;0;0;0;0;0;0;1;0;1;1;1;1;1
4187;3;1;2;63;1;1;0;0;0;0;0;0;0;5;1;1;0;0;0;0;37;19;0;0;1;0;0;0;0;1;0;0;0;0;0;0;0;0;0;0;0;0;1;0;1;1;1;1;1
4188;2;0;3;51;0;0;0;0;1;0;0;0;0;1;1;0;0;0;0;0;13;31;0;0;0;0;0;0,642857143;1;1;0;0;0;1;0;0;0;0;0;0;0;0;1;1;-1;1;0;-1;1
4189;3;1;2;66;4;4;0;0;0;0;0;0;0;1;1;1;0;0;0;0;37;22;0;0;0;0;0,923076923;1;0;1;0;0;0;0;1;0;0;0;0;0;0;0;1;0;1;1;-1;-1;1
4190;2;0;2;44;0;0;0;0;0;0;0;0;0;0;1;1;0;0;0;0;20;17;0;0;0;0;0;0;0;1;0;0;0;0;0;0;0;0;0;0;0;0;1;1;1;1;1;1;1
4191;6;0;4;91;1;1;0;0;0;0;2;0;0;15;1;0;0;0;1;0;24;23;36;0;0;0;1;1;1;1;0;0;0;0;1;0;0;0;0;0;0;0;1;-1;-1;1;-1;-1;1
4192;2;0;6;67;1;0;0;0;0;0;0;0;0;0;1;0;0;0;1;0;11;49;0;0;0;0;0;0,071428571;1;1;0;0;0;1;0;0;0;0;0;1;0;0;1;0;1;1;1;-1;1
4193;3;0;7;64;0;0;0;0;0;0;0;0;0;0;1;1;0;0;1;0;11;46;0;0;0;0;0,933333333;1;1;1;1;1;1;0;1;0;0;0;0;1;0;0;1;0;-1;0;-1;-1;1
4194;3;0;3;43;1;0;0;0;0;0;0;0;0;0;1;0;0;0;1;0;12;24;0;0;0;1;0;1;1;1;0;0;0;0;1;0;0;0;0;0;0;0;1;1;-1;1;-1;1;1
4195;5;0;9;97;0;0;0;0;0;0;0;0;0;14;1;0;0;0;1;0;20;70;0;0;1;1;0,857142857;0,984126984;1;1;0;0;0;0;1;0;0;0;0;1;0;0;1;-1;-1;1;-1;-1;1
4196;1;0;2;29;0;0;0;0;0;0;0;0;0;0;1;1;0;0;0;0;16;6;0;0;0;0;0,258741259;0,027027027;0;1;0;0;0;0,055944056;0;0;0;0;0;0;0;0;1;1;1;1;1;0;1
4197;5;0;6;103;1;0;0;0;0;0;0;0;0;3;1;1;0;0;1;0;18;78;0;0;0;0;0,083333333;0,9;1;1;1;0;0;0,916666667;1;0;0;0;0;1;0;0;1;-1;1;1;-1;-1;1
4198;2;0;2;49;0;0;0;0;0;0;0;0;0;0;1;0;0;0;0;0;23;19;0;0;0;0;0,923076923;1;0;1;0;0;0;0;1;0;0;0;0;0;0;0;1;1;1;1;-1;-1;1
4199;2;1;2;57;1;1;0;0;0;0;0;0;0;0;0;1;0;0;0;0;43;6;0;0;0;0;0;0;0;0;1;0;0;1;0;0;0;0;0;0;0;0;1;0;1;1;1;-1;1
4200;2;0;4;75;1;0;0;0;0;0;0;0;0;0;0;1;0;0;0;0;24;43;0;0;0;0;0;0;0;0;0;0;0;0;0;0;0;0;0;0;0;0;1;0;1;1;1;1;1
4201;3;1;1;37;0;0;0;0;0;0;0;0;0;0;1;0;0;0;0;0;18;12;0;0;0;0;0;1;1;1;0;1;0;0;1;0;0;0;0;0;0;0;1;1;-1;0;-1;1;1
4202;5;1;2;210;0;0;0;0;1;0;5;6;0;14;0;0;0;0;0;0;18;25;158;0;2;0;0;0,133333333;0;0;1;0;0;0;0;0;0;0;0;0;0;0;1;-1;1;1;1;1;1
4203;4;1;4;51;1;0;0;0;0;0;0;0;0;0;1;0;0;0;1;0;17;27;0;0;0;1;0,923076923;1;0;1;0;0;0;0;1;0;0;0;0;0;0;0;1;1;1;1;-1;-1;1
4204;3;1;2;40;0;0;0;0;0;0;0;0;0;2;1;1;0;0;0;0;22;11;0;0;0;0;0;0;0;1;0;0;0;1;0;0;0;0;0;0;0;1;1;1;1;1;1;-1;1
4205;2;0;2;48;0;0;0;0;0;0;0;0;0;0;1;0;0;0;0;0;17;24;0;0;0;0;0;0;0;1;1;0;0;1;0;0;0;0;0;0;0;0;1;1;1;1;1;-1;1
4206;2;0;3;59;0;0;0;0;0;0;0;0;0;0;1;1;0;0;0;0;19;33;0;0;0;0;0;0;0;1;1;0;0;1;0;0;0;0;0;0;0;0;1;0;1;1;1;-1;1
4207;2;1;2;56;1;1;0;0;0;0;0;0;0;0;1;1;0;0;0;0;43;6;0;0;0;0;0;0;0;1;1;0;0;1;0;0;0;0;0;0;0;0;1;0;1;1;1;-1;1
4208;3;1;4;45;0;0;0;0;0;0;0;0;0;0;1;0;0;0;1;0;12;26;0;0;0;0;0;0;0;1;1;0;0;1;0;0;0;0;0;0;0;0;1;1;1;1;1;-1;1
4209;4;1;4;69;0;0;0;0;4;0;0;0;0;0;1;0;0;0;0;0;27;35;0;0;0;0;0,923076923;0,9;0;1;0;0;0;0;1;0;0;0;0;0;0;0;1;0;1;1;-1;-1;1
4210;4;2;3;65;4;4;0;0;0;0;0;0;0;9;1;0;0;0;0;0;35;23;0;0;2;0;0,923076923;1;0;1;0;0;0;0;1;0;0;0;0;0;0;0;0;0;1;1;-1;-1;1
4211;4;2;4;77;4;4;0;0;4;0;0;0;0;9;1;0;0;0;0;0;35;35;0;0;1;0;0,923076923;1;1;1;0;0;0;0;1;0;0;0;0;0;0;0;0;-1;1;1;-1;-1;1
4212;6;1;4;91;3;0;0;1;0;0;0;0;0;0;0;1;0;0;1;0;26;57;0;0;1;1;0;0,79245283;1;0;1;0;0;1;1;0;0;0;0;1;0;0;1;-1;-1;1;0;-1;1
4213;3;0;10;84;0;0;0;0;0;0;0;0;0;14;1;0;0;0;1;0;11;66;0;0;1;1;0,857142857;0,984126984;1;1;0;0;0;0;1;0;0;0;0;1;0;0;1;-1;-1;1;-1;-1;1
4214;4;0;10;94;0;0;0;0;0;0;0;0;0;14;1;0;0;0;1;0;11;76;0;0;1;1;0,857142857;0,984126984;1;1;0;0;0;0;1;0;0;0;0;1;0;0;1;-1;-1;1;-1;-1;1
4215;2;0;2;46;0;0;0;0;0;0;0;0;0;1;1;0;0;0;0;0;23;16;0;0;0;0;0,923076923;1;0;1;0;0;0;0;1;0;0;0;0;0;0;0;1;1;1;1;-1;-1;1
4216;3;1;3;53;0;0;0;0;0;0;0;0;0;4;1;1;0;0;0;0;20;26;0;0;0;0;0;0;0;1;1;0;0;1;0;0;0;0;0;0;0;0;1;1;1;1;1;-1;1
4217;3;1;5;57;1;0;0;0;0;0;0;0;0;0;1;0;0;0;0;0;13;37;0;0;0;0;0;0;0;1;1;0;0;1;0;0;0;0;0;0;0;0;1;0;1;1;1;-1;1
4218;2;0;4;58;1;0;0;0;0;0;0;0;0;0;1;1;0;0;0;0;17;34;0;0;0;0;0,923076923;1;0;1;0;0;0;0;1;0;0;0;0;0;0;0;1;0;1;1;-1;-1;1
4219;2;0;4;62;2;0;0;0;1;0;0;0;0;0;1;0;0;0;1;0;20;35;0;0;0;0;0;0;0;1;0;0;0;0;0;0;0;0;0;0;0;0;1;0;1;1;1;1;1
4220;2;0;3;56;2;0;0;0;0;0;0;0;0;1;1;0;0;0;0;0;17;32;0;0;0;0;0,996978852;1;1;1;1;1;1;0,003021148;1;0;1;0;0;0;0;0;1;0;-1;0;-1;-1;1
4221;2;0;2;59;0;0;0;0;0;0;0;0;0;0;1;0;0;0;1;0;35;17;0;0;0;0;0;0;0;1;0;0;0;0;0;0;0;0;0;0;0;0;1;0;1;1;1;1;1
4222;2;0;3;74;0;0;0;0;0;0;0;0;0;7;1;1;0;0;0;0;26;41;0;0;0;0;1;1;0;1;0;1;0;0;1;0;0;0;0;0;0;0;1;0;-1;0;-1;-1;1
4223;3;0;4;69;2;0;0;0;0;0;0;0;0;0;1;0;0;0;1;0;16;46;0;0;0;0;0;0;0;1;0;0;0;0;0;0;0;0;0;0;0;0;1;0;1;1;1;1;1
4224;3;0;4;66;0;0;0;0;0;0;0;0;0;4;1;1;0;0;0;0;35;24;0;0;0;0;0;0;0;1;0;0;0;1;0;0;0;0;0;0;0;1;1;0;1;1;1;-1;1
4225;3;0;4;66;0;0;0;0;0;0;0;0;0;4;1;1;0;0;0;0;35;24;0;0;0;0;0;0;0;1;0;0;0;1;0;0;0;0;0;0;0;1;1;0;1;1;1;-1;1
4226;2;1;2;53;1;1;0;0;0;0;0;0;0;0;0;1;0;0;0;0;39;6;0;0;0;0;0;0;0;0;1;0;0;1;0;0;0;0;0;0;0;0;1;1;1;1;1;-1;1
4227;2;0;5;93;1;0;0;0;0;0;0;0;0;50;1;1;0;0;0;0;18;68;0;0;0;0;1;1;0;1;0;0;0;0;1;0;0;0;0;1;0;0;1;-1;-1;1;-1;-1;1
4228;3;1;5;102;2;0;0;0;0;0;0;0;0;1;1;0;0;0;0;0;30;65;0;0;0;0;0,375;1;1;1;0;0;0;0;0;0;0;0;0;0;0;0;1;-1;-1;1;-1;0;1
4229;3;0;3;51;0;0;0;0;0;0;0;0;0;1;1;0;0;0;0;0;22;22;0;0;0;0;0,135135135;1;0;1;0;0;0;0;0;0;0;0;0;0;0;0;1;1;-1;1;-1;1;1
4230;2;0;3;40;1;0;0;0;0;0;0;0;0;2;1;0;0;0;0;0;10;23;0;0;0;0;0,923076923;1;0;1;0;0;0;0;1;0;0;0;0;0;0;0;1;1;1;1;-1;-1;1
4231;2;0;4;51;0;0;0;0;0;0;0;0;0;0;1;0;0;0;0;0;17;27;0;0;0;0;0;0;0;1;1;0;0;1;0;0;0;0;0;0;0;0;1;1;1;1;1;-1;1
4232;2;1;2;36;0;0;0;0;0;0;0;0;0;0;1;0;0;0;0;0;20;9;0;0;0;0;0;0,785714286;0;1;0;0;0;1;1;0;0;0;0;1;0;0;1;1;-1;1;1;-1;1
4233;2;0;6;61;1;0;0;0;0;0;0;0;0;2;1;1;0;0;0;0;10;44;0;0;0;0;1;1;0;1;0;0;0;0;1;0;0;0;0;0;0;0;1;0;-1;1;-1;-1;1
4234;3;1;4;73;0;0;0;1;0;0;0;0;0;0;1;0;0;0;0;0;19;47;0;0;0;1;0;0;0;1;0;0;0;0;0;0;0;0;0;0;0;0;1;0;1;1;1;1;1
4235;3;0;2;40;0;0;0;0;0;0;0;0;0;0;1;0;0;0;0;0;16;17;0;0;0;0;0;0,8;0;1;0;1;0;0;1;0;0;0;0;0;0;0;1;1;0;0;-1;1;1
4236;3;1;3;70;2;0;0;0;0;0;0;0;0;1;1;0;0;0;0;0;30;33;0;0;0;0;0,375;1;1;1;0;0;0;0;0;0;0;0;0;0;0;0;1;0;-1;1;-1;0;1
4237;3;1;4;56;0;0;0;0;0;0;0;0;0;0;1;0;0;0;0;0;21;28;0;0;0;0;0;0;0;1;0;0;0;0;0;0;0;0;0;0;0;0;1;0;1;1;1;1;1
4238;4;0;3;58;0;0;0;0;0;0;0;0;0;10;1;1;0;0;1;0;13;38;0;0;0;0;1;1;0;1;0;0;0;0;1;0;0;0;0;0;0;0;1;0;-1;1;-1;-1;1
4239;3;1;7;115;1;1;0;0;0;0;0;0;0;20;1;1;0;0;0;0;14;94;0;0;1;0;0;0;0;1;0;0;0;0;0;0;0;0;0;0;0;0;1;-1;1;1;1;1;1
4240;7;1;2;86;0;0;0;0;0;0;0;0;0;0;1;0;0;0;1;0;37;42;0;0;0;0;0;0;0;1;0;0;0;0;0;0;0;0;0;0;0;0;1;-1;1;1;1;1;1
4241;2;0;3;46;0;0;0;0;0;0;0;0;0;0;1;0;0;0;0;0;16;23;0;0;0;0;0,333333333;1;0;1;0;0;0;0;0;0;0;0;0;0;0;0;1;1;-1;1;-1;0;1
4242;3;1;3;58;0;0;0;0;1;0;0;0;0;0;1;0;0;0;0;0;17;34;0;0;0;0;1;1;0;1;0;0;0;0;1;0;0;0;0;1;1;0;1;0;-1;1;1;-1;1
4243;2;1;3;43;0;0;0;0;0;0;0;0;0;0;1;1;0;0;0;0;26;10;0;0;0;0;0;0,785714286;0;1;0;0;0;1;1;0;0;0;0;1;0;0;1;1;-1;1;1;-1;1
4244;3;1;3;49;0;0;0;0;0;0;0;0;0;0;1;0;0;0;0;0;23;19;0;0;0;0;1;0;0;1;0;0;0;0;0;0;0;0;0;0;0;0;1;1;1;1;1;-1;1
4245;3;0;9;104;2;1;0;0;2;0;0;0;0;0;1;0;0;0;0;0;17;80;0;0;1;0;0;0,125;1;1;0;0;0;0;0;0;0;0;0;0;0;0;1;-1;1;1;1;1;1
4246;4;1;6;76;0;0;0;0;0;0;0;0;0;1;1;0;0;0;0;0;23;46;0;0;0;0;0;0;0;1;0;0;0;1;0;0;0;0;0;0;1;0;1;-1;1;1;1;-1;1
4247;3;1;3;52;0;0;0;0;0;0;0;0;0;0;1;1;0;0;0;0;26;19;0;0;0;0;0;0,785714286;0;1;0;0;0;1;1;0;0;0;0;1;0;0;1;1;-1;1;1;-1;1
4248;15;0;5;252;0;0;0;0;0;0;6;12;1;77;1;0;0;0;1;0;13;32;174;0;0;0;0;0,2;1;1;0;0;0;0;0;0;0;0;0;0;0;0;1;-1;1;1;0;1;1
4249;2;0;2;49;0;0;0;0;2;0;0;0;0;0;1;0;0;0;1;0;13;29;0;0;0;0;1;1;0;1;0;0;0;0;1;0;0;0;0;1;1;0;1;1;-1;1;1;-1;1
4250;3;1;3;49;0;0;0;0;0;0;0;0;0;0;1;0;0;0;0;0;20;22;0;0;0;0;0;0,285714286;0;1;0;0;0;0;0;0;0;0;0;0;0;0;1;1;1;1;-1;1;1
4251;5;1;5;77;0;0;0;0;0;0;0;0;0;0;1;1;0;0;1;0;26;44;0;0;0;1;0,25;1;0;1;0;0;0;0,75;1;0;0;0;0;0;0;0;1;-1;-1;1;-1;-1;1
4252;2;1;0;40;1;1;0;0;0;0;0;0;0;0;0;1;0;0;0;0;31;1;0;0;0;0;0,538461539;0,636363636;0;0;0;0;0;0,384615385;1;0;0;0;0;0;0;0;1;1;-1;1;0;-1;1
4253;3;1;2;35;1;0;0;0;0;0;0;0;0;0;1;1;0;0;1;0;11;17;0;0;0;0;0;0;0;1;0;0;0;1;0;0;0;0;0;0;0;0;1;1;1;1;1;-1;1
4254;3;0;3;52;0;0;0;0;0;0;0;0;0;7;1;1;0;0;0;0;11;34;0;0;0;0;1;1;0;1;0;1;0;0;1;0;0;0;0;0;0;0;1;1;-1;0;-1;-1;1
4255;3;0;4;70;1;0;0;0;0;0;0;0;0;4;1;1;0;0;0;0;18;45;0;0;0;0;0;0;0;1;1;0;0;1;0;0;0;0;0;0;0;0;1;0;1;1;1;-1;1
4256;2;0;2;50;0;0;0;0;0;0;0;0;0;0;1;1;0;0;0;0;20;23;0;0;0;0;1;0,666666667;1;1;0;0;0;0;1;0;0;0;0;0;0;0;1;1;1;1;0;-1;1
4257;2;0;4;106;7;0;0;0;1;0;0;0;0;4;1;1;0;0;1;0;15;84;0;0;2;1;0,944444444;1;0;1;0;1;0;0;1;0;0;0;0;0;0;0;1;-1;-1;0;-1;-1;1
4258;1;0;2;60;0;0;0;0;0;0;1;1;0;7;1;1;0;0;0;0;16;6;30;0;0;0;0,258741259;0,027027027;0;1;0;0;0;0;0;0;0;0;0;0;0;0;1;0;1;1;1;1;1
4259;2;0;2;42;0;0;0;0;1;0;0;0;0;0;1;0;0;0;1;0;16;19;0;0;0;0;0;0;0;1;0;0;0;0;0;0;0;0;0;0;0;0;1;1;1;1;1;1;1
4260;2;0;5;58;0;0;0;0;0;0;0;0;0;0;1;0;0;0;0;0;17;34;0;0;0;0;0,066666667;0,076923077;0;1;1;0;0;0,866666667;0;0;0;0;0;0;0;0;1;0;1;1;1;-1;1
4261;2;1;2;30;0;0;0;0;0;0;0;0;0;0;1;1;0;0;0;0;17;6;0;0;0;0;0;0;0;1;0;0;0;0;0;0;0;0;0;0;0;0;1;1;1;1;1;1;1
4262;2;0;3;54;0;0;0;0;0;0;0;0;0;0;1;0;0;0;1;0;20;27;0;0;0;0;0;0;0;1;1;0;0;0;0;0;0;0;0;0;1;0;1;0;1;1;1;1;1
4263;2;0;3;55;0;0;0;0;0;0;0;0;0;0;1;0;0;0;1;0;20;28;0;0;0;0;0;0;0;1;1;0;0;0;0;0;0;0;0;0;1;0;1;0;1;1;1;1;1
4264;1;0;2;70;0;0;0;0;0;0;1;1;0;18;1;1;0;0;0;0;16;6;40;0;0;0;0,258741259;0,027027027;0;1;0;0;0;0;0;0;0;0;0;0;0;0;1;0;1;1;1;1;1
4265;1;0;2;68;0;0;0;0;0;0;1;1;0;13;1;1;0;0;0;0;16;6;38;0;0;0;0,258741259;0,027027027;0;1;0;0;0;0;0;0;0;0;0;0;0;0;1;0;1;1;1;1;1
4266;1;0;2;58;0;0;0;0;0;0;1;1;0;9;1;1;0;0;0;0;16;6;28;0;0;0;0,258741259;0,027027027;0;1;0;0;0;0;0;0;0;0;0;0;0;0;1;0;1;1;1;1;1
4267;1;0;2;57;0;0;0;0;0;0;1;1;0;7;1;1;0;0;0;0;16;6;27;0;0;0;0,258741259;0,027027027;0;1;0;0;0;0;0;0;0;0;0;0;0;0;1;0;1;1;1;1;1
4268;1;0;2;54;0;0;0;0;0;0;1;1;0;4;1;1;0;0;0;0;16;6;24;0;0;0;0,258741259;0,027027027;0;1;0;0;0;0;0;0;0;0;0;0;0;0;1;0;1;1;1;1;1
4269;1;0;2;69;0;0;0;0;0;0;1;1;0;11;1;1;0;0;0;0;16;6;39;0;0;0;0,258741259;0,027027027;0;1;0;0;0;0;0;0;0;0;0;0;0;0;1;0;1;1;1;1;1
4270;3;1;1;35;0;0;0;0;0;0;0;0;0;1;1;1;0;0;0;0;22;6;0;0;0;0;1;1;0;1;0;1;0;0;1;0;0;0;0;1;0;0;1;1;-1;0;1;-1;1
4271;3;1;3;57;0;0;0;0;0;0;0;0;0;4;1;1;0;0;0;0;20;30;0;0;0;0;0;0;0;1;1;0;0;1;0;0;0;0;0;0;0;0;1;0;1;1;1;-1;1
4272;2;0;1;31;0;0;0;0;0;0;0;0;0;1;1;1;0;0;0;0;18;6;0;0;0;0;1;1;0;1;0;1;0;0;1;0;0;0;0;1;0;0;1;1;-1;0;1;-1;1
4273;2;0;2;51;2;2;0;0;0;0;0;0;0;0;1;0;0;0;0;0;22;22;0;0;0;0;0;0;0;1;0;0;0;1;0;0;0;0;0;0;0;1;1;1;1;1;1;-1;1
4274;3;0;4;60;1;1;0;0;1;0;0;0;0;3;1;0;0;0;1;0;24;29;0;0;0;0;1;1;1;1;0;0;0;0;1;0;0;0;0;1;0;0;1;0;-1;1;-1;-1;1
4275;2;0;1;65;0;0;0;0;0;0;0;0;0;0;1;0;0;0;0;0;33;25;0;0;0;0;0;1;0;1;0;0;0;0;1;0;0;0;0;0;0;0;1;0;-1;1;1;1;1
4276;2;0;10;84;1;1;0;0;0;0;0;0;0;2;1;0;0;0;1;0;9;68;0;0;0;1;0,923076923;1;0;1;1;0;0;0;1;0;0;0;0;0;0;0;1;-1;1;1;-1;-1;1
4277;3;0;1;39;0;0;0;0;0;0;0;0;0;0;1;1;0;0;0;0;20;12;0;0;0;0;0;0;0;0;0;0;0;0;1;0;0;0;0;0;1;0;1;1;1;1;1;1;1
4278;3;1;2;44;0;0;0;0;0;0;0;0;0;0;1;0;0;0;0;0;15;22;0;0;0;0;1;0,320610687;0;0;0;1;0;0;0;0;0;0;0;1;0;0;1;1;0;0;1;-1;1
4279;2;1;0;37;1;1;0;0;0;0;0;0;0;0;0;1;0;0;0;0;28;1;0;0;0;0;0;0;0;0;0;0;0;1;0;0;0;0;0;0;0;0;1;1;1;1;1;-1;1
4280;3;1;2;69;1;1;0;0;0;0;0;0;0;3;1;1;0;0;0;0;43;19;0;0;1;0;0;0;0;1;0;0;0;0;0;0;0;0;0;0;0;0;1;0;1;1;1;1;1
4281;2;0;4;50;0;0;0;0;0;0;0;0;0;0;1;0;0;0;1;0;13;30;0;0;1;1;0,705882353;1;1;1;0;0;0;0,294117647;1;0;0;0;0;0;0;0;1;1;-1;1;-1;-1;1
4282;2;0;3;46;0;0;0;0;0;0;0;0;0;0;1;0;0;0;0;0;15;24;0;0;0;0;1;0,318181818;0;1;0;0;0;0;0;0;0;0;0;1;0;0;1;1;0;1;0;-1;1
4283;4;2;6;202;4;4;0;0;3;0;2;1;0;49;1;1;0;0;1;0;36;88;70;0;2;0;0;0,25;0;1;0;0;0;0;0;0;0;0;0;0;0;0;0;-1;1;1;0;1;1
4284;3;1;3;43;0;0;0;0;0;0;0;0;0;0;1;0;0;0;0;0;17;19;0;0;1;0;0,888888889;0;0;1;0;1;0;0,111111111;0;0;0;0;0;0;0;1;1;1;1;0;1;-1;1
4285;3;1;3;44;1;0;0;0;0;0;0;0;0;5;1;1;0;0;0;0;18;19;0;0;0;0;1;1;0;1;0;1;0;0;1;0;0;0;0;1;0;0;1;1;-1;0;1;-1;1
4286;3;1;3;63;0;0;0;0;0;0;0;0;0;0;1;0;0;0;0;0;11;45;0;0;0;0;0;0,071428571;1;1;0;0;0;1;0;0;0;0;0;1;0;0;1;0;1;1;1;-1;1
4287;2;1;4;76;0;0;0;0;0;0;0;0;0;0;1;1;0;0;1;0;21;48;0;0;0;0;0;0;0;1;0;0;0;0;0;0;0;0;0;0;0;0;1;-1;1;1;1;1;1
4288;2;0;3;59;0;0;0;0;0;0;0;0;0;0;1;0;0;0;0;0;7;45;0;0;0;0;0;0,071428571;1;1;0;0;0;1;0;0;0;0;0;1;0;0;1;0;1;1;1;-1;1
4289;3;1;4;57;1;0;0;0;0;0;0;0;0;0;1;0;0;0;1;0;16;34;0;0;0;1;1;1;0;1;0;0;0;0;1;0;0;0;0;1;0;0;1;0;-1;1;-1;-1;1
4290;2;0;3;54;0;0;0;0;0;0;0;0;0;0;1;0;0;0;1;0;20;27;0;0;0;0;0;0;0;1;1;0;0;0;0;0;0;0;0;0;1;0;1;0;1;1;1;1;1
4291;2;0;4;81;0;0;0;0;0;0;0;0;0;0;1;1;0;0;1;0;17;57;0;0;0;0;0;0;0;1;0;0;0;0;0;0;0;0;0;0;0;0;1;-1;1;1;1;1;1
4292;3;1;3;47;0;0;0;0;0;0;0;0;0;0;1;0;0;0;1;0;15;25;0;0;0;0;0;0;0;1;0;0;0;0;0;0;0;0;0;0;0;0;1;1;1;1;1;1;1
4293;4;1;4;57;0;0;0;0;0;0;0;0;0;0;1;1;0;0;0;0;23;27;0;0;0;0;0;0;0;1;1;0;0;0;0;0;0;0;0;0;0;0;1;0;1;1;1;1;1
4294;4;1;3;63;0;0;0;0;0;0;0;0;0;0;1;0;0;0;0;0;22;34;0;0;0;0;0;0;0;1;1;0;0;0;0;0;0;0;0;0;1;0;1;0;1;1;1;1;1
4295;2;0;4;85;4;0;0;0;0;0;0;0;0;0;1;1;0;0;1;0;17;61;0;0;0;0;0,4;0,9375;1;1;0;0;0;0,1;1;0;0;0;0;0;0;0;1;-1;-1;1;-1;0;1
4296;1;0;3;41;0;0;0;0;0;0;0;0;0;4;1;1;0;0;0;0;21;13;0;0;0;0;0,083333333;0,9;1;1;1;0;0;0,166666667;1;0;0;0;0;0;0;0;1;1;-1;1;0;1;1
4297;3;1;3;52;1;1;0;0;0;0;0;0;0;0;1;0;0;0;0;0;22;23;0;0;0;0;0;0;0;1;0;0;0;0;0;0;0;0;0;0;0;0;1;1;1;1;1;1;1
4298;3;1;3;69;1;0;0;0;0;0;0;0;0;0;1;0;0;0;0;0;21;41;0;0;0;0;0;0;0;1;1;0;0;0;0;0;0;0;0;0;1;0;1;0;1;1;1;1;1
4299;2;0;3;54;1;1;0;0;0;0;0;0;0;0;1;0;0;0;1;0;18;29;0;0;0;0;0;1;0;1;1;0;0;1;1;0;0;0;0;0;0;0;1;0;-1;1;-1;-1;1
4300;3;0;3;59;0;0;0;0;0;0;0;0;0;0;1;0;0;0;0;0;18;34;0;0;0;0;0;0;0;1;1;0;0;0;0;0;0;0;0;0;1;0;1;0;1;1;1;1;1
4301;2;1;2;50;1;1;0;0;0;0;0;0;0;0;0;1;0;0;0;0;33;9;0;0;0;0;0;0;0;0;1;0;0;1;0;0;0;0;0;0;0;0;1;1;1;1;1;-1;1
4302;2;0;8;67;0;0;0;0;0;0;0;0;0;0;1;1;0;0;0;0;13;47;0;0;0;0;0,066666667;0,076923077;0;1;1;0;0;0,866666667;0;0;0;0;0;0;0;0;1;0;1;1;1;-1;1
4303;2;1;2;50;1;1;0;0;0;0;0;0;0;0;0;1;0;0;0;0;36;6;0;0;0;0;0;0;0;0;1;0;0;1;0;0;0;0;0;0;0;0;1;1;1;1;1;-1;1
4304;4;1;6;77;1;0;0;0;1;0;0;0;0;1;1;1;0;0;1;0;21;49;0;0;0;0;0;0;0;1;0;0;0;0;0;0;0;0;0;0;0;0;1;-1;1;1;1;1;1
4305;4;1;6;77;1;0;0;0;1;0;0;0;0;1;1;1;0;0;0;0;21;49;0;0;0;0;0;0;0;1;0;0;0;0;0;0;0;0;0;0;0;0;1;-1;1;1;1;1;1
4306;4;1;6;77;1;0;0;0;1;0;0;0;0;1;1;1;0;0;0;0;21;49;0;0;0;0;0;0;0;1;0;0;0;0;0;0;0;0;0;0;0;0;1;-1;1;1;1;1;1
4307;3;0;4;53;0;0;0;0;0;0;0;0;0;0;1;1;0;0;0;0;19;27;0;0;0;0;0;0;0;1;1;0;0;0;0;0;0;0;0;0;0;0;1;1;1;1;1;1;1
4308;2;1;3;50;1;1;0;0;0;0;0;0;0;0;0;1;0;0;0;0;33;9;0;0;0;0;0;0;0;0;1;0;0;1;0;0;0;0;0;0;0;0;1;1;1;1;1;-1;1
4309;2;0;3;47;2;1;0;0;0;0;0;0;0;0;1;0;0;0;0;0;15;25;0;0;0;0;1;1;0;1;0;1;0;0;1;0;0;0;0;1;0;0;1;1;-1;0;-1;-1;1
4310;4;1;3;57;0;0;0;0;0;0;0;0;0;3;1;1;0;0;1;0;22;28;0;0;1;1;1;1;0;1;0;0;0;0;1;0;0;0;0;1;0;0;1;0;-1;1;-1;-1;1
4311;2;0;5;98;2;0;0;0;0;0;0;0;0;1;1;0;0;0;0;0;26;65;0;0;0;0;0,375;1;1;1;0;0;0;0;0;0;0;0;0;0;0;0;1;-1;-1;1;-1;0;1
4312;1;0;8;57;0;0;0;0;0;0;0;0;0;0;1;1;0;0;0;0;13;37;0;0;0;0;0,066666667;0,076923077;0;1;1;0;0;0,866666667;0;0;0;0;0;0;0;0;1;0;1;1;1;-1;1
4313;3;0;3;39;0;0;0;0;0;0;0;0;0;0;1;0;0;0;1;0;13;19;0;0;0;0;0;0;0;1;0;0;0;0;0;0;0;0;0;0;0;0;1;1;1;1;1;1;1
4314;3;0;5;53;1;0;0;0;0;0;0;0;0;4;1;1;0;0;0;0;10;36;0;0;0;0;0;0,970588235;0;1;0;0;0;0;1;0;0;0;0;0;0;0;1;1;-1;1;-1;1;1
4315;3;1;4;47;0;0;0;0;0;0;0;0;0;0;1;1;0;0;1;0;15;25;0;0;0;0;0;0;0;1;1;0;0;1;0;0;0;0;0;0;0;0;1;1;1;1;1;-1;1
4316;4;1;3;72;0;0;0;0;0;0;0;0;0;0;1;0;0;0;1;0;17;48;0;0;1;0;0,045454546;0,777777778;0;1;0;0;0;0,954545455;0;0;0;0;0;0;0;0;1;0;0;1;-1;-1;1
4317;3;1;3;44;0;0;0;0;0;0;0;0;0;0;1;0;0;0;1;0;14;23;0;0;0;0;0;0,666666667;1;1;0;0;0;1;0;0;0;0;0;0;0;0;1;1;-1;1;0;-1;1
4318;2;0;3;59;0;0;0;0;0;0;0;0;0;0;1;0;0;0;0;0;16;36;0;0;0;0;0;0;0;1;0;0;0;0;0;0;0;0;0;0;0;0;1;0;1;1;1;1;1
4319;2;0;2;40;0;0;0;0;0;0;0;0;0;0;1;0;0;0;0;0;15;18;0;0;0;0;0,996978852;1;1;1;1;1;1;0,003021148;1;0;1;0;0;0;0;0;1;1;-1;0;-1;-1;1
4320;3;0;5;102;1;0;0;0;0;5;0;0;0;10;1;1;0;0;1;0;16;79;0;0;0;0;0,142857143;1;0;1;0;0;0;0;0;0;0;0;0;0;0;0;1;-1;-1;1;-1;1;1
4321;3;0;4;56;0;0;0;0;0;0;0;0;0;0;1;0;0;0;1;0;21;28;0;0;0;0;0;0;0;1;1;0;0;1;0;0;0;0;0;0;0;0;1;0;1;1;1;-1;1
4322;2;0;1;50;0;0;0;0;0;0;0;0;0;0;1;1;0;0;0;0;31;12;0;0;0;0;0,647058824;1;0;1;0;1;0;0,294117647;1;0;0;0;0;1;0;0;1;1;-1;0;-1;-1;1
4323;3;1;5;83;1;0;0;0;0;0;0;0;0;0;1;0;0;0;0;0;34;42;0;0;0;1;0,974358974;0,1;1;1;1;1;1;0;1;0;0;0;0;0;0;0;1;-1;1;0;0;-1;1
4324;2;0;4;63;1;0;0;0;0;0;0;0;0;6;1;1;0;0;0;0;24;32;0;0;0;0;0;0;0;1;1;0;0;1;0;0;0;0;0;0;0;0;1;0;1;1;1;-1;1
4325;2;0;6;66;0;0;0;0;0;0;0;0;0;4;1;1;0;0;0;0;10;49;0;0;0;0;1;0,2;1;1;0;0;0;0;0;0;0;0;0;0;0;0;1;0;1;1;0;-1;1
4326;7;1;6;93;1;0;0;0;0;0;0;0;0;0;1;1;0;0;1;0;17;69;0;0;1;1;0,909090909;0,416666667;1;1;0;0;0;0,090909091;1;0;0;0;0;1;0;0;1;-1;0;1;0;-1;1
4327;3;1;5;81;1;1;0;0;1;0;0;0;0;12;1;1;0;0;0;0;30;44;0;0;1;0;0,666666667;1;1;1;0;0;0;0;1;0;0;0;0;0;0;0;1;-1;1;1;-1;0;1
4328;3;1;5;80;0;0;0;0;1;0;0;0;0;12;1;1;0;0;0;0;29;44;0;0;1;0;0,666666667;1;1;1;0;0;0;0;1;0;0;0;0;0;0;0;1;-1;1;1;-1;0;1
4329;1;0;5;39;0;0;0;0;0;0;0;0;0;0;1;0;0;0;1;0;11;21;0;0;0;0;0;0;0;1;0;0;0;0;0;0;0;0;0;0;0;0;1;1;1;1;1;1;1
4330;3;1;4;62;1;0;0;0;0;0;0;0;0;0;1;0;0;0;1;0;13;42;0;0;0;0;0;0;0;1;0;0;0;0;0;0;0;0;0;0;0;0;1;0;1;1;1;1;1
4331;3;1;4;128;4;1;0;0;2;3;0;0;0;5;1;1;0;0;0;0;21;100;0;0;0;0;0;0;0;0;0;0;0;0;0;0;0;0;0;1;0;0;1;-1;1;1;1;1;1
4332;2;0;3;58;1;1;0;0;0;0;0;0;0;0;1;1;0;0;1;0;23;28;0;0;0;0;0;1;1;1;0;0;0;1;1;0;0;0;0;0;0;0;1;0;-1;1;-1;-1;1
4333;4;2;7;131;1;0;0;0;0;5;0;0;0;19;1;1;0;0;0;0;40;84;0;0;1;0;0;1;0;1;1;0;0;1;1;0;0;0;0;0;0;0;1;-1;-1;1;-1;-1;1
4334;4;1;4;63;0;0;0;0;0;0;0;0;0;0;1;0;0;0;1;0;18;38;0;0;1;0;1;0,888888889;1;1;0;0;0;0;1;0;0;0;0;0;0;0;1;0;0;1;-1;-1;1
4335;6;1;3;53;0;0;0;0;0;0;0;0;0;1;1;0;0;0;1;0;18;28;0;0;0;0;0;0;0;1;0;1;0;0;1;0;0;0;0;0;0;0;1;1;1;0;1;1;1
4336;3;1;3;51;0;0;0;0;0;0;0;0;0;0;1;0;0;0;0;0;15;29;0;0;0;0;0;0;0;1;1;0;0;0;0;0;0;0;0;0;1;0;1;1;1;1;1;1;1
4337;6;1;3;54;0;0;0;0;0;0;0;0;0;0;1;0;0;0;1;0;18;29;0;0;0;0;0;0;0;1;0;1;0;0;1;0;0;0;0;0;0;0;1;0;1;0;1;1;1
4338;3;0;5;88;1;0;0;0;0;0;0;0;0;0;1;0;0;0;1;0;16;65;0;0;0;0;0,142857143;1;0;1;0;0;0;0;0;0;0;0;0;0;0;0;1;-1;-1;1;-1;1;1
4339;3;1;3;46;0;0;0;0;0;0;0;0;0;3;1;1;0;0;1;0;17;22;0;0;0;0;0;0;0;1;0;0;0;0,5;0;0;0;0;0;0;0;0;1;1;1;1;1;0;1
4340;3;1;6;76;1;0;0;0;0;0;0;0;0;1;1;0;0;0;1;0;25;44;0;0;0;1;1;1;0;1;0;0;0;0;1;0;0;0;0;1;0;0;1;-1;-1;1;-1;-1;1
4341;5;3;5;91;4;4;0;0;1;0;0;0;0;23;1;1;0;0;0;0;40;44;0;0;1;0;0,666666667;1;1;1;0;0;0;0;1;0;0;0;0;0;0;0;-1;-1;1;1;-1;0;1
4342;2;0;5;45;0;0;0;0;0;0;0;0;0;0;1;0;0;0;1;0;11;27;0;0;0;0;0;0;0;1;0;0;0;0;0;0;0;0;0;0;0;0;1;1;1;1;1;1;1
4343;3;1;3;48;0;0;0;0;0;0;0;0;0;5;1;1;0;0;1;0;19;22;0;0;0;0;0;0;0;1;0;0;0;0,5;0;0;0;0;0;0;0;0;1;1;1;1;1;0;1
4344;3;1;2;39;0;0;0;0;0;0;0;0;0;0;1;0;0;0;0;0;19;13;0;0;0;0;0;0;0;1;0;0;0;0;0;0;0;0;0;0;0;0;1;1;1;1;1;1;1
4345;2;1;3;38;0;0;0;0;0;0;0;0;0;0;1;0;0;0;0;0;19;12;0;0;0;0;0,1;0;0;1;0;0;0;0,7;0;0;0;0;0;0;0;0;1;1;1;1;1;-1;1
4346;3;1;6;82;1;0;0;0;0;0;0;0;0;1;1;1;0;0;0;0;23;52;0;0;0;0;0,846153846;1;0;1;0;0;0;0;1;0;0;0;0;1;0;0;1;-1;-1;1;-1;-1;1
4347;2;0;3;46;0;0;0;0;0;0;0;0;0;0;1;0;0;0;1;0;15;24;0;0;0;0;0,5;0,071428571;1;1;1;0;0;0,5;0;0;0;0;0;0;0;0;1;1;1;1;0;-1;1
4348;3;1;5;84;3;1;0;0;1;0;0;0;0;0;1;1;0;0;1;0;21;56;0;0;0;0;0,142857143;0,1;1;1;0;0;0;0,857142857;0;0;0;0;0;0;0;0;1;-1;1;1;0;-1;1
4349;3;1;5;82;3;1;0;0;1;0;0;0;0;0;1;0;0;0;1;0;21;54;0;0;0;0;0,142857143;0,1;1;1;0;0;0;0,857142857;0;0;0;0;0;0;0;0;1;-1;1;1;0;-1;1
4350;3;1;2;49;0;0;0;0;0;0;0;0;0;0;1;1;0;0;1;0;22;20;0;0;0;1;0,2;0,976470588;0;1;0;0;0;0,057142857;1;0;0;0;0;0;0;0;1;1;-1;1;-1;1;1
4351;2;1;3;166;1;0;0;0;1;0;3;2;0;55;1;0;0;0;0;0;19;12;127;0;1;0;0,1;0;0;1;0;0;0;0;0;0;0;0;0;0;0;0;1;-1;1;1;1;1;1
4352;4;1;5;75;2;2;0;0;0;0;0;0;0;0;1;1;0;0;0;0;31;37;0;0;0;0;0;0;0;1;1;0;0;0;0;0;0;0;0;0;0;0;1;0;1;1;1;1;1
4353;3;0;5;71;2;2;0;0;0;0;0;0;0;0;1;1;0;0;0;0;27;37;0;0;0;0;0;0;0;1;1;0;0;0;0;0;0;0;0;0;0;0;1;0;1;1;1;1;1
4354;4;1;4;66;0;0;0;0;0;0;0;0;0;0;1;0;0;0;0;0;13;46;0;0;0;0;1;0,25862069;1;1;0;0;0;0;0;0;0;0;0;1;0;0;1;0;0;1;0;-1;1
4355;6;1;3;63;0;0;0;0;0;0;0;0;0;0;1;0;0;0;1;0;22;34;0;0;0;0;0,044444444;1;1;1;0;0;0;0,955555556;0;0;0;0;0;0;0;0;1;0;-1;1;-1;-1;1
4356;6;3;6;84;0;0;0;0;1;0;0;0;0;0;1;0;0;0;1;0;32;45;0;0;0;0;0;0,8;0;1;0;1;0;0;1;0;0;0;0;0;0;0;-1;-1;0;0;-1;1;1
4357;3;1;5;77;2;0;0;0;0;0;0;0;0;0;1;0;0;0;1;0;15;55;0;0;0;1;0,918367347;0,875;0;1;0;0;0;0,081632653;1;0;0;0;0;0;0;0;1;-1;-1;1;-1;-1;1
4358;3;1;5;90;3;1;0;0;1;0;1;0;0;0;1;0;0;0;1;0;21;54;7;0;0;0;0,142857143;0,1;1;1;0;0;0;0;0;0;0;0;0;0;0;0;1;-1;1;1;0;1;1
4359;2;0;1;35;0;0;0;0;0;0;0;0;0;0;1;1;0;0;0;0;10;18;0;0;0;0;1;0,933333333;0;1;0;0;0;0;1;0;0;0;0;1;0;0;1;1;-1;1;1;-1;1
4360;3;1;1;37;0;0;0;0;0;0;0;0;0;0;1;0;0;0;0;0;21;9;0;0;0;0;0;0;0;0;0;0;0;0;1;0;0;0;0;0;1;0;1;1;1;1;1;1;1
4361;1;0;5;59;1;0;0;0;0;0;0;0;0;0;1;0;0;0;1;0;21;31;0;0;0;0;1;0,105263158;0;1;0;0;0;0;0;0;0;0;0;0;0;0;1;0;1;1;1;-1;1
4362;2;0;2;49;2;1;0;0;0;0;0;0;0;0;1;1;0;0;0;0;12;30;0;0;0;0;0,5;1;1;1;0;0;0;0;1;0;0;0;0;0;0;0;1;1;-1;1;-1;0;1
4363;2;0;2;73;0;0;0;0;2;0;1;0;0;0;1;1;0;0;0;0;10;23;32;0;0;0;0,5;1;1;1;0;0;0;0;1;0;0;0;0;0;0;0;1;0;-1;1;-1;0;1
4364;6;0;8;223;2;0;0;0;3;0;5;7;1;26;1;0;0;0;0;0;26;65;91;0;0;0;1;0;0;1;0;0;0;0;0;0;0;0;0;0;0;0;1;-1;1;1;1;-1;1
4365;2;0;3;48;2;1;0;0;0;0;0;0;0;0;1;0;0;0;0;0;15;26;0;0;0;0;1;1;0;1;0;1;0;0;1;0;0;0;0;1;0;0;1;1;-1;0;-1;-1;1
4366;3;0;2;56;0;0;0;0;0;0;0;0;0;0;1;1;0;0;1;0;17;32;0;0;1;0;1;0,133333333;1;1;0;1;0;0;0;0;0;0;1;0;0;0;1;0;1;0;0;-1;1
4367;4;1;6;79;0;0;0;0;0;0;0;0;0;1;1;1;0;0;0;0;20;52;0;0;0;0;0;0;0;1;0;0;0;0;0;0;0;0;0;0;0;0;1;-1;1;1;1;1;1
4368;2;0;4;53;0;0;0;0;0;0;0;0;0;1;1;0;0;0;0;0;11;35;0;0;0;0;0;0;0;1;0;0;0;0;0;0;0;0;0;0;0;0;1;1;1;1;1;1;1
4369;2;1;4;44;0;0;0;0;0;0;0;0;0;0;1;1;0;0;0;0;17;20;0;0;0;0;0;0;0;1;1;0;1;0,727272727;0;0;0;0;0;0;0;0;1;1;1;-1;1;-1;1
4370;2;0;5;59;0;0;0;0;0;0;0;0;0;0;1;0;0;0;0;0;15;37;0;0;0;0;0,933333333;1;1;1;0;0;0;0,066666667;1;0;0;0;0;1;0;0;1;0;-1;1;-1;-1;1
4371;5;0;2;100;0;0;0;0;0;0;1;0;0;0;1;1;0;0;1;0;17;32;43;0;1;0;1;0,133333333;1;1;0;1;0;0;0;0;0;0;1;0;0;0;1;-1;1;0;0;-1;1
4372;4;1;5;97;5;0;0;0;0;0;0;0;0;1;1;1;0;0;0;0;19;71;0;0;0;0;0;0,111111111;1;1;0;0;0;0;0;0;0;0;0;0;0;0;1;-1;1;1;0;1;1
4373;5;0;2;101;0;0;0;0;0;0;1;0;0;0;1;1;0;0;1;0;17;32;44;0;1;0;1;0,133333333;1;1;0;1;0;0;0;0;0;0;1;0;0;0;1;-1;1;0;0;-1;1
4374;5;0;2;100;0;0;0;0;0;0;1;0;0;0;1;1;0;0;1;0;17;32;43;0;1;0;1;0,133333333;1;1;0;1;0;0;0;0;0;0;1;0;0;0;1;-1;1;0;0;-1;1
4375;3;1;4;57;0;0;0;1;0;0;0;0;0;0;1;1;0;0;1;0;18;32;0;0;0;0;1;0,105263158;0;1;0;0;0;0;0;0;0;0;0;0;0;0;1;0;1;1;1;-1;1
4376;2;1;3;36;0;0;0;0;0;0;0;0;0;0;1;0;0;0;0;0;16;13;0;0;0;0;0;0;0;1;0;0;0;0;0;0;0;0;0;0;1;0;1;1;1;1;1;1;1
4377;3;0;2;35;0;0;0;0;0;0;0;0;0;0;1;1;0;0;0;0;16;12;0;0;0;0;0;0;0;0;0;0;0;0;1;0;0;0;0;0;1;0;1;1;1;1;1;1;1
4378;5;0;6;72;0;0;0;0;0;0;0;0;0;0;1;1;0;0;1;0;12;53;0;0;1;1;0,9;1;1;1;0;1;0;0,1;1;0;0;0;0;1;0;0;1;0;-1;0;-1;-1;1
4379;3;0;4;73;0;0;0;0;0;1;0;0;0;2;1;1;0;0;0;0;19;47;0;0;0;0;1;0,25862069;1;1;0;0;0;0;0;0;0;0;0;1;0;0;1;0;0;1;0;-1;1
4380;3;0;5;183;6;0;0;0;2;0;1;0;0;23;1;1;0;0;0;0;15;71;89;0;0;0;0;0,111111111;1;1;0;0;0;0;0;0;0;0;0;0;0;0;1;-1;1;1;0;1;1
4381;3;1;1;37;0;0;0;0;0;0;0;0;0;4;1;1;0;0;0;0;23;7;0;0;0;0;0,75;0,909090909;1;1;0;0;0;0,125;1;0;0;0;0;0;0;0;1;1;-1;1;-1;-1;1
4382;4;1;4;57;1;0;0;0;0;0;0;0;0;0;1;0;0;0;0;0;20;30;0;0;0;1;1;1;1;1;0;0;0;0;1;0;0;0;0;0;0;0;1;0;-1;1;-1;-1;1
4383;3;1;3;52;0;0;0;0;0;0;0;0;0;0;1;0;0;0;1;0;19;26;0;0;2;0;0,75;0,222222222;1;1;0;0;0;0,125;0;0;0;0;0;0;0;0;1;1;1;1;0;-1;1
4384;2;0;3;43;0;0;0;0;0;0;0;0;0;0;1;1;0;0;0;0;17;19;0;0;0;0;0;0;0;1;0;0;0;0;0;0;0;0;0;0;0;0;1;1;1;1;1;1;1
4385;5;2;1;56;0;0;0;0;0;0;0;0;0;0;1;1;0;0;1;0;27;22;0;0;0;0;0;0;0;1;1;0;1;0,03125;0;0;0;0;0;1;0;0;1;0;1;-1;1;1;1
4386;3;0;4;53;1;0;0;0;0;0;0;0;0;0;1;0;0;0;0;0;16;30;0;0;0;1;1;1;1;1;0;0;0;0;1;0;0;0;0;0;0;0;1;1;-1;1;-1;-1;1
4387;2;0;4;53;1;0;0;0;0;0;0;0;0;0;1;0;0;0;1;0;12;34;0;0;0;1;1;1;0;1;0;0;0;0;1;0;0;0;0;1;0;0;1;1;-1;1;-1;-1;1
4388;2;0;2;38;0;0;0;0;0;0;0;0;0;0;1;0;0;0;0;0;13;18;0;0;0;0;0,923076923;1;0;1;0;0;0;0;1;0;0;0;0;0;0;0;1;1;1;1;-1;-1;1
4389;5;0;4;97;1;1;0;0;1;0;2;0;0;15;1;0;0;0;1;0;24;29;36;0;0;0;1;1;1;1;0;0;0;0;1;0;0;0;0;1;0;0;1;-1;-1;1;-1;-1;1
4390;2;0;6;44;1;0;0;0;0;0;0;0;0;1;1;0;0;0;1;0;7;30;0;0;0;0;0,923076923;0,222222222;0;1;0;1;0;0;1;0;0;0;0;0;0;0;1;1;1;0;0;-1;1
4391;2;0;13;74;1;0;0;0;0;0;0;0;0;0;1;0;0;0;0;0;9;58;0;0;0;0;0;0,5;0;1;0;0;0;1;0;0;0;0;0;0;1;0;1;0;1;1;-1;-1;1
4392;3;1;5;65;0;0;0;0;0;0;0;0;0;0;1;0;0;0;0;0;26;32;0;0;0;0;0;0;0;1;0;0;0;0;0;0;0;0;0;0;0;0;1;0;1;1;1;1;1
4393;3;1;4;64;1;0;0;0;0;0;0;0;0;1;1;0;0;0;1;0;22;35;0;0;0;0;1;0,9;1;1;0;0;0;0;1;0;0;0;0;0;0;0;1;0;-1;1;-1;-1;1
4394;3;1;2;48;1;0;0;0;0;0;0;0;0;0;1;0;0;0;0;0;17;24;0;0;0;0;0;0;0;1;0;0;0;1;0;0;0;0;0;0;0;0;1;1;1;1;1;-1;1
4395;2;0;4;60;1;0;0;0;0;0;0;0;0;1;1;0;0;0;1;0;18;35;0;0;0;0;1;0,9;1;1;0;0;0;0;1;0;0;0;0;0;0;0;1;0;-1;1;-1;-1;1
4396;3;0;3;49;0;0;0;0;0;0;0;0;0;0;1;0;0;0;1;0;18;24;0;0;0;1;1;0,166666667;0;1;0;0;0;0;1;0;0;0;0;0;0;0;1;1;1;1;0;-1;1
4397;3;0;2;50;0;0;0;0;0;0;0;0;0;0;1;0;0;0;0;0;20;23;0;0;0;0;0;0;0;1;1;0;0;1;0;0;0;0;0;0;0;0;1;1;1;1;1;-1;1
4398;4;1;3;61;0;0;0;0;0;0;0;0;0;0;1;1;0;0;0;0;16;38;0;0;0;0;0;0;0;1;1;0;0;0;0;0;0;0;0;0;1;0;1;0;1;1;1;1;1
4399;3;1;3;66;1;0;0;0;0;0;0;0;0;0;1;0;0;0;1;0;27;32;0;0;1;1;1;0,9;1;1;0;0;0;0;1;0;0;0;0;0;0;0;1;0;-1;1;-1;-1;1
4400;3;1;8;92;2;0;0;0;0;0;0;0;0;4;1;1;0;0;1;0;13;72;0;0;0;1;1;1;0;1;0;0;0;0;1;0;0;0;0;0;0;0;1;-1;-1;1;-1;-1;1
4401;3;1;1;37;0;0;0;0;0;0;0;0;0;3;1;1;0;0;0;0;19;11;0;0;0;0;1;1;0;1;0;1;0;0;1;0;0;0;0;1;0;0;1;1;-1;0;-1;-1;1
4402;10;1;1;82;0;0;0;0;0;0;0;0;0;0;1;1;0;0;0;0;17;58;0;0;0;0;0;1;0;1;0;1;0;0;1;0;0;0;0;0;0;0;1;-1;-1;0;-1;1;1
4403;4;1;3;50;0;0;0;0;0;0;0;0;0;0;1;0;0;0;1;0;17;26;0;0;1;0;1;1;0;1;0;0;0;0;1;0;0;0;0;0;0;0;1;1;1;1;-1;-1;1
4404;4;1;3;60;0;0;0;0;0;0;0;0;0;0;1;1;0;0;0;0;28;25;0;0;0;0;0;0;0;1;1;0;0;0;0;0;0;0;0;0;1;0;1;0;1;1;1;1;1
4405;4;1;3;67;0;0;0;0;0;0;0;0;0;0;1;1;0;0;0;0;28;32;0;0;0;0;0;0;0;1;1;0;0;0;0;0;0;0;0;0;1;0;1;0;1;1;1;1;1
4406;4;1;3;79;0;0;0;0;0;1;0;0;0;2;1;1;0;0;0;0;28;44;0;0;0;0;0;0;0;1;1;0;0;0;0;0;0;0;0;0;1;0;1;-1;1;1;1;1;1
4407;4;1;2;57;0;0;0;0;0;0;0;0;0;0;1;1;0;0;0;0;28;22;0;0;0;0;0;0;0;1;1;0;0;0;0;0;0;0;0;0;1;0;1;0;1;1;1;1;1
4408;4;1;3;62;0;0;0;0;0;0;0;0;0;0;1;1;0;0;1;0;28;27;0;0;0;0;0;0;0;1;1;0;0;0;0;0;0;0;0;0;1;0;1;0;1;1;1;1;1
4409;4;1;3;63;1;0;0;0;0;0;0;0;0;0;1;0;0;0;0;0;21;35;0;0;1;0;0,888888889;0;0;1;0;0;0;0,111111111;0;0;0;0;0;0;0;1;1;0;1;1;1;-1;1
4410;2;0;1;35;0;0;0;0;0;0;0;0;0;0;1;0;0;0;0;0;18;10;0;0;0;0;0,923076923;1;0;1;0;0;0;0;1;0;0;0;0;0;0;0;1;1;1;1;-1;-1;1
4411;4;1;3;55;0;0;0;0;0;0;0;0;0;0;1;1;0;0;1;0;20;28;0;0;0;0;0;0;0;1;1;0;0;0;0;0;0;0;0;0;1;0;1;0;1;1;1;1;1
4412;2;0;5;71;1;1;0;0;2;0;0;0;0;4;1;1;0;0;1;0;13;51;0;0;0;0;0,032786885;1;1;1;1;0;0;0,967213115;0;0;0;0;0;0;0;0;1;0;-1;1;-1;-1;1
4413;2;0;4;50;1;0;0;0;0;0;0;0;0;0;1;0;0;0;0;0;9;34;0;0;0;0;0,923076923;1;0;1;0;0;0;0;1;0;0;0;0;0;0;0;1;1;1;1;-1;-1;1
4414;3;1;4;67;1;0;0;0;1;0;0;0;0;0;1;0;0;0;0;0;14;46;0;0;0;0;1;1;0;1;0;0;0;0;1;0;0;0;0;1;1;0;1;0;-1;1;1;-1;1
4415;2;0;5;88;1;0;0;0;0;0;0;0;0;50;1;1;0;0;0;0;13;68;0;0;0;0;1;1;0;1;0;0;0;0;1;0;0;0;0;1;0;0;1;-1;-1;1;-1;-1;1
4416;3;0;3;61;0;0;0;0;0;0;0;0;0;0;1;1;0;0;1;0;18;36;0;0;1;1;1;1;0;1;0;0;0;0;1;0;0;0;0;0;0;0;1;0;-1;1;-1;-1;1
4417;3;1;3;60;0;0;0;0;0;0;0;0;0;0;1;0;0;0;1;0;24;29;0;0;0;0;0;0;0;1;1;0;0;0;0;0;0;0;0;0;1;0;1;0;1;1;1;1;1
4418;3;1;3;68;0;0;0;0;0;0;0;0;0;0;1;0;0;0;0;0;22;39;0;0;0;0;0;0;0;1;1;0;0;0;0;0;0;0;0;0;1;0;1;0;1;1;1;1;1
4419;3;1;4;60;0;0;0;0;2;0;0;0;0;0;1;1;0;0;1;0;12;41;0;0;0;0;1;1;0;1;0;0;0;0;1;0;0;0;0;1;1;0;1;0;-1;1;1;-1;1
4420;2;0;3;56;0;0;0;0;0;0;0;0;0;0;1;0;0;0;1;0;20;29;0;0;0;0;0;0;0;1;1;0;0;0;0;0;0;0;0;0;1;0;1;0;1;1;1;1;1
4421;2;0;3;64;0;0;0;0;0;0;0;0;0;0;1;0;0;0;0;0;18;39;0;0;0;0;0;0;0;1;1;0;0;0;0;0;0;0;0;0;1;0;1;0;1;1;1;1;1
4422;2;0;3;54;0;0;0;0;0;0;0;0;0;0;1;0;0;0;1;0;20;27;0;0;0;0;0;0;0;1;1;0;0;0;0;0;0;0;0;0;1;0;1;0;1;1;1;1;1
4423;2;0;3;59;0;0;0;0;0;0;0;0;0;0;1;0;0;0;0;0;18;34;0;0;0;0;0;0;0;1;1;0;0;0;0;0;0;0;0;0;1;0;1;0;1;1;1;1;1
4424;5;1;4;58;1;1;0;0;0;0;0;0;0;3;1;0;0;0;1;0;28;23;0;0;0;0;1;1;1;1;0;0;0;0;1;0;0;0;0;0;0;0;1;0;-1;1;-1;-1;1
4425;4;1;4;64;1;1;0;0;1;0;0;0;0;3;1;0;0;0;1;0;28;29;0;0;0;0;1;1;1;1;0;0;0;0;1;0;0;0;0;1;0;0;1;0;-1;1;-1;-1;1
4426;4;1;3;56;0;0;0;0;0;0;0;0;0;0;1;1;0;0;1;0;20;29;0;0;0;0;0;0;0;1;1;0;0;0;0;0;0;0;0;0;1;0;1;0;1;1;1;1;1
4427;3;1;2;46;0;0;0;0;0;0;0;0;0;0;1;1;0;0;0;0;22;17;0;0;0;0;0,2;0,037037037;1;1;0;0;0;0,8;0;0;0;0;0;1;0;0;1;1;1;1;1;-1;1
4428;3;1;2;41;0;0;0;0;0;0;0;0;0;0;1;0;0;0;0;0;17;17;0;0;0;1;0,982857143;1;1;1;1;1;0;0,011428571;1;0;0;0;0;0;0;0;1;1;-1;0;-1;-1;1
4429;3;0;2;50;0;0;0;0;0;0;0;0;0;0;1;0;0;0;1;0;17;26;0;0;0;0;1;1;0;1;0;0;0;0;1;1;0;0;0;0;0;0;1;1;-1;1;-1;-1;1
4430;4;2;4;73;1;1;0;0;0;0;0;0;0;0;1;1;0;0;1;0;33;33;0;0;0;0;0;0;0;1;0;0;0;1;0;0;0;0;0;0;0;1;1;0;1;1;1;-1;1
4431;2;0;2;37;0;0;0;0;0;0;0;0;0;0;1;0;0;0;0;0;13;17;0;0;0;1;0,982857143;1;1;1;1;1;0;0,011428571;1;0;0;0;0;0;0;0;1;1;-1;0;-1;-1;1
4432;2;0;2;42;0;0;0;0;0;0;0;0;0;0;1;1;0;0;0;0;18;17;0;0;0;0;0,2;0,037037037;1;1;0;0;0;0,8;0;0;0;0;0;1;0;0;1;1;1;1;1;-1;1
4433;2;0;4;58;1;0;0;0;0;0;0;0;0;0;1;0;0;0;0;0;19;32;0;0;0;0;0;0,6;0;1;0;0;0;0;0;0;0;0;0;0;0;0;1;0;1;1;0;1;1
4434;3;1;7;72;0;0;0;0;0;1;0;0;0;7;1;1;0;0;1;0;16;49;0;0;0;0;0;0;0;1;0;0;0;1;0;0;0;0;0;0;0;1;1;0;1;1;1;-1;1
4435;2;0;3;38;0;0;0;0;0;0;0;0;0;0;1;0;0;0;0;0;12;19;0;0;0;0;0;0;0;1;1;0;0;1;0;0;0;0;0;0;0;0;1;1;1;1;1;-1;1
4436;2;0;4;47;0;0;0;0;0;0;0;0;0;0;1;0;0;0;0;0;16;24;0;0;0;0;0;0;0;1;0;0;0;0;0;0;0;0;0;0;0;0;1;1;1;1;1;1;1
4437;5;1;2;51;0;0;0;0;0;0;0;0;0;0;1;0;0;0;1;0;15;29;0;0;0;1;1;0,8;0;1;0;0;0;0;1;0;0;0;0;0;0;0;1;1;1;1;0;-1;1
4438;3;1;2;43;0;0;0;0;0;0;0;0;0;3;1;1;0;0;1;0;19;17;0;0;0;0;0,923076923;1;0;1;0;1;0;0;1;0;0;0;0;0;0;0;1;1;1;0;-1;-1;1
4439;2;0;7;73;1;0;0;0;0;0;0;0;0;0;1;0;0;0;0;0;14;52;0;0;0;0;0,083333333;0,071428571;0;1;1;0;0;0,833333333;0;0;0;0;0;0;0;0;1;0;1;1;1;-1;1
4440;3;1;3;52;0;0;0;0;0;0;0;0;0;0;1;0;0;0;0;0;12;33;0;0;0;0;0;0;0;1;1;0;0;0;0;0;0;0;0;0;1;0;1;1;1;1;1;1;1
4441;4;1;6;73;1;0;0;0;0;0;0;0;0;6;1;1;0;0;0;0;17;49;0;0;0;1;1;1;0;1;0;0;0;0;1;0;0;0;0;0;0;0;1;0;-1;1;-1;-1;1
4442;3;1;2;43;0;0;0;0;0;0;0;0;0;0;1;0;0;0;0;0;20;16;0;0;0;0;0,923076923;1;0;1;0;0;0;0;1;0;0;0;0;0;0;0;1;1;1;1;-1;-1;1
4443;3;1;5;63;0;0;0;0;0;0;0;0;0;1;1;0;0;0;0;0;21;35;0;0;0;0;0;0;0;1;1;0;0;1;0;0;0;0;0;0;0;0;1;0;1;1;1;-1;1
4444;2;0;3;48;0;0;0;0;0;0;0;0;0;0;1;0;0;0;0;0;8;33;0;0;0;0;0;0;0;1;1;0;0;0;0;0;0;0;0;0;1;0;1;1;1;1;1;1;1
4445;2;0;3;32;0;0;0;0;0;0;0;0;0;0;1;0;0;0;0;0;8;17;0;0;0;0;0;0,285714286;0;1;0;0;0;0;0;0;0;0;0;0;0;0;1;1;1;1;-1;1;1
4446;2;0;3;45;0;0;0;0;0;0;0;0;0;0;1;0;0;0;0;0;12;26;0;0;0;0;0;0;0;1;1;0;0;0;0;0;0;0;0;0;1;0;1;1;1;1;1;1;1
4447;3;0;6;69;1;0;0;0;0;0;0;0;0;6;1;1;0;0;0;0;13;49;0;0;0;1;1;1;0;1;0;0;0;0;1;0;0;0;0;0;0;0;1;0;-1;1;-1;-1;1
4448;3;1;3;46;1;1;0;0;0;0;0;0;0;0;1;0;0;0;1;0;22;17;0;0;0;0;0;0;0;1;0;0;0;0;0;0;0;0;0;0;1;0;1;1;1;1;1;1;1
4449;4;1;3;81;1;0;0;0;0;0;0;0;0;0;1;1;0;0;0;0;29;45;0;0;1;0;1;1;0;1;0;0;0;0;1;0;0;0;0;1;1;0;1;-1;-1;1;-1;-1;1
4450;3;1;3;68;2;0;0;0;0;0;0;0;0;0;1;0;0;0;0;0;12;49;0;0;0;0;0;0;0;1;1;0;0;0;0;0;0;0;0;0;1;0;1;0;1;1;1;1;1
4451;2;0;4;62;1;1;0;0;0;0;0;0;0;4;1;1;0;0;0;0;31;24;0;0;0;0;0;0;0;1;0;0;0;1;0;0;0;0;0;0;0;1;1;0;1;1;1;-1;1
4452;2;0;4;59;0;0;0;0;0;0;0;0;0;0;1;0;0;0;0;0;15;37;0;0;0;0;0;0;0;1;1;0;0;1;0;0;0;0;0;0;0;0;1;0;1;1;1;-1;1
4453;3;1;7;75;1;0;0;0;0;0;0;0;0;7;1;1;0;0;0;0;17;51;0;0;0;0;0;0;0;1;1;0;0;1;0;0;0;0;0;0;0;0;1;0;1;1;1;-1;1
4454;3;1;2;44;3;1;0;0;0;0;0;0;0;0;1;0;0;0;1;0;14;23;0;0;0;0;0,142857143;0,1;1;1;0;1;0;0,857142857;0;0;0;0;0;0;0;0;1;1;1;0;0;-1;1
4455;2;0;3;53;1;1;0;0;0;0;0;0;0;0;1;0;0;0;1;0;23;23;0;0;0;0;0;0;0;1;0;0;0;0;0;0;0;0;0;0;0;0;1;1;1;1;1;1;1
4456;3;1;6;82;0;0;0;0;0;0;0;0;0;0;1;0;0;0;0;0;19;56;0;0;0;0;0,833333333;0,263157895;1;1;0;0;0;0;0;0;0;0;0;1;0;0;1;-1;1;1;0;-1;1
4457;4;2;5;98;4;4;0;0;0;0;0;0;0;10;1;0;0;0;0;0;36;55;0;0;1;0;0,857142857;1;1;1;0;0;0;0,142857143;1;0;0;0;0;1;0;0;0;-1;-1;1;-1;-1;1
4458;2;0;3;42;0;0;0;0;0;0;0;0;0;0;1;0;0;0;0;0;11;24;0;0;0;0;0;0;0;1;1;0;0;1;0;0;0;0;0;0;0;0;1;1;1;1;1;-1;1
4459;2;0;4;63;0;0;0;0;0;0;0;0;0;0;1;0;0;0;1;0;11;45;0;0;0;0;0,5;0,181818182;1;1;0;0;0;0;0;0;0;0;0;1;0;0;1;0;1;1;0;0;1
4460;1;0;5;65;1;0;0;0;1;0;0;0;0;0;1;0;0;0;1;0;18;40;0;0;0;0;0,857142857;0,6;0;1;0;0;0;0,142857143;1;0;0;0;0;0;0;0;1;0;-1;1;0;-1;1
4461;3;1;2;42;0;0;0;0;0;0;0;0;0;0;1;1;0;0;1;0;15;20;0;0;0;0;1;1;0;1;0;1;0;0;1;0;0;0;0;1;1;0;1;1;-1;0;1;-1;1
4462;2;0;2;78;2;1;0;0;2;0;1;0;0;3;1;0;0;0;0;0;27;27;16;0;0;0;0;0,111111111;0;1;1;0;1;0;0;0;0;0;0;0;0;0;1;-1;1;-1;1;1;1
4463;3;1;3;59;1;1;0;0;0;1;0;0;0;2;1;1;0;0;0;0;23;29;0;0;0;0;0;0;0;1;0;0;0;0;0;0;0;0;0;0;0;0;1;0;1;1;1;1;1
4464;3;1;3;66;0;0;0;0;0;0;0;0;0;0;1;0;0;0;0;0;22;37;0;0;0;0;1;1;0;0;0;1;0;0;1;0;0;0;0;0;0;0;1;0;-1;0;-1;-1;1
4465;2;0;3;51;0;0;0;0;2;0;0;0;0;0;1;0;0;0;1;0;11;33;0;0;0;0;1;1;0;1;0;0;0;0;1;0;0;0;0;1;1;0;1;1;-1;1;1;-1;1
4466;2;0;2;52;1;1;0;0;0;0;0;0;0;0;1;0;0;0;0;0;27;18;0;0;0;0;1;1;0;1;0;0;0;0;1;0;0;0;0;0;0;0;1;1;-1;1;-1;-1;1
4467;2;0;5;54;0;0;0;0;0;0;0;0;0;0;1;1;0;0;1;0;11;36;0;0;0;0;0;1;0;1;1;0;0;1;0;0;0;0;0;0;0;0;1;0;-1;1;-1;-1;1
4468;2;0;3;47;0;0;0;0;0;0;0;0;0;4;1;1;0;0;0;0;11;29;0;0;0;0;0;0;0;1;1;0;0;1;0;0;0;0;0;0;0;0;1;1;1;1;1;-1;1
4469;3;1;5;71;0;0;0;0;0;0;0;0;0;0;1;1;0;0;0;0;22;42;0;0;0;0;0;0,642857143;1;1;0;0;0;1;0;0;0;0;0;0;0;0;1;0;-1;1;0;-1;1
4470;3;1;3;59;1;0;0;0;0;0;0;0;0;0;1;1;0;0;0;0;26;26;0;0;0;0;1;1;0;1;0;0;0;0;1;0;0;0;0;1;0;0;1;0;-1;1;-1;-1;1
4471;3;0;5;223;0;0;0;0;0;0;1;0;0;111;1;1;0;0;0;0;24;59;132;0;0;0;0;0;0;1;1;0;0;0;0;0;0;0;0;0;0;0;1;-1;1;1;1;1;1
4472;2;0;2;38;0;0;0;0;0;0;0;0;0;0;1;1;0;0;0;0;16;15;0;0;0;0;0;0;0;1;0;0;0;0;0;0;0;0;0;0;0;0;1;1;1;1;1;1;1
4473;4;0;2;43;0;0;0;0;0;0;0;0;0;3;1;0;0;0;1;0;13;23;0;0;0;0;0;1;0;1;0;0;0;0;1;0;0;0;0;0;0;0;1;1;-1;1;1;1;1
4474;3;1;2;50;0;0;0;0;0;0;0;0;0;0;1;0;0;0;0;0;26;17;0;0;0;0;0;0,75;1;1;0;1;0;0;1;0;0;0;0;0;0;0;1;1;-1;0;0;1;1
4475;3;1;2;55;0;0;0;0;0;0;0;0;0;0;1;0;0;0;0;0;26;22;0;0;0;0;1;1;0;1;0;0;0;0;1;0;0;0;0;0;0;0;1;0;-1;1;-1;-1;1
4476;3;1;3;53;1;1;0;0;0;0;0;0;0;0;1;0;0;0;0;0;23;23;0;0;0;0;0;0;0;1;0;0;0;0;0;0;0;0;0;0;0;0;1;1;1;1;1;1;1
4477;2;0;3;61;0;0;0;0;0;0;0;0;0;0;1;0;0;0;0;0;17;37;0;0;0;0;1;1;0;0;0;1;0;0;1;0;0;0;0;0;0;0;1;0;-1;0;-1;-1;1
4478;4;1;5;78;0;0;0;0;0;0;0;0;0;0;1;0;0;0;1;0;17;54;0;0;0;1;1;1;0;1;0;0;0;0;1;0;0;0;0;0;0;0;1;-1;-1;1;-1;-1;1
4479;2;0;3;55;1;0;0;0;0;0;0;0;0;0;1;1;0;0;0;0;22;26;0;0;0;0;1;1;0;1;0;0;0;0;1;0;0;0;0;1;0;0;1;0;-1;1;-1;-1;1
4480;5;3;1;41;0;0;0;0;0;0;0;0;0;3;1;1;0;0;0;0;23;11;0;0;0;0;1;0;0;1;0;0;0;0;0;0;0;0;0;1;0;0;-1;1;1;1;1;-1;1
4481;4;1;4;54;1;0;0;0;0;0;0;0;0;0;1;0;0;0;0;0;14;33;0;0;0;0;0;0;0;1;1;0;0;1;0;0;0;0;0;0;0;0;1;0;1;1;1;-1;1
4482;2;0;2;52;1;1;0;0;0;0;0;0;0;0;1;0;0;0;0;0;27;18;0;0;0;0;1;1;0;1;0;0;0;0;1;0;0;0;0;0;0;0;1;1;-1;1;-1;-1;1
4483;3;1;5;73;0;0;0;0;1;0;0;0;0;3;1;0;0;0;1;0;25;41;0;0;0;0;1;0,166666667;1;1;0;0;0;0;1;0;0;0;0;0;0;0;1;0;1;1;0;-1;1
4484;2;0;2;37;0;0;0;0;0;0;0;0;0;0;1;0;0;0;1;0;17;13;0;0;0;0;0;0;0;1;1;0;0;1;0;0;0;0;0;0;0;0;1;1;1;1;1;-1;1
4485;4;1;1;38;0;0;0;0;0;0;0;0;0;1;1;1;0;0;0;0;22;9;0;0;0;0;0;0;0;0;0;0;0;0;1;0;0;0;0;0;1;0;1;1;1;1;1;1;1
4486;4;1;2;49;0;0;0;0;0;0;0;0;0;0;1;0;0;0;0;0;21;21;0;0;0;0;0;0;0;1;1;0;0;0;0;0;0;0;0;0;1;0;1;1;1;1;1;1;1
4487;3;1;3;52;0;0;0;0;0;0;0;0;0;0;1;1;0;0;0;0;23;22;0;0;0;0;0;0;0;1;0;0;0;0;0;0;0;0;0;0;0;0;1;1;1;1;1;1;1
4488;7;1;5;90;1;0;0;0;0;0;0;0;0;0;1;1;0;0;1;0;24;59;0;0;1;1;0,909090909;0,333333333;1;1;0;0;0;0,090909091;1;0;0;0;0;1;0;0;1;-1;0;1;0;-1;1
4489;4;1;4;91;1;0;0;0;0;4;0;0;0;12;1;1;0;0;1;0;24;60;0;0;0;0;1;0,16;0;1;1;0;0;0;0;0;0;0;0;0;0;0;1;-1;1;1;1;-1;1
4490;3;1;6;77;1;0;0;0;0;0;0;0;0;1;1;0;0;0;1;0;25;45;0;0;0;1;1;1;0;1;0;0;0;0;1;0;0;0;0;1;0;0;1;-1;-1;1;-1;-1;1
4491;6;0;2;69;0;0;0;0;0;0;1;1;0;11;1;0;1;0;1;0;14;17;30;0;2;0;0;0,125;0;1;0;1;0;0;1;0;0;0;0;1;0;0;1;0;1;0;1;1;1
4492;3;0;4;87;1;0;0;0;0;4;0;0;0;12;1;1;0;0;1;0;20;60;0;0;0;0;1;0,16;0;1;1;0;0;0;0;0;0;0;0;0;0;0;1;-1;1;1;1;-1;1
4493;2;0;5;66;0;0;0;0;0;0;0;0;0;4;1;1;0;0;0;0;21;38;0;0;0;0;0;0;0;1;0;0;0;0;0;0;0;0;0;0;0;0;1;0;1;1;1;1;1
4494;2;0;2;39;0;0;0;0;0;0;0;0;0;0;1;0;0;0;0;0;16;16;0;0;0;0;0,923076923;1;0;1;0;0;0;0;1;0;0;0;0;0;0;0;1;1;1;1;-1;-1;1
4495;3;0;6;95;1;0;0;0;0;0;0;0;0;14;1;1;0;0;1;0;15;73;0;0;2;0;0;1;0;1;0;0;0;0;1;0;0;0;0;0;0;0;1;-1;-1;1;-1;1;1
4496;3;0;6;95;1;0;0;0;0;0;0;0;0;21;1;1;0;0;1;0;15;73;0;0;2;0;0;1;0;1;0;0;0;0;1;0;0;0;0;0;0;0;1;-1;-1;1;-1;1;1
4497;3;1;1;38;0;0;0;0;0;0;0;0;0;0;1;0;0;0;0;0;21;10;0;0;0;0;1;1;0;1;0;1;0;0;1;0;0;0;0;1;0;0;1;1;-1;0;1;-1;1
4498;3;1;3;70;1;0;0;0;0;0;0;0;0;0;1;1;0;0;0;0;22;41;0;0;0;1;0,909090909;0,857142857;0;1;0;0;0;0,090909091;1;0;0;0;0;0;0;0;1;0;0;1;-1;-1;1
4499;6;1;3;53;0;0;0;0;0;0;0;0;0;1;1;0;0;0;1;0;18;28;0;0;0;0;0;0;0;1;0;1;0;0;1;0;0;0;0;0;0;0;1;1;1;0;1;1;1
4500;3;1;4;55;0;0;0;0;0;0;0;0;0;0;1;0;0;0;0;0;21;27;0;0;0;0;0;0,133333333;0;1;1;0;0;1;0;0;0;0;0;0;0;0;1;0;1;1;0;-1;1
4501;3;1;2;47;0;0;0;0;0;0;0;0;0;1;1;0;0;0;0;0;22;18;0;0;0;0;0,2;0,037037037;1;1;0;0;0;0,8;0;0;0;0;0;1;0;0;1;1;1;1;1;-1;1
4502;3;1;5;47;0;0;0;0;0;0;0;0;0;6;1;1;0;0;0;0;13;27;0;0;0;0;0,923076923;1;0;1;0;0;0;0;1;0;0;0;0;0;0;0;1;1;1;1;-1;-1;1
4503;3;0;4;79;1;0;0;0;0;0;2;0;0;24;1;0;0;0;0;0;10;29;32;0;0;0;0;0,166666667;0;1;1;0;1;0;0;0;0;0;0;0;0;1;1;-1;1;-1;0;1;1
4504;2;0;3;41;0;0;0;0;0;0;0;0;0;1;1;0;0;0;0;0;13;21;0;0;0;0;1;1;0;1;0;0;0;0;1;0;0;0;0;0;0;0;1;1;1;1;-1;-1;1
4505;3;1;5;58;0;0;0;0;0;0;0;0;0;0;1;0;0;0;0;0;15;36;0;0;0;0;0;0,333333333;1;1;0;0;0;0;0;0;0;0;0;1;0;1;1;0;1;1;-1;1;1
4506;4;1;4;50;1;0;0;0;0;0;0;0;0;0;1;0;0;0;0;0;14;29;0;0;0;0;0;0,166666667;0;1;1;0;1;0;0;0;0;0;0;0;0;1;1;1;1;-1;0;1;1
4507;2;0;2;32;0;0;0;0;0;0;0;0;0;0;1;0;0;0;0;0;10;15;0;0;0;0;0;0;0;1;1;0;0;0;0;0;0;0;0;0;1;0;1;1;1;1;1;1;1
4508;4;1;10;105;2;0;0;0;0;1;0;0;0;4;1;1;0;0;1;0;22;76;0;0;0;0;0;0;0;1;0;0;0;0;0;0;0;0;0;0;0;0;1;-1;1;1;1;1;1
4509;4;1;4;73;2;0;0;0;0;0;0;0;0;0;1;0;0;0;1;0;20;46;0;0;0;0;0;0;0;1;0;0;0;0;0;0;0;0;0;0;0;0;1;0;1;1;1;1;1
4510;3;0;3;131;2;0;0;0;0;0;0;0;0;77;1;1;0;0;1;0;20;104;0;0;0;0;0;0;0;1;1;0;0;0;0;0;0;0;0;0;0;1;1;-1;1;1;1;1;1
4511;3;0;3;62;0;0;0;0;0;0;0;0;0;0;1;0;0;0;0;0;18;37;0;0;1;0;0;1;0;1;1;0;0;1;1;0;0;0;0;0;0;0;1;0;-1;1;-1;-1;1
4512;2;0;4;66;1;0;0;0;0;0;0;0;0;0;1;0;0;0;0;0;25;34;0;0;0;0;0,923076923;1;0;1;0;0;0;0;1;0;0;0;0;0;0;0;1;0;1;1;-1;-1;1
4513;2;0;4;49;0;0;0;0;0;0;0;0;0;0;1;0;0;0;1;0;17;25;0;0;1;0;0,9;0,090909091;1;1;0;0;0;0,1;0;0;0;0;0;1;0;0;1;1;1;1;1;-1;1
4514;3;1;3;49;0;0;0;0;0;0;0;0;0;0;1;0;0;0;1;0;21;21;0;0;0;0;0,333333333;0,1875;1;1;0;0;0;0,666666667;0;0;0;0;0;1;0;0;1;1;1;1;0;-1;1
4515;2;0;2;37;0;0;0;0;0;0;0;0;0;0;1;0;0;0;0;0;21;9;0;0;0;0;0;0;0;1;0;0;0;1;0;0;0;0;0;0;0;1;1;1;1;1;1;-1;1
4516;2;0;2;38;0;0;0;0;1;0;0;0;0;0;1;0;0;0;0;0;21;10;0;0;0;0;0;0;0;1;0;0;0;1;0;0;0;0;0;0;0;1;1;1;1;1;1;-1;1
4517;3;0;2;43;0;0;0;0;0;0;0;0;0;0;1;1;0;0;0;0;21;15;0;0;0;0;0;0;0;1;0;0;0;0;0;0;0;0;0;0;0;0;1;1;1;1;1;1;1
4518;2;0;3;44;1;0;0;0;0;0;0;0;0;0;1;0;0;0;0;0;9;28;0;0;0;0;0,923076923;1;0;1;0;0;0;0;1;0;0;0;0;0;0;0;1;1;1;1;-1;-1;1
4519;3;0;3;39;0;0;0;0;0;0;0;0;0;0;1;0;0;0;1;0;10;22;0;0;0;0;0,083333333;0,9;1;1;1;0;0;0,166666667;1;0;0;0;0;0;0;0;1;1;-1;1;0;1;1
4520;4;1;3;69;3;1;0;0;0;0;0;0;0;0;1;0;0;0;1;0;23;39;0;0;1;1;0,933333333;1;0;1;0;0;0;0,066666667;1;0;0;0;0;0;0;0;1;0;-1;1;-1;-1;1
4521;3;0;2;64;0;0;0;0;0;0;1;0;0;7;1;0;0;0;0;0;17;13;26;0;0;0;0;0;0;1;0;0;0;0;0;0;0;0;0;0;0;1;1;0;1;1;1;1;1
4522;3;1;2;52;0;0;0;0;0;0;0;0;0;1;1;1;0;0;0;0;12;33;0;0;0;0;0,923076923;1;0;1;0;0;0;0;1;0;0;0;0;0;0;0;1;1;1;1;-1;-1;1
4523;3;0;3;56;0;0;0;0;0;0;0;0;0;0;1;1;0;0;1;0;26;23;0;0;1;0;0,039130435;1;0;1;0;0;0;0,947826087;0;0;0;0;0;1;0;0;1;0;-1;1;-1;-1;1
4524;2;1;4;36;0;0;0;0;0;0;0;0;0;1;0;0;0;0;1;0;12;16;0;0;0;0;1;1;0;0;0;0;0;0;1;0;0;0;0;0;0;0;1;1;-1;1;-1;-1;1
4525;3;1;3;112;0;0;0;0;0;0;0;0;0;24;1;1;0;0;0;0;12;93;0;0;0;0;0;0;0;1;0;0;0;0;0;0;0;0;0;0;0;0;1;-1;1;1;1;1;1
4526;3;1;6;93;0;0;0;0;2;0;0;0;0;0;1;1;0;0;0;0;26;60;0;0;0;0;0,044444444;1;1;1;0;0;0;0,955555556;0;0;0;0;0;0;0;0;1;-1;-1;1;-1;-1;1
4527;2;0;4;45;0;0;0;0;0;0;0;0;0;0;1;0;0;0;1;0;14;24;0;0;0;1;0,923076923;1;0;1;0;0;0;0;1;0;0;0;0;0;0;0;1;1;1;1;-1;-1;1
4528;3;0;4;60;0;0;0;0;0;0;1;0;0;6;1;0;0;0;0;0;13;28;11;0;1;0;0,967213115;0,045454546;1;1;0;0;0;0;0;0;0;0;0;0;0;0;1;0;1;1;1;-1;1
4529;3;0;3;65;3;1;0;0;0;0;0;0;0;0;1;0;0;0;1;0;19;39;0;0;1;1;0,933333333;1;0;1;0;0;0;0,066666667;1;0;0;0;0;0;0;0;1;0;-1;1;-1;-1;1
4530;4;1;2;43;1;1;0;0;0;0;0;0;0;0;1;0;0;0;1;0;15;21;0;0;0;1;1;1;0;1;0;0;0;0;1;0;0;0;0;0;0;0;1;1;-1;1;-1;-1;1
4531;3;0;10;101;2;0;0;0;0;1;0;0;0;4;1;1;0;0;1;0;18;76;0;0;0;0;0;0;0;1;0;0;0;0;0;0;0;0;0;0;0;0;1;-1;1;1;1;1;1
4532;12;1;4;105;0;0;0;0;0;0;0;0;0;4;1;1;0;0;1;0;26;72;0;0;1;1;0,944444444;0;0;1;0;0;0;0;1;0;0;0;0;1;0;0;1;-1;1;1;1;-1;1
4533;11;1;4;96;0;0;0;0;0;0;0;0;0;0;1;1;0;0;1;0;26;63;0;0;1;1;0,944444444;0;0;1;0;0;0;0;1;0;0;0;0;1;0;0;1;-1;1;1;1;-1;1
4534;2;0;2;63;3;0;0;0;0;0;0;0;0;0;1;0;0;0;1;0;22;34;0;0;0;0;0;0;0;1;0;0;0;0;0;0;0;0;0;0;0;0;1;0;1;1;1;1;1
4535;6;0;2;74;0;0;0;0;0;0;0;0;0;3;1;0;0;0;1;0;18;49;0;0;0;0;0;0;0;1;1;0;0;0;0;0;0;0;0;0;0;1;1;0;1;1;1;1;1
4536;2;0;4;57;2;1;0;0;0;0;0;0;0;0;1;0;0;0;0;0;15;35;0;0;0;0;0;0;0;1;1;0;0;1;0;0;0;0;0;0;0;0;1;0;1;1;1;-1;1
4537;6;1;4;72;0;0;0;0;0;0;0;0;0;0;1;1;0;0;1;0;27;38;0;0;1;1;1;1;0;1;0;0;0;0;1;0;0;0;0;0;0;0;1;0;-1;1;-1;-1;1
4538;5;0;4;68;0;0;0;0;0;0;0;0;0;0;1;1;0;0;1;0;23;38;0;0;1;1;1;1;0;1;0;0;0;0;1;0;0;0;0;0;0;0;1;0;-1;1;-1;-1;1
4539;3;1;4;55;1;0;0;0;0;0;0;0;0;0;1;0;0;0;0;0;13;35;0;0;1;0;0,923076923;1;0;1;0;0;0;0;1;0;0;0;0;0;0;0;1;0;1;1;-1;-1;1
4540;3;1;7;122;2;0;0;0;3;0;0;0;0;0;1;1;0;0;1;0;25;90;0;0;0;0;1;1;0;1;0;0;0;0;1;0;0;0;0;1;1;0;1;-1;-1;1;1;-1;1
4541;3;1;9;74;0;0;0;0;1;0;0;0;0;3;1;0;0;0;1;0;10;57;0;0;0;0;1;1;1;1;0;0;0;0;1;0;0;0;0;1;0;0;1;0;-1;1;-1;-1;1
4542;2;0;4;59;0;0;0;0;1;0;0;0;0;1;1;0;0;0;1;0;15;37;0;0;0;0;1;0,142857143;0;1;0;0;0;0;0;0;0;0;0;1;0;0;1;0;1;1;1;-1;1
4543;4;1;3;50;0;0;0;0;0;0;0;0;0;0;1;0;0;0;0;0;17;26;0;0;1;0;1;1;0;1;0;0;0;0;1;0;0;0;0;0;0;0;1;1;1;1;-1;-1;1
4544;6;1;3;101;0;0;0;0;0;2;0;0;0;13;1;1;0;0;1;0;18;76;0;0;0;0;0;0,142857143;1;1;0;1;0;0;0;0;0;0;0;1;0;0;1;-1;1;0;1;1;1
4545;3;1;5;71;1;0;0;0;0;0;0;0;0;1;1;1;0;0;0;0;23;41;0;0;0;0;0,846153846;1;0;1;0;0;0;0;1;0;0;0;0;1;0;0;1;0;-1;1;-1;-1;1
4546;3;1;3;55;0;0;0;0;2;0;0;0;0;0;1;0;0;0;1;0;15;33;0;0;0;0;1;1;0;1;0;0;0;0;1;0;0;0;0;1;1;0;1;0;-1;1;1;-1;1
4547;2;0;5;67;1;0;0;0;0;0;0;0;0;1;1;1;0;0;0;0;19;41;0;0;0;0;0,846153846;1;0;1;0;0;0;0;1;0;0;0;0;1;0;0;1;0;-1;1;-1;-1;1
4548;3;1;2;49;0;0;0;0;0;0;0;0;0;0;1;0;0;0;0;0;20;22;0;0;0;0;0;0;0;0;0;0;0;0;0;0;0;0;0;1;1;0;1;1;1;1;1;1;1
4549;4;0;6;83;1;0;0;0;0;0;0;0;0;0;1;0;0;0;1;0;25;51;0;0;1;0;0,909090909;0,384615385;1;1;0;0;0;0,090909091;1;0;0;0;0;1;0;0;1;-1;0;1;0;-1;1
4550;3;1;2;67;0;0;0;0;0;0;0;0;0;0;1;0;0;0;1;0;23;37;0;0;1;0;1;1;1;1;0;0;0;0;1;0;0;0;0;0;0;0;1;0;-1;1;-1;-1;1
4551;2;0;4;42;0;0;0;0;0;0;0;0;0;0;1;0;0;0;0;0;13;22;0;0;0;0;0;0;0;0;0;0;0;0;1;0;0;0;0;0;1;0;1;1;1;1;1;1;1
4552;2;0;5;78;1;1;0;0;3;0;0;0;0;4;1;1;0;0;0;0;13;58;0;0;0;0;0,032786885;1;1;1;1;0;0;0,967213115;0;0;0;0;0;0;0;0;1;-1;-1;1;-1;-1;1
4553;3;1;4;92;3;0;0;0;0;0;0;0;0;0;1;1;0;0;0;0;23;62;0;0;1;0;0;0;0;1;1;0;0;1;0;0;0;0;0;1;0;0;1;-1;1;1;1;-1;1
4554;4;1;2;44;1;0;0;0;0;0;0;0;0;0;1;0;0;0;0;0;17;20;0;0;0;0;1;1;0;1;0;0;0;0;1;0;0;0;0;0;0;0;1;1;-1;1;-1;-1;1
4555;4;0;2;45;1;0;0;0;0;0;0;0;0;11;1;0;1;0;0;0;14;24;0;0;0;0;0,113043478;0,238095238;0;1;1;0;0;0,617391304;1;0;0;0;0;0;0;0;1;1;0;1;1;-1;1
4556;3;0;4;111;1;0;0;0;0;0;0;2;0;20;1;1;0;0;1;0;19;85;0;0;0;0;0;0,115384615;0;1;1;0;1;0,95890411;0;0;0;0;0;1;0;0;1;-1;1;-1;1;-1;1
4557;2;0;3;69;2;0;0;0;0;0;0;0;0;7;1;1;0;0;1;0;15;47;0;0;0;1;1;0,357142857;0;1;1;0;1;0;1;0;0;0;0;0;0;0;1;0;1;-1;0;-1;1
4558;4;0;10;110;1;0;0;0;2;0;0;0;0;0;1;0;0;0;0;0;19;84;0;0;1;0;0;0,125;1;1;0;0;0;0;0;0;0;0;0;0;0;0;1;-1;1;1;1;1;1
4559;4;0;4;55;1;0;0;0;0;0;0;0;0;0;1;0;0;0;1;0;13;35;0;0;1;1;1;0,538461539;1;1;0;0;0;0;1;0;0;0;0;0;0;0;1;0;-1;1;0;-1;1
4560;2;0;2;63;0;0;0;0;0;0;0;0;0;0;1;0;0;0;1;0;19;37;0;0;1;0;1;1;1;1;0;0;0;0;1;0;0;0;0;0;0;0;1;0;-1;1;-1;-1;1
4561;3;1;3;47;0;0;0;0;0;0;0;0;0;1;1;1;0;0;1;0;23;17;0;0;0;0;0;0,785714286;0;1;0;0;0;1;1;0;0;0;0;1;0;0;1;1;-1;1;1;-1;1
4562;2;0;5;99;1;0;0;0;0;0;4;0;0;1;1;1;0;0;0;0;19;41;31;0;1;0;0,846153846;1;0;1;0;0;0;0;1;0;0;0;0;1;0;0;1;-1;-1;1;-1;-1;1
4563;3;1;3;67;0;0;0;0;0;0;0;0;0;0;1;0;0;0;0;0;15;45;0;0;0;0;0;1;0;1;1;0;0;1;1;0;0;0;0;0;0;0;1;0;-1;1;-1;-1;1
4564;2;0;2;45;0;0;0;0;0;0;0;0;0;0;1;0;0;0;0;0;20;18;0;0;0;0;0,833333333;0,181818182;0;1;0;0;0;0,166666667;0;0;0;0;0;0;1;0;1;1;-1;1;1;-1;1
4565;3;0;2;40;1;0;0;0;0;0;0;0;0;0;1;0;0;0;0;0;13;20;0;0;0;0;1;1;0;1;0;0;0;0;1;0;0;0;0;0;0;0;1;1;-1;1;-1;-1;1
4566;2;0;2;37;1;0;0;0;0;0;0;0;0;0;1;0;0;0;0;0;9;21;0;0;0;0;0,923076923;1;0;1;0;0;0;0;1;0;0;0;0;0;0;0;1;1;1;1;-1;-1;1
4567;5;1;4;66;1;0;0;0;0;0;0;0;0;0;1;0;0;0;1;0;17;42;0;0;1;1;1;1;0;1;0;0;0;0;1;0;0;0;0;0;0;0;1;0;-1;1;-1;-1;1
4568;2;0;4;88;3;0;0;0;0;0;0;0;0;0;1;1;0;0;0;0;19;62;0;0;1;0;0;0;0;1;1;0;0;1;0;0;0;0;0;1;0;0;1;-1;1;1;1;-1;1
4569;3;0;4;68;0;0;0;0;0;0;0;0;0;4;1;1;0;0;0;0;19;42;0;0;0;0;0;0;0;1;1;0;0;1;0;0;0;0;0;0;0;0;1;0;1;1;1;-1;1
4570;3;1;3;54;1;1;0;0;0;0;0;0;0;0;1;0;0;0;1;0;16;31;0;0;0;0;0;0;0;1;0;0;0;0;0;0;0;0;0;1;0;0;1;0;1;1;1;1;1
4571;6;0;5;86;1;0;0;0;0;0;0;0;0;0;1;1;0;0;1;0;20;59;0;0;1;1;0,909090909;0,333333333;1;1;0;0;0;0,090909091;1;0;0;0;0;1;0;0;1;-1;0;1;0;-1;1
4572;2;0;5;71;0;0;0;0;0;0;0;0;0;4;1;1;0;0;0;0;17;47;0;0;0;0;0;0;0;1;1;0;0;1;0;0;0;0;0;0;0;0;1;0;1;1;1;-1;1
4573;3;0;5;62;0;0;0;0;0;0;0;0;0;0;1;1;0;0;1;0;15;40;0;0;0;0;0;0;0;1;1;0;0;0;0;0;0;0;0;0;0;0;1;0;1;1;1;1;1
4574;2;0;3;50;1;1;0;0;0;0;0;0;0;0;1;0;0;0;1;0;12;31;0;0;0;0;0;0;0;1;0;0;0;0;0;0;0;0;0;1;0;0;1;1;1;1;1;1;1
4575;4;1;4;71;1;0;0;0;2;0;0;0;0;0;1;0;0;0;1;0;14;50;0;0;0;1;0;1;1;1;0;0;0;0;1;0;0;0;0;0;0;0;1;0;-1;1;-1;1;1
4576;5;1;2;57;0;0;0;0;0;0;0;0;0;2;1;0;0;0;0;0;26;24;0;0;0;0;0;1;0;1;1;0;0;1;1;0;0;0;0;0;0;0;1;0;-1;1;-1;-1;1
4577;5;1;2;56;0;0;0;0;0;0;0;0;0;3;1;0;0;0;0;0;26;23;0;0;0;0;0;1;0;1;1;0;0;1;1;0;0;0;0;0;0;0;1;0;-1;1;-1;-1;1
4578;5;1;2;54;0;0;0;0;0;0;0;0;0;2;1;0;0;0;0;0;26;21;0;0;0;0;0;1;0;1;1;0;0;1;1;0;0;0;0;0;0;0;1;0;-1;1;-1;-1;1
4579;2;0;6;73;1;1;0;0;0;0;0;0;0;0;1;1;0;0;0;0;26;40;0;0;0;0;0,083333333;0,071428571;0;1;1;0;0;0,833333333;0;0;0;0;0;0;0;0;1;0;1;1;1;-1;1
4580;3;0;3;51;0;0;0;0;0;0;0;0;0;10;1;1;0;0;0;0;13;31;0;0;0;0;0;0,142857143;1;1;0;1;0;0;0;0;0;0;0;1;0;0;1;1;1;0;1;1;1
4581;3;1;4;55;0;0;0;0;0;0;0;0;0;4;1;1;0;0;0;0;18;30;0;0;0;0;0;0;0;1;1;0;0;1;0;0;0;0;0;0;0;0;1;0;1;1;1;-1;1
4582;3;1;4;56;0;0;0;0;0;0;0;0;0;4;1;1;0;0;1;0;18;31;0;0;0;0;0;0;0;1;1;0;0;1;0;0;0;0;0;0;0;0;1;0;1;1;1;-1;1
4583;2;0;4;62;1;0;0;0;0;1;0;0;0;3;1;1;0;0;1;0;8;47;0;0;0;0;0;0,036363636;0;1;0;0;0;0,5;0;0;0;0;0;0;0;0;1;0;1;1;1;0;1
4584;3;0;3;34;0;0;0;0;0;0;0;0;0;0;1;0;0;0;1;0;13;14;0;0;0;0;0;0,066666667;1;1;0;0;0;1;0;0;0;0;0;0;0;1;1;1;1;1;1;-1;1
4585;3;1;4;72;0;0;0;0;0;0;0;0;0;0;1;0;0;0;0;0;22;43;0;0;0;1;0,923076923;1;0;1;0;0;0;0;1;0;0;0;0;0;0;0;1;0;1;1;-1;-1;1
4586;5;0;3;58;1;0;0;0;0;0;0;0;0;0;1;1;0;0;1;0;12;39;0;0;0;1;0,9375;1;0;1;0;0;0;0;1;0;0;0;0;0;0;0;1;0;-1;1;-1;-1;1
4587;4;1;13;130;0;0;0;0;1;0;0;0;0;0;1;0;0;0;0;0;15;108;0;0;0;1;0,974358974;0,1;1;1;1;1;1;0;1;0;0;0;0;0;0;0;1;-1;1;0;0;-1;1
4588;3;1;5;67;1;0;0;0;0;0;0;0;0;0;1;0;0;0;1;0;17;43;0;0;0;1;0;0;0;1;0;0;0;0;0;0;0;0;0;0;0;0;1;0;1;1;1;1;1
4589;3;1;5;67;1;0;0;0;0;0;0;0;0;0;1;0;0;0;1;0;17;43;0;0;0;0;0;0;0;1;0;0;0;0;0;0;0;0;0;0;0;0;1;0;1;1;1;1;1
4590;3;0;6;80;2;1;0;0;0;0;0;0;0;15;1;1;0;0;1;0;17;56;0;0;0;0;0;0;0;1;1;0;0;0;0;0;0;0;0;0;0;0;1;-1;1;1;1;1;1
4591;3;1;5;72;1;0;0;0;0;0;0;0;0;0;1;0;0;0;1;0;22;43;0;0;0;0;0;0;0;1;0;0;0;0;0;0;0;0;0;0;0;0;1;0;1;1;1;1;1
4592;4;0;3;52;1;0;0;0;0;0;0;0;0;0;1;0;0;0;0;0;19;26;0;0;1;0;0,75;1;0;1;0;0;0;0,25;1;0;0;0;0;0;0;0;1;1;-1;1;-1;-1;1
4593;3;1;3;45;0;0;0;0;0;0;0;0;0;0;1;0;0;0;1;0;15;23;0;0;0;0;0;0;0;1;0;0;0;0;0;0;0;0;0;0;0;0;1;1;1;1;1;1;1
4594;2;0;2;38;0;0;0;0;0;0;0;0;0;0;1;0;0;0;1;0;13;18;0;0;0;0;0;1;0;1;1;0;0;1;1;0;0;0;0;0;0;0;1;1;-1;1;-1;-1;1
4595;2;0;4;47;0;0;0;0;0;0;0;0;0;0;1;0;0;0;1;0;13;27;0;0;0;0;0;0;0;1;0;0;0;0;0;0;0;0;0;0;0;0;1;1;1;1;1;1;1
4596;2;0;5;78;0;0;0;0;0;0;0;0;0;0;1;0;0;0;0;0;20;51;0;0;0;0;1;1;0;1;0;0;0;0;1;0;0;0;0;0;0;0;1;-1;-1;1;-1;-1;1
4597;2;0;4;55;0;0;0;0;0;0;0;0;0;0;1;0;0;0;0;0;17;31;0;0;1;0;0;0;0;1;0;0;0;0;1;0;0;0;0;0;0;0;1;0;1;1;1;1;1
4598;3;1;3;46;0;0;0;0;0;0;0;0;0;0;1;0;0;0;0;0;17;22;0;0;0;0;0;0;0;1;1;0;0;1;0;0;0;0;0;0;0;0;1;1;1;1;1;-1;1
4599;2;0;7;68;0;0;0;0;0;0;0;0;0;15;1;1;0;0;0;0;13;48;0;0;0;0;0;0,25;0;1;1;0;0;1;0;0;0;0;0;0;0;0;1;0;1;1;0;-1;1
4600;2;0;6;74;1;1;0;0;0;1;0;0;0;7;1;1;0;0;0;0;21;46;0;0;0;0;0;0;0;1;0;0;0;1;0;0;0;0;0;0;0;1;1;0;1;1;1;-1;1
4601;2;0;1;34;0;0;0;0;1;0;0;0;0;0;1;0;0;0;1;0;14;13;0;0;0;0;1;1;0;1;0;0;0;0;1;0;0;0;0;1;1;0;1;1;-1;1;1;-1;1
4602;2;0;5;57;0;0;0;0;0;0;0;0;0;0;1;0;0;0;0;0;16;34;0;0;1;0;0;0,285714286;0;1;0;0;0;0;0;0;0;0;0;0;0;0;1;0;1;1;-1;1;1
4603;2;0;8;73;1;0;0;0;0;0;0;0;0;0;1;0;0;0;0;0;11;55;0;0;0;0;0,066666667;0,076923077;0;1;1;0;0;0,866666667;0;0;0;0;0;0;0;0;1;0;1;1;1;-1;1
4604;2;0;2;49;1;1;0;0;1;0;0;0;0;0;1;0;0;0;1;0;24;18;0;0;0;0;1;1;0;1;0;0;0;0;1;0;0;0;0;1;1;0;1;1;-1;1;1;-1;1
4605;2;0;3;46;0;0;0;0;0;0;0;0;0;0;1;0;0;0;0;0;17;22;0;0;0;0;0;0;0;1;0;0;0;0;0;0;0;0;0;0;0;0;1;1;1;1;1;1;1
4606;2;0;5;61;1;0;0;0;0;0;0;0;0;0;1;0;0;0;0;0;13;41;0;0;0;0;0;0;0;1;0;0;0;0;0;0;0;0;0;0;0;0;1;0;1;1;1;1;1
4607;3;1;4;79;2;2;0;0;0;0;0;0;0;0;1;1;0;0;1;0;39;33;0;0;0;0;0;0;0;1;0;0;0;1;0;0;0;0;0;0;0;1;1;-1;1;1;1;-1;1
4608;2;0;3;57;0;0;0;0;0;0;0;0;0;4;1;1;0;0;0;0;22;28;0;0;0;0;0;0;0;1;1;0;0;1;0;0;0;0;0;0;0;0;1;0;1;1;1;-1;1
4609;2;0;4;64;1;0;0;0;0;0;0;0;0;0;1;0;0;0;1;0;27;30;0;0;0;0;1;0,875;0;1;0;0;0;0;1;0;0;0;0;0;0;0;1;0;0;1;-1;-1;1
4610;3;1;5;58;0;0;0;0;0;0;0;0;0;0;1;0;0;0;0;0;19;32;0;0;1;0;0;0,285714286;0;1;0;0;0;0;0;0;0;0;0;0;0;0;1;0;1;1;-1;1;1
4611;3;1;4;100;0;0;0;0;0;0;0;0;0;0;1;1;0;0;1;0;19;74;0;0;0;0;0;0;0;1;0;0;0;0;0;0;0;0;0;0;0;0;1;-1;1;1;1;1;1
4612;2;0;3;39;0;0;0;0;0;0;0;0;0;0;1;0;0;0;0;0;12;20;0;0;0;0;0;0;0;1;0;0;0;0;0;0;0;0;0;0;0;0;1;1;1;1;1;1;1
4613;2;0;2;35;0;0;0;0;0;0;0;0;0;0;1;0;0;0;1;0;16;12;0;0;0;0;0;0,714285714;1;1;0;0;0;1;0;0;0;0;0;0;0;0;1;1;-1;1;0;-1;1
4614;3;1;4;47;0;0;0;0;0;0;0;0;0;0;1;0;0;0;0;0;17;23;0;0;0;0;0,962962963;0,063157895;1;1;0;0;0;0,037037037;0;0;0;0;0;1;0;0;1;1;1;1;1;-1;1
4615;2;1;2;54;1;1;0;0;0;0;0;0;0;0;0;1;0;0;0;0;40;6;0;0;0;0;0;0;0;0;1;0;0;1;0;0;0;0;0;0;0;0;1;0;1;1;1;-1;1
4616;2;0;2;40;0;0;0;0;0;0;0;0;0;0;1;0;0;0;0;0;19;14;0;0;0;0;0;0,666666667;1;1;0;0;0;1;0;0;0;0;0;0;0;0;1;1;-1;1;0;-1;1
4617;2;0;5;61;0;0;0;0;0;0;0;0;0;1;1;0;0;0;0;0;8;46;0;0;0;0;0;0;0;1;0;0;0;0;0;0;0;0;0;0;0;0;1;0;1;1;1;1;1
4618;2;0;2;56;0;0;0;0;0;0;0;0;0;0;1;0;0;0;0;0;25;24;0;0;0;0;0;0;0;1;0;0;0;0;0;0;0;0;0;0;0;0;1;0;1;1;1;1;1
4619;3;0;4;59;0;0;0;0;0;0;0;0;0;0;1;0;0;0;0;0;19;33;0;0;1;0;1;0;0;1;0;0;0;0;0;0;0;0;0;1;0;0;1;0;1;1;1;-1;1
4620;4;1;4;52;0;0;0;0;0;0;0;0;0;0;1;0;0;0;0;0;17;28;0;0;1;0;0,967213115;0,045454546;1;1;0;0;0;0,032786885;0;0;0;0;0;0;0;0;1;1;1;1;1;-1;1
4621;5;3;2;48;0;0;0;0;0;0;0;0;0;2;1;0;0;0;0;0;22;19;0;0;1;0;0;0;0;1;0;0;0;0,960784314;0;0;0;0;0;0;0;0;-1;1;1;1;1;-1;1
4622;2;0;3;44;0;0;0;0;0;0;0;0;0;1;1;0;0;0;0;0;13;24;0;0;0;0;0;0;0;1;0;0;0;0;0;0;0;0;0;0;0;0;1;1;1;1;1;1;1
4623;3;0;4;50;0;0;0;0;0;0;0;0;0;0;1;1;0;0;0;0;19;24;0;0;0;0;0;0;0;1;0;0;0;0;0;0;0;0;0;0;0;0;1;1;1;1;1;1;1
4624;3;1;4;57;1;0;0;0;0;0;0;0;0;0;1;0;0;0;0;0;13;37;0;0;0;0;0;0;0;1;0;0;0;0;0;0;0;0;0;0;0;0;1;0;1;1;1;1;1
4625;3;0;4;48;0;0;0;0;0;0;0;0;0;0;1;0;0;0;0;0;13;28;0;0;1;0;0,967213115;0,045454546;1;1;0;0;0;0,032786885;0;0;0;0;0;0;0;0;1;1;1;1;1;-1;1
4626;2;0;6;78;1;0;0;0;0;0;0;0;0;1;1;1;0;0;0;0;19;52;0;0;0;0;0,846153846;1;0;1;0;0;0;0;1;0;0;0;0;1;0;0;1;-1;-1;1;-1;-1;1
4627;3;1;3;48;1;0;0;0;0;0;0;0;0;2;1;0;0;0;1;0;17;24;0;0;0;0;0,03930131;1;1;1;0;1;0;0,947598253;0;0;0;0;0;1;0;0;1;1;-1;0;-1;-1;1
4628;3;1;4;66;0;0;0;0;0;0;0;0;0;6;1;1;0;0;0;0;29;30;0;0;0;0;0;0;0;1;1;0;0;1;0;0;0;0;0;0;0;0;1;0;1;1;1;-1;1
4629;2;0;4;60;0;0;0;0;0;0;0;0;0;0;1;0;0;0;0;0;17;36;0;0;0;0;0;0;0;1;0;0;0;0;0;0;0;0;0;0;0;0;1;0;1;1;1;1;1
4630;2;0;2;47;0;0;0;0;0;0;0;0;0;2;1;1;0;0;0;0;22;18;0;0;0;0;0;0;0;1;0;0;0;0;0;0;0;0;0;0;0;0;1;1;1;1;1;1;1
4631;4;1;2;43;0;0;0;0;0;0;0;0;0;0;1;1;0;0;0;0;18;18;0;0;0;0;0;0;0;1;0;0;0;0;0;0;0;0;0;0;0;0;1;1;1;1;1;1;1
4632;2;0;4;62;1;0;0;0;0;0;0;0;0;0;1;0;0;0;0;0;21;34;0;0;1;0;0;0;0;1;1;0;0;1;0;0;0;0;0;0;0;0;1;0;1;1;1;-1;1
4633;2;0;6;110;1;0;0;0;0;0;4;0;0;1;1;1;0;0;0;0;19;52;31;0;1;0;0,846153846;1;0;1;0;0;0;0;1;0;0;0;0;1;0;0;1;-1;-1;1;-1;-1;1
4634;2;1;2;53;1;1;0;0;0;0;0;0;0;0;0;1;0;0;0;0;39;6;0;0;0;0;0;0;0;0;1;0;0;1;0;0;0;0;0;0;0;0;1;1;1;1;1;-1;1
4635;2;1;2;53;1;1;0;0;0;0;0;0;0;0;0;1;0;0;1;0;39;6;0;0;0;0;0;0;0;0;1;0;0;1;0;0;0;0;0;0;0;0;1;1;1;1;1;-1;1
4636;2;1;3;61;1;1;0;0;0;0;0;0;0;0;0;1;0;0;1;0;39;14;0;0;0;0;0;0;0;0;1;0;0;1;0;0;0;0;0;0;0;0;1;0;1;1;1;-1;1
4637;3;0;4;47;0;0;0;0;0;0;0;0;0;0;1;0;0;0;0;0;17;23;0;0;0;0;0;0,666666667;0;1;0;0;0;0,375;0;0;0;0;0;0;0;0;1;1;1;1;-1;0;1
4638;3;0;4;46;0;0;0;0;0;0;0;0;0;0;1;0;0;0;0;0;17;22;0;0;0;0;0;0,666666667;0;1;0;0;0;0,375;0;0;0;0;0;0;0;0;1;1;1;1;-1;0;1
4639;2;0;5;64;1;0;0;0;0;0;0;0;0;0;1;0;0;0;1;0;18;39;0;0;0;0;0;0;0;1;1;0;0;1;0;0;0;0;0;0;0;0;1;0;1;1;1;-1;1
4640;2;0;3;39;0;0;0;0;0;0;0;0;0;0;1;0;0;0;0;0;13;19;0;0;1;0;0,888888889;0;0;1;0;1;0;0,111111111;0;0;0;0;0;0;0;1;1;1;1;0;1;-1;1
4641;4;0;5;62;1;0;0;0;0;0;0;0;0;0;1;1;0;0;0;0;12;43;0;0;0;0;0;0;0;1;0;0;0;0;0;0;0;0;0;0;0;0;1;0;1;1;1;1;1
4642;2;0;3;38;0;0;0;0;0;0;0;0;0;0;1;1;0;0;0;0;12;19;0;0;0;0;0;0;0;1;0;0;0;0;0;0;0;0;0;0;0;0;1;1;1;1;1;1;1
4643;3;0;3;51;0;0;0;0;0;0;0;0;0;0;1;0;0;0;0;0;18;26;0;0;0;0;0;1;0;1;1;0;0;1;1;0;0;0;0;0;0;0;1;1;-1;1;-1;-1;1
4644;8;0;4;106;0;0;0;0;0;0;0;0;0;0;1;1;0;0;1;0;17;82;0;0;2;0;1;1;0;1;0;0;0;0;1;0;0;0;0;1;1;0;1;-1;-1;1;1;-1;1
4645;4;1;6;108;5;0;0;0;1;0;0;0;0;0;1;0;0;0;1;0;17;84;0;0;0;0;1;0,111111111;0;1;0;0;0;0;1;0;0;0;0;0;0;0;1;-1;1;1;1;-1;1
4646;4;0;3;80;0;0;0;0;0;0;0;0;0;0;1;0;0;0;0;0;15;56;1;0;1;0;0;0,2;0;1;1;0;0;0;0;0;0;0;0;0;0;0;1;-1;0;1;1;1;1
4647;2;0;4;63;1;0;0;0;1;0;0;0;0;0;1;0;0;0;0;0;10;46;0;0;0;0;1;1;0;1;0;0;0;0;1;0;0;0;0;1;1;0;1;0;-1;1;1;-1;1
4648;2;0;4;67;1;0;0;0;0;0;0;0;0;0;1;0;0;0;1;0;22;38;0;0;0;0;1;1;1;1;0;0;0;0;1;0;0;0;0;0;0;0;1;0;-1;1;-1;-1;1
4649;3;1;7;97;2;0;0;0;0;0;0;0;0;0;1;0;0;0;0;0;25;65;0;0;0;0;1;1;0;1;0;1;0;0;1;0;0;0;0;1;0;0;1;-1;-1;0;-1;-1;1
4650;2;1;2;53;1;1;0;0;0;0;0;0;0;0;0;1;0;0;0;0;39;6;0;0;0;0;0;0;0;0;1;0;0;1;0;0;0;0;0;0;0;0;1;1;1;1;1;-1;1
4651;2;0;5;66;0;0;0;0;0;0;0;0;0;0;1;0;0;0;1;0;11;48;0;0;1;1;1;1;1;1;0;0;0;0;1;0;0;0;0;0;0;0;1;0;-1;1;-1;-1;1
4652;5;1;5;70;0;0;0;0;0;0;0;0;0;0;1;0;0;0;0;0;19;44;0;0;0;0;1;1;0;1;0;0;0;0;1;0;0;0;0;1;1;0;1;0;-1;1;1;-1;1
4653;3;1;8;102;2;0;0;0;0;0;0;0;0;1;1;1;0;0;0;0;25;70;0;0;0;0;1;1;0;1;0;1;0;0;1;0;0;0;0;1;0;0;1;-1;-1;0;-1;-1;1
4654;3;1;6;83;1;0;0;0;0;0;0;0;0;1;1;1;0;0;0;0;25;51;0;0;0;0;1;1;0;1;0;1;0;0;1;0;0;0;0;1;0;0;1;-1;-1;0;-1;-1;1
4655;3;1;7;94;2;0;0;0;0;0;0;0;0;0;1;0;0;0;0;0;25;62;0;0;0;0;1;1;0;1;0;1;0;0;1;0;0;0;0;1;0;0;1;-1;-1;0;-1;-1;1
4656;3;1;1;36;0;0;0;0;0;0;0;0;0;0;1;0;0;0;0;0;17;12;0;0;0;0;0,923076923;1;0;1;0;0;0;0;1;0;0;0;0;0;0;0;1;1;1;1;-1;-1;1
4657;3;0;2;40;0;0;0;0;0;0;0;0;0;0;1;0;0;0;0;0;17;16;0;0;0;0;0,666666667;1;0;1;0;0;0;0,333333333;1;0;0;0;0;0;0;0;1;1;-1;1;-1;-1;1
4658;4;0;3;64;1;0;0;0;0;0;0;0;0;0;1;0;0;0;1;0;17;40;0;0;1;0;0,818181818;0,153846154;1;1;0;0;0;0,090909091;0;0;0;0;0;1;0;0;1;0;0;1;0;-1;1
4659;3;0;2;45;0;0;0;0;0;0;0;0;0;0;1;0;0;0;0;0;17;21;0;0;0;1;0,666666667;1;0;1;0;0;0;0,333333333;1;0;0;0;0;0;0;0;1;1;-1;1;-1;-1;1
4660;3;0;2;42;0;0;0;0;0;0;0;0;0;0;1;0;0;0;0;0;17;18;0;0;0;0;0,666666667;1;0;1;0;0;0;0,333333333;1;0;0;0;0;0;0;0;1;1;-1;1;-1;-1;1
4661;3;0;2;44;0;0;0;0;0;0;0;0;0;0;1;0;0;0;0;0;17;20;0;0;0;0;0,666666667;1;0;1;0;0;0;0,333333333;1;0;0;0;0;0;0;0;1;1;-1;1;-1;-1;1
4662;3;0;5;66;0;0;0;0;0;0;0;0;0;0;1;0;0;0;1;0;20;39;0;0;0;0;0;0;0;1;0;0;0;0;0;0;0;0;0;0;0;0;1;0;1;1;1;1;1
4663;3;0;6;84;0;0;0;0;1;0;0;0;0;0;1;0;0;0;0;0;20;57;0;0;0;0;0;0;0;1;0;0;0;0;0;0;0;0;0;0;0;0;1;-1;1;1;1;1;1
4664;4;1;2;42;0;0;0;0;0;0;0;0;0;0;1;0;0;0;1;0;17;18;0;0;0;0;0;0;0;1;0;0;0;0;0;0;0;0;0;0;0;0;1;1;1;1;1;1;1
4665;8;2;3;126;0;0;0;0;0;0;2;1;0;0;1;1;0;1;0;0;28;24;66;0;2;0;1;0,5;1;1;0;0;0;0;1;0;0;0;0;0;0;0;0;-1;1;1;0;-1;1
4666;3;0;4;66;0;0;0;0;2;0;0;0;0;1;1;0;0;0;1;0;14;45;0;0;0;1;1;1;0;1;0;0;0;0;1;0;0;0;0;0;0;0;1;0;-1;1;-1;-1;1
4667;1;0;7;132;2;1;0;0;0;0;1;0;0;43;1;1;0;0;1;0;14;76;34;0;0;0;0;0;0;1;0;0;0;0;0;0;0;0;0;0;0;0;1;-1;1;1;1;1;1
4668;3;1;2;42;0;0;0;0;0;0;0;0;0;0;1;0;0;0;1;0;20;15;0;0;0;0;1;1;0;1;0;0;0;0;1;0;0;0;0;1;1;0;1;1;-1;1;1;-1;1
4669;2;0;3;50;1;0;0;0;0;0;0;0;0;0;1;0;0;0;0;0;15;28;0;0;0;0;1;1;0;1;0;1;0;0;1;0;0;0;0;0;0;0;1;1;-1;0;1;-1;1
4670;3;0;6;78;0;0;0;0;0;0;0;0;0;0;1;0;0;0;1;0;20;51;0;1;0;0;0;0;0;1;0;0;0;0;0;0;0;0;0;0;0;0;1;-1;1;1;1;1;1
4671;2;0;3;78;2;0;0;0;0;4;0;0;0;8;1;1;0;0;1;0;16;55;0;0;0;0;0;0,071428571;1;1;0;0;0;0;0;0;0;0;0;0;0;0;1;-1;1;1;1;1;1
4672;5;1;5;66;1;0;0;0;0;0;0;0;0;0;1;0;0;0;1;0;16;43;0;0;0;0;0;0;0;1;0;0;0;0;0;0;0;0;0;0;0;0;1;0;1;1;1;1;1
4673;2;0;3;40;1;0;0;0;0;0;0;0;0;5;1;1;0;0;0;0;14;19;0;0;0;0;1;1;0;1;0;1;0;0;1;0;0;0;0;1;0;0;1;1;-1;0;1;-1;1
4674;2;0;3;62;1;0;0;0;0;0;0;0;0;6;1;1;0;0;1;0;21;34;0;0;0;1;1;1;0;1;0;0;0;0;1;0;0;0;0;0;0;0;1;0;-1;1;-1;-1;1
4675;2;0;3;61;1;0;0;0;0;0;0;0;0;0;1;1;0;0;0;0;24;30;0;0;0;0;0;0;0;1;0;0;0;0;0;0;0;0;0;0;0;0;1;0;1;1;1;1;1
4676;2;0;5;92;2;0;0;0;0;4;0;0;0;8;1;1;0;0;1;0;24;61;0;0;0;0;0;0;0;1;0;0;0;0;0;0;0;0;0;0;0;0;1;-1;1;1;1;1;1
4677;2;0;5;81;1;0;0;0;0;2;0;0;0;4;1;1;0;0;1;0;24;50;0;0;0;0;0;0;0;1;0;0;0;0;0;0;0;0;0;0;0;0;1;-1;1;1;1;1;1
4678;3;0;3;58;0;0;0;0;0;0;0;0;0;0;1;0;0;0;1;0;24;27;0;0;0;0;0;0;0;1;1;0;0;0;0;0;0;0;0;0;1;0;1;0;1;1;1;1;1
4679;5;1;2;58;0;0;0;0;0;0;0;0;0;2;1;0;0;0;1;0;30;21;0;0;0;0;0;1;0;1;0;0;0;0;1;0;0;0;0;0;0;0;1;0;-1;1;-1;1;1
4680;3;0;6;213;1;0;0;0;2;0;3;1;0;41;1;1;0;0;1;0;18;72;115;0;2;0;0;0;0;1;0;0;0;0;0;0;0;0;0;0;0;0;1;-1;1;1;1;1;1
4681;4;0;4;58;1;0;0;0;0;0;0;0;0;0;1;0;0;0;1;0;13;38;0;0;1;1;1;1;0;1;0;0;0;0;1;0;0;0;0;0;0;0;1;0;-1;1;-1;-1;1
4682;2;0;5;61;1;0;0;0;0;0;0;0;0;0;1;0;0;0;1;0;15;39;0;0;0;0;0;0,058823529;0;1;1;0;0;1;0;0;0;0;0;0;0;0;1;0;1;1;1;-1;1
4683;3;1;4;55;0;0;0;0;0;0;0;0;0;4;1;1;0;0;0;0;18;30;0;0;0;0;0;0;0;1;1;0;0;1;0;0;0;0;0;0;0;0;1;0;1;1;1;-1;1
4684;3;0;6;73;1;0;0;0;0;0;0;0;0;0;1;0;0;0;0;0;14;52;0;0;0;0;0;0;0;1;0;0;0;0;0;0;0;0;0;0;0;0;1;0;1;1;1;1;1
4685;3;1;5;75;0;0;0;0;0;0;1;0;0;0;1;0;0;0;1;0;15;48;4;0;1;1;1;1;1;1;0;0;0;0;1;0;0;0;0;0;0;0;1;0;-1;1;-1;-1;1
4686;3;1;7;104;0;0;0;0;0;0;0;0;0;0;1;1;0;0;1;0;21;76;0;0;0;0;0;0;0;1;0;0;0;0;0;0;0;0;0;1;0;0;1;-1;1;1;1;1;1
4687;4;1;2;53;0;0;0;0;0;0;0;0;0;0;1;0;0;0;0;0;24;22;0;0;0;1;0,923076923;1;0;1;0;0;0;0;1;0;0;0;0;0;0;0;1;1;1;1;-1;-1;1
4688;3;1;5;70;0;0;0;0;0;0;0;0;0;0;1;0;0;0;1;0;15;48;0;0;1;1;1;1;1;1;0;0;0;0;1;0;0;0;0;0;0;0;1;0;-1;1;-1;-1;1
4689;3;1;5;74;0;0;0;0;0;0;0;0;0;0;1;0;0;0;1;0;15;48;3;0;1;1;1;1;1;1;0;0;0;0;1;0;0;0;0;0;0;0;1;0;-1;1;-1;-1;1
4690;3;0;6;76;1;0;0;0;0;0;0;0;0;0;1;1;0;0;1;0;16;53;0;0;1;0;1;0;0;1;0;0;0;0;1;0;0;0;0;0;0;0;1;-1;1;1;1;-1;1
4691;3;0;6;75;1;0;0;0;0;0;0;0;0;0;1;1;0;0;1;0;16;52;0;0;1;0;1;0;0;1;0;0;0;0;1;0;0;0;0;0;0;0;1;0;1;1;1;-1;1
4692;3;1;5;71;1;0;0;0;0;0;0;0;0;0;1;0;0;0;0;0;22;42;0;0;0;0;1;0,8125;1;1;0;0;0;0;1;0;0;0;0;1;0;0;1;0;-1;1;0;-1;1
4693;2;0;1;45;0;0;0;0;0;0;0;0;0;0;1;1;0;0;0;0;23;15;0;0;0;0;0,925925926;0,159090909;0;1;0;1;0;0;0;0;0;0;0;0;0;0;1;1;1;0;1;-1;1
4694;3;0;4;43;1;0;0;0;0;0;0;0;0;0;1;0;0;0;1;0;14;22;0;0;0;0;0;0,071428571;1;1;0;0;0;1;0;0;0;0;0;1;0;0;1;1;1;1;1;-1;1
4695;3;1;5;66;1;0;0;0;0;0;0;0;0;0;1;0;0;0;0;0;20;39;0;0;0;1;0,866666667;1;0;1;0;0;0;0;1;0;0;0;0;0;0;0;1;0;-1;1;-1;-1;1
4696;3;1;5;70;1;0;0;0;0;0;0;0;0;0;1;0;0;0;0;0;24;39;0;0;0;1;0,866666667;1;0;1;0;0;0;0;1;0;0;0;0;0;0;0;1;0;-1;1;-1;-1;1
4697;2;0;4;54;0;0;0;0;0;0;0;0;0;0;1;1;0;0;1;0;20;27;0;0;0;0;0;1;1;1;0;1;0;0;1;0;0;0;0;0;0;0;1;0;-1;0;-1;1;1
4698;2;0;3;42;0;0;0;0;0;0;0;0;0;0;1;1;0;0;0;0;8;27;0;0;0;0;1;0,105263158;0;1;0;0;0;0;0;0;0;0;0;0;0;0;1;1;1;1;1;-1;1
4699;5;1;2;59;0;0;0;0;0;0;0;0;0;1;1;1;0;0;1;0;31;21;0;0;0;0;0;1;0;1;0;0;0;0;1;0;0;0;0;0;0;0;1;0;-1;1;-1;1;1
4700;4;1;7;98;1;0;0;0;1;0;0;0;0;5;1;1;0;0;0;0;21;70;0;0;0;0;0;0;0;1;1;0;0;1;0;0;0;0;0;0;0;0;1;-1;1;1;1;-1;1
4701;3;1;1;39;0;0;0;0;0;0;0;0;0;2;1;0;0;0;0;0;15;17;0;0;0;0;1;0,125;1;1;0;0;0;0;0;0;0;0;0;1;0;0;1;1;1;1;0;-1;1
4702;2;0;2;39;0;0;0;0;0;0;0;0;0;0;1;0;0;0;0;0;14;18;0;0;0;0;0;0,785714286;0;1;0;0;0;1;1;0;0;0;0;1;0;0;1;1;-1;1;1;-1;1
4703;3;0;5;77;0;0;0;0;0;0;0;0;0;0;1;0;0;0;1;0;20;50;0;0;0;0;0;0;0;1;0;0;0;0;0;0;0;0;0;0;0;0;1;-1;1;1;1;1;1
4704;3;0;5;67;0;0;0;0;0;0;0;0;0;0;1;0;0;0;0;0;20;40;0;0;0;0;0;0;0;1;0;0;0;0;0;0;0;0;0;0;0;0;1;0;1;1;1;1;1
4705;3;0;4;64;0;0;0;0;1;0;0;0;0;0;1;0;0;0;0;0;20;37;0;0;0;0;0;1;0;1;1;0;0;1;1;0;0;0;0;0;0;0;1;0;-1;1;-1;-1;1
4706;3;1;8;106;2;0;0;0;0;0;0;0;0;0;1;1;0;0;0;0;25;74;0;0;0;0;0,875;0,333333333;0;1;0;1;0;0,125;1;0;0;0;0;0;0;0;1;-1;-1;0;1;-1;1
4707;2;0;1;51;3;3;0;0;0;0;0;0;0;0;1;1;0;0;0;0;33;11;0;0;1;0;0,2;0,2;0;1;0;1;0;0,076923077;0;0;0;0;0;0;0;0;1;1;1;0;0;1;1
4708;5;1;2;57;0;0;0;0;0;0;0;0;0;1;1;0;0;0;1;0;29;21;0;0;0;0;0;1;0;1;0;0;0;0;1;0;0;0;0;0;0;0;1;0;-1;1;-1;1;1
4709;5;1;2;56;0;0;0;0;0;0;0;0;0;1;1;1;0;0;1;0;28;21;0;0;0;0;0;1;0;1;0;0;0;0;1;0;0;0;0;0;0;0;1;0;-1;1;-1;1;1
4710;2;0;4;56;1;0;0;0;0;0;0;0;0;0;1;0;0;0;0;0;18;31;0;0;0;0;1;1;0;1;0;0;0;0;1;0;0;0;0;0;0;0;1;0;-1;1;-1;-1;1
4711;2;0;4;66;1;0;0;0;0;0;0;0;0;8;1;1;0;0;1;0;21;38;0;0;0;0;0;0;0;1;1;0;0;1;0;0;0;0;0;0;0;0;1;0;1;1;1;-1;1
4712;2;0;5;61;1;0;0;0;0;0;0;0;0;0;1;0;0;0;0;0;15;39;0;0;0;1;0,866666667;1;0;1;0;0;0;0;1;0;0;0;0;0;0;0;1;0;-1;1;-1;-1;1
4713;2;1;2;30;0;0;0;0;0;0;0;0;0;0;0;1;0;0;0;0;18;4;0;0;0;0;1;0;0;0;0;0;0;0;1;0;0;0;0;0;0;0;1;1;1;1;0;-1;1
4714;4;0;3;63;1;0;0;0;0;0;0;0;0;0;1;0;0;0;1;0;17;39;0;0;1;0;0,818181818;0,153846154;1;1;0;0;0;0,090909091;0;0;0;0;0;1;0;0;1;0;0;1;0;-1;1
4715;3;1;1;44;0;0;0;0;0;0;0;0;0;0;1;0;0;0;1;0;26;11;0;0;0;0;0,413793103;0,9375;1;0;0;1;0;0,172413793;0;0;0;0;0;0;1;0;1;1;-1;0;-1;0;1
4716;3;0;1;42;0;0;0;0;1;0;0;0;0;7;1;1;0;0;0;0;14;21;0;0;0;0;1;1;1;1;0;1;0;0;1;0;0;0;0;0;0;0;1;1;-1;0;-1;-1;1
4717;2;0;5;65;1;0;0;0;0;0;0;0;0;0;1;0;0;0;0;0;17;41;0;0;0;0;0;0;0;1;0;0;0;0;0;0;0;0;0;0;0;0;1;0;1;1;1;1;1
4718;3;0;3;42;0;0;0;0;0;0;0;0;0;1;1;0;0;0;0;0;16;19;0;0;0;0;0;0;0;1;0;0;0;0;0;0;0;0;0;0;0;0;1;1;1;1;1;1;1
4719;4;0;3;179;0;0;0;0;0;0;7;7;0;25;1;0;0;0;1;0;9;24;138;0;0;0;0,034934498;1;0;1;0;0;0;0;0;0;0;0;0;1;0;0;1;-1;-1;1;-1;1;1
4720;4;1;1;49;0;0;0;0;0;0;0;0;0;1;1;1;0;0;0;0;27;15;0;0;0;1;1;1;0;1;0;0;0;0;1;0;0;0;0;0;0;0;1;1;-1;1;-1;-1;1
4721;2;0;1;39;2;1;0;0;0;0;0;0;0;0;1;0;0;0;1;0;15;17;0;0;1;0;0,068965517;0,846153846;0;0;0;0;0;0,068965517;0;0;0;0;0;1;0;0;1;1;-1;1;-1;1;1
4722;3;1;5;58;1;0;0;0;0;0;0;0;0;0;1;1;0;0;0;0;14;37;0;0;0;0;1;0,862068966;0;1;0;0;0;0;1;0;0;0;0;0;0;0;1;0;-1;1;-1;-1;1
4723;3;1;1;42;0;0;0;0;0;0;0;0;0;1;1;0;0;0;0;0;23;12;0;0;0;0;1;1;1;1;0;1;0;0;1;0;0;0;0;0;0;0;1;1;-1;0;-1;-1;1
4724;3;1;1;53;0;0;0;0;0;0;0;0;0;0;1;0;0;0;0;0;27;19;0;0;1;0;0;0;0;1;1;0;1;0;1;0;0;0;0;0;0;0;1;1;1;-1;1;1;1
4725;2;0;2;46;2;2;0;0;0;0;0;0;0;1;1;1;0;0;0;0;17;22;0;0;0;0;0,923076923;1;0;1;0;0;0;0;1;0;0;0;0;0;0;0;1;1;1;1;-1;-1;1
4726;2;0;2;83;1;0;0;0;2;0;0;0;0;0;1;0;0;0;1;0;21;55;0;0;0;1;1;0,933333333;0;1;0;0;0;0;1;0;0;0;0;1;0;0;1;-1;-1;1;1;-1;1
4727;4;1;4;140;0;0;0;0;1;0;1;0;0;27;1;1;0;0;0;0;19;32;81;0;1;0;0;0;0;1;0;0;0;0;0;0;0;0;0;0;0;0;1;-1;1;1;1;1;1
4728;2;0;5;142;2;1;0;0;2;0;1;0;0;39;0;1;0;0;0;0;15;113;5;0;0;1;0,97260274;1;0;0;0;1;0;0;1;0;0;0;0;0;0;0;1;-1;-1;0;-1;-1;1
4729;3;1;5;58;0;0;0;0;0;0;0;0;0;0;1;0;0;0;0;0;20;31;0;0;0;0;0;0;0;1;1;0;0;1;0;0;0;0;0;0;0;0;1;0;1;1;1;-1;1
4730;2;0;2;36;0;0;0;0;0;0;0;0;0;0;1;1;0;0;1;0;15;14;0;0;0;0;0;0,785714286;0;1;0;0;0;1;1;0;0;0;0;1;0;0;1;1;-1;1;1;-1;1
4731;2;0;3;58;1;1;0;0;0;0;0;0;0;1;1;1;0;0;0;0;25;26;0;0;0;0;0,923076923;1;0;1;0;0;0;0;1;0;0;0;0;0;0;0;1;0;1;1;-1;-1;1
4732;3;1;4;46;0;0;0;0;0;0;0;0;0;0;1;0;0;0;0;0;17;22;0;0;0;0;0;0;0;1;1;0;0;1;0;0;0;0;0;0;0;0;1;1;1;1;1;-1;1
4733;3;0;4;70;0;0;0;0;0;0;1;0;0;3;1;0;0;0;1;0;10;29;23;0;0;0;0;1;0;1;0;1;0;0;1;0;0;0;0;0;0;0;1;0;1;0;-1;1;1
4734;3;1;5;61;0;0;0;0;0;0;0;0;0;0;1;1;0;0;0;0;16;38;0;0;0;0;0,083333333;0,9;1;1;1;0;0;0,916666667;1;0;0;0;0;1;0;0;1;0;1;1;-1;-1;1
4735;3;1;3;46;0;0;0;0;0;0;0;0;0;0;1;1;0;0;0;0;12;27;0;0;0;0;1;0,105263158;0;1;0;0;0;0;0;0;0;0;0;0;0;0;1;1;1;1;1;-1;1
4736;3;0;2;56;1;0;0;0;0;1;0;0;0;2;1;1;0;0;1;0;18;31;0;0;0;0;0;0,071428571;1;1;0;0;0;1;0;0;0;0;0;1;0;0;1;0;1;1;1;-1;1
4737;3;0;2;57;1;0;0;0;0;1;0;0;0;2;1;1;0;0;0;0;18;32;0;0;0;0;0;0,071428571;1;1;0;0;0;1;0;0;0;0;0;1;0;0;1;0;1;1;1;-1;1
4738;3;0;2;63;1;0;0;0;0;1;0;0;0;2;1;1;0;0;0;0;18;38;0;0;0;0;0;0,071428571;1;1;0;0;0;1;0;0;0;0;0;1;0;0;1;0;1;1;1;-1;1
4739;3;0;2;80;1;0;0;0;0;4;0;0;0;8;1;1;0;0;0;0;18;55;0;0;0;0;0;0,071428571;1;1;0;0;0;0;0;0;0;0;0;0;0;0;1;-1;1;1;1;1;1
4740;2;0;4;64;1;0;0;0;0;0;0;0;0;6;1;1;0;0;1;0;21;36;0;0;0;0;0;0;0;1;1;0;0;1;0;0;0;0;0;0;0;0;1;0;1;1;1;-1;1
4741;3;0;2;60;0;0;0;0;0;0;0;0;0;9;1;1;0;0;0;0;18;35;0;0;0;0;0;0,142857143;1;1;0;0;0;0;0;0;0;0;0;1;0;0;1;0;1;1;1;1;1
4742;3;0;5;69;1;0;0;0;0;0;0;0;0;0;1;0;0;0;0;0;21;41;0;0;0;0;0;0;0;0;0;0;0;0;0;0;0;0;0;1;0;0;1;0;1;1;1;1;1
4743;3;0;4;71;0;0;0;0;0;0;1;0;0;4;1;0;0;0;1;0;10;29;24;0;0;0;0;1;0;1;0;1;0;0;1;0;0;0;0;0;0;0;1;0;1;0;-1;1;1
4744;2;0;4;49;1;1;0;0;0;0;0;0;0;1;1;1;0;0;0;0;15;27;0;0;0;0;0;0;0;1;0;0;0;0;0;0;0;0;0;0;0;0;1;1;1;1;1;1;1
4745;4;0;3;81;0;0;0;0;0;0;1;0;0;0;1;0;0;0;0;0;15;56;2;0;1;0;0;0,2;0;1;1;0;0;0;0;0;0;0;0;0;0;0;1;-1;0;1;1;1;1
4746;2;0;4;42;0;0;0;0;0;0;0;0;0;0;1;1;0;0;0;0;11;24;0;0;0;0;0;0;0;1;0;0;0;0;0;0;0;0;0;0;0;0;1;1;1;1;1;1;1
4747;2;1;2;56;1;1;0;0;0;0;0;0;0;0;0;1;0;0;1;0;43;5;0;0;0;0;0;0;0;0;1;0;0;1;0;0;0;0;0;0;0;0;1;0;1;1;1;-1;1
4748;2;1;2;55;1;1;0;0;0;0;0;0;0;0;0;1;0;0;0;0;41;6;0;0;0;0;0;0;0;0;1;0;0;1;0;0;0;0;0;0;0;0;1;0;1;1;1;-1;1
4749;2;0;3;56;0;0;0;0;0;0;0;0;0;0;1;0;0;0;0;0;15;34;0;0;0;0;1;0,142857143;1;1;0;0;0;0;0;0;0;0;0;1;0;0;1;0;1;1;0;-1;1
4750;3;0;3;52;0;0;0;0;0;0;0;0;0;0;1;0;0;0;1;0;22;23;0;0;0;0;0;0;0;1;0;0;0;0;0;0;0;0;0;0;0;0;1;1;1;1;1;1;1
4751;4;2;4;83;2;2;0;0;0;0;0;0;0;0;1;1;0;0;1;0;43;33;0;0;0;0;0;0;0;1;0;0;0;1;0;0;0;0;0;0;0;1;1;-1;1;1;1;-1;1
4752;3;1;2;44;0;0;0;0;0;0;0;0;0;0;1;0;0;0;0;0;17;20;0;0;0;0;0;0;0;1;1;0;0;0;0;0;0;0;0;0;1;0;1;1;1;1;1;1;1
4753;3;1;1;35;0;0;0;0;0;0;0;0;0;3;1;1;0;0;1;0;18;10;0;0;0;0;1;0;0;1;0;0;0;0;1;0;0;0;0;0;0;0;1;1;1;1;1;-1;1
4754;2;0;4;64;1;0;0;0;0;0;0;0;0;0;1;1;0;0;0;0;24;33;0;0;0;0;0,909090909;0,833333333;0;1;0;0;0;0,090909091;1;0;0;0;0;0;0;0;1;0;0;1;-1;-1;1
4755;3;1;3;54;0;0;0;0;0;0;0;0;0;0;1;0;0;0;1;0;18;29;0;0;1;1;1;0,066666667;0;1;0;0;0;0;1;0;0;0;0;1;0;0;1;0;1;1;1;-1;1
4756;3;0;1;42;0;0;0;0;0;0;0;0;0;0;1;0;0;0;0;0;24;11;0;0;0;0;0;1;0;1;0;0;0;0;0;0;0;0;0;0;0;0;1;1;1;1;-1;1;1
4757;3;0;3;72;0;0;0;0;0;0;0;0;0;3;1;1;0;0;0;0;17;48;0;0;0;0;0;0;0;1;1;0;0;1;0;0;0;0;0;0;0;0;1;0;1;1;1;-1;1
4758;3;1;4;66;1;0;0;0;1;0;0;0;0;0;1;0;0;0;1;0;17;42;0;0;1;0;1;1;0;1;0;0;0;0;1;0;0;0;0;1;0;0;1;0;-1;1;-1;-1;1
4759;1;0;4;73;0;0;0;0;0;0;1;0;0;29;1;1;0;0;0;0;15;42;8;0;0;0;0;1;1;0;0;0;0;0;1;0;1;0;0;0;0;0;1;0;1;1;-1;1;1
4760;2;0;4;72;0;0;0;0;1;0;0;0;0;0;1;0;0;0;0;0;20;45;0;0;0;0;0;0;0;1;0;0;0;0;0;0;0;0;0;0;0;0;1;0;1;1;1;1;1
4761;2;0;3;49;0;0;0;0;0;0;0;0;0;0;1;0;0;0;0;0;11;31;0;0;0;0;0;0,363636364;0;1;0;0;0;1;0;0;0;0;0;0;0;0;1;1;1;1;0;-1;1
4762;2;0;4;57;0;0;0;0;0;0;0;0;0;0;1;0;0;0;1;0;15;35;0;0;0;1;1;1;0;1;0;0;0;0;1;0;0;0;0;0;0;0;1;0;-1;1;-1;-1;1
4763;4;1;7;104;0;0;0;0;1;0;0;0;0;0;1;0;0;0;0;0;20;77;0;0;0;0;0;0,6;0;1;0;0;0;0;0;0;0;0;0;0;0;0;1;-1;1;1;0;1;1
4764;2;0;3;45;0;0;0;0;0;0;0;0;0;0;1;0;0;0;1;0;15;23;0;0;1;1;1;1;0;1;0;0;0;0;1;0;0;0;0;0;0;0;1;1;1;1;-1;-1;1
4765;8;0;8;101;0;0;0;0;1;0;0;0;0;1;1;0;0;0;1;0;19;75;0;0;0;0;0,866666667;0,105263158;0;1;0;0;0;0,133333333;0;0;1;0;1;0;0;0;1;-1;1;1;0;-1;1
4766;3;1;3;63;0;0;0;0;0;0;0;0;0;0;1;1;0;0;0;0;28;28;0;0;0;1;0;0;0;1;0;0;0;1;0;0;0;0;0;0;0;1;1;0;1;1;1;-1;1
4767;3;0;6;85;1;0;0;0;0;0;0;0;0;4;1;1;0;0;1;0;32;46;0;0;0;0;0;0;0;1;0;0;0;0;0;0;0;0;0;0;0;0;1;-1;1;1;1;1;1
4768;3;0;3;47;0;0;0;0;0;0;0;0;0;0;1;0;0;0;1;0;17;23;0;0;0;0;0;0;0;1;0;0;0;0;0;0;0;0;0;0;0;0;1;1;1;1;1;1;1
4769;2;0;4;61;1;0;0;0;0;0;0;0;0;0;1;0;0;0;0;0;20;34;0;0;0;0;0;0;0;1;1;0;0;1;0;0;0;0;0;0;0;0;1;0;1;1;1;-1;1
4770;3;0;7;65;0;0;0;0;0;0;0;0;0;2;1;0;0;0;0;0;13;45;0;0;0;0;0;0;0;1;0;0;0;0;0;0;0;0;0;0;0;0;1;0;1;1;1;1;1
4771;3;1;2;56;1;1;0;0;0;0;0;0;0;0;1;0;0;0;1;0;33;16;0;0;0;1;1;1;0;1;1;0;0;0;1;0;0;0;0;0;0;0;1;0;-1;1;-1;-1;1
4772;3;0;4;64;0;0;0;0;0;0;0;0;0;0;1;0;0;0;0;0;24;33;0;0;0;0;0;0;0;1;0;0;0;0;0;0;0;0;0;0;0;0;1;0;1;1;1;1;1
4773;3;0;3;66;2;0;0;0;0;0;0;0;0;0;1;1;0;0;1;0;18;41;0;0;1;1;0,931818182;1;0;1;0;0;0;0,068181818;1;0;0;0;0;0;0;0;1;0;-1;1;-1;-1;1
4774;2;0;6;65;0;0;0;0;1;0;0;0;0;0;1;1;0;0;0;0;12;46;0;0;0;0;0;0;0;1;1;0;0;0;1;0;0;0;0;0;0;0;1;0;1;1;1;1;1
4775;2;0;6;70;0;0;0;0;0;0;0;0;0;0;1;0;0;0;1;0;19;44;0;0;0;0;0;0;0;1;1;0;0;0;1;0;0;0;0;0;0;0;1;0;1;1;1;1;1
4776;2;0;4;59;0;0;0;0;0;0;0;0;0;0;1;1;0;0;0;0;20;32;0;0;0;0;0;0;0;1;1;0;0;0;1;0;0;0;0;0;0;0;1;0;1;1;1;1;1
4777;2;0;4;64;1;0;0;0;0;1;0;0;0;3;1;1;0;0;0;0;10;47;0;0;0;0;0,923076923;1;0;1;0;0;0;0;1;0;0;0;0;0;0;0;1;0;1;1;-1;-1;1
4778;3;1;8;91;0;0;0;0;1;0;0;0;0;0;1;1;0;0;0;0;22;62;0;0;0;0;0,888888889;0,142857143;0;1;0;0;0;0,111111111;0;0;0;0;0;1;0;0;1;-1;1;1;0;-1;1
4779;4;1;4;52;0;0;0;0;0;0;0;0;0;0;1;1;0;0;1;0;17;28;0;0;0;0;0;0;0;1;1;0;0;1;0;0;0;0;0;0;0;0;1;1;1;1;1;-1;1
4780;3;1;4;71;0;0;0;0;1;0;0;0;0;0;1;1;0;0;1;0;26;38;0;0;0;1;0,918367347;0,875;0;1;0;0;0;0,081632653;1;0;0;0;0;0;0;0;1;0;-1;1;-1;-1;1
4781;2;0;3;47;0;0;0;0;0;0;0;0;0;0;1;0;0;0;1;0;20;20;0;0;0;0;1;1;0;1;0;0;0;0;1;0;0;0;0;0;0;0;1;1;-1;1;1;-1;1
4782;3;1;7;144;2;0;0;0;0;0;0;0;0;20;1;1;0;0;0;0;14;123;0;0;1;0;0;0;0;1;0;0;0;0,960784314;0;0;0;0;0;0;0;0;1;-1;1;1;1;-1;1
4783;2;0;3;48;1;0;0;0;0;0;0;0;0;0;1;0;0;0;0;0;11;30;0;0;0;0;0;0;0;1;0;0;0;0;0;0;0;0;0;0;0;0;1;1;1;1;1;1;1
4784;5;1;2;57;0;0;0;0;0;0;0;0;0;1;1;1;0;0;1;0;29;21;0;0;0;0;0;1;0;1;0;0;0;0;1;0;0;0;0;0;0;0;1;0;-1;1;-1;1;1
4785;2;0;3;66;1;0;0;0;0;0;0;0;0;0;1;1;0;0;0;0;18;41;0;0;0;1;0,911111111;0,857142857;0;1;0;0;0;0,088888889;1;0;0;0;0;0;0;0;1;0;-1;1;-1;-1;1
4786;3;1;5;80;2;0;0;0;0;2;0;0;0;4;1;1;0;0;1;0;27;46;0;0;1;0;0,916666667;0,542168675;0;1;0;0;0;0;1;0;0;0;0;1;0;0;1;-1;0;1;0;-1;1
4787;10;0;4;92;0;0;0;0;0;0;0;0;0;0;1;1;0;0;1;0;22;63;0;0;1;1;0,944444444;0;0;1;0;0;0;0;1;0;0;0;0;1;0;0;1;-1;1;1;1;-1;1
4788;2;0;3;41;0;0;0;0;0;0;0;0;0;0;1;0;0;0;0;0;16;18;0;0;0;0;0;0;0;1;0;0;0;0;0;0;0;0;0;0;0;0;1;1;1;1;1;1;1
4789;2;0;3;53;0;0;0;0;0;0;0;0;0;0;1;0;0;0;0;0;15;31;0;0;0;0;0;0;0;1;0;0;0;0;1;0;0;0;0;0;0;0;1;1;1;1;1;1;1
4790;4;1;5;83;1;0;0;0;0;0;0;0;0;0;1;0;0;0;1;0;20;56;0;0;0;0;0;0;0;1;0;0;0;0;0;0;0;0;0;1;0;0;1;-1;1;1;1;1;1
4791;4;1;6;66;1;0;0;0;0;0;0;0;0;0;1;0;0;0;0;0;20;39;0;0;1;0;0;0;0;1;0;0;0;0;0;0;0;0;0;0;0;0;1;0;1;1;1;1;1
4792;2;0;2;46;0;0;0;0;0;0;0;0;0;0;1;1;0;0;0;0;21;18;0;0;0;0;0;0;0;1;0;0;0;0;0;0;0;0;0;0;0;0;1;1;1;1;1;1;1
4793;8;0;7;95;0;0;0;0;1;0;0;0;0;1;1;0;0;0;1;0;19;69;0;0;0;0;0,866666667;0,105263158;0;1;0;0;0;0,133333333;0;0;1;0;1;0;0;0;1;-1;1;1;0;-1;1
4794;2;0;8;110;0;0;0;0;1;0;0;0;0;4;1;0;0;0;0;0;19;84;0;0;0;0;0,9;0,03125;0;1;0;0;0;0,1;0;0;0;0;0;0;0;0;1;-1;1;1;1;-1;1
4795;2;0;4;56;0;0;0;0;0;0;0;0;0;0;1;0;0;0;0;0;15;34;0;0;0;0;0;0;0;1;1;0;0;1;0;0;0;0;0;0;0;0;1;0;1;1;1;-1;1
4796;2;0;6;172;0;0;0;0;3;0;2;1;0;39;1;1;0;0;1;0;10;88;66;0;2;0;0;0,25;0;1;0;0;0;0;0;0;0;0;0;0;0;0;1;-1;1;1;0;1;1
4797;2;0;7;108;3;0;0;0;0;0;0;0;0;0;1;0;0;0;0;0;12;89;0;0;0;0;0,092592593;0,111111111;1;1;0;1;0;0,185185185;0;0;0;0;0;0;0;0;1;-1;1;0;0;1;1
4798;4;2;6;77;0;0;0;0;0;0;0;0;0;0;1;0;0;0;1;0;28;42;0;0;0;0;0,066666667;0,076923077;0;1;1;0;0;0,866666667;0;0;0;0;0;0;0;0;0;-1;1;1;1;-1;1
4799;2;0;3;46;0;0;0;0;0;0;0;0;0;0;1;0;0;0;0;0;13;26;0;0;0;0;0;1;0;1;0;1;0;1;1;0;0;0;0;0;0;0;1;1;-1;0;-1;-1;1
4800;3;1;2;52;0;0;0;0;0;0;1;0;0;10;1;0;0;0;0;0;14;17;13;0;0;0;0;0;0;0;0;0;0;0;1;0;0;0;0;0;1;0;1;1;1;1;1;1;1
4801;2;0;4;67;1;0;0;0;0;1;0;0;0;3;1;1;0;0;0;0;10;50;0;0;0;0;0,923076923;1;0;1;0;0;0;0;1;0;0;0;0;0;0;0;1;0;1;1;-1;-1;1
4802;3;1;4;56;0;0;0;0;0;0;0;0;0;0;1;1;0;0;0;0;18;31;0;0;0;0;0;0;0;1;1;0;0;1;0;0;0;0;0;0;0;0;1;0;1;1;1;-1;1
4803;3;1;2;47;2;0;0;0;0;0;0;0;0;0;1;0;0;0;1;0;19;21;0;0;0;0;0,933333333;1;0;1;0;1;0;0;1;0;0;0;0;0;0;0;1;1;1;0;-1;-1;1
4804;2;0;7;97;1;0;0;0;0;0;0;0;0;4;1;1;0;0;0;0;20;70;0;0;0;0;0;0;0;1;1;0;0;1;0;0;0;0;0;0;0;0;1;-1;1;1;1;-1;1
4805;11;0;4;101;0;0;0;0;0;0;0;0;0;4;1;1;0;0;1;0;22;72;0;0;1;1;0,944444444;0;0;1;0;0;0;0;1;0;0;0;0;1;0;0;1;-1;1;1;1;-1;1
4806;2;0;3;47;0;0;0;0;0;0;0;0;0;0;1;1;0;0;0;0;15;25;0;0;1;0;0;1;0;1;0;0;0;1;0;0;0;0;0;0;0;0;1;1;1;1;-1;-1;1
4807;3;1;4;57;0;0;0;0;0;0;0;0;0;0;1;0;0;0;0;0;25;25;0;0;0;0;0;0;0;1;1;0;0;1;0;0;0;0;0;0;0;0;1;0;1;1;1;-1;1
4808;4;0;3;52;0;0;0;0;0;0;0;0;0;0;1;0;0;0;1;0;21;24;0;0;0;0;0,866666667;0,105263158;0;1;0;0;0;0,133333333;0;0;1;0;1;0;0;0;1;1;1;1;0;-1;1
4809;2;0;4;55;1;0;0;0;0;0;0;0;0;0;1;0;0;0;1;0;15;33;0;0;0;0;0;0;0;1;0;0;0;0;0;0;0;0;0;0;0;0;1;0;1;1;1;1;1
4810;2;0;3;42;0;0;0;0;0;0;0;0;0;0;1;1;0;0;0;0;16;19;0;0;0;0;0;0,785714286;0;1;0;0;0;1;1;0;0;0;0;1;0;0;1;1;-1;1;1;-1;1
4811;3;0;3;39;0;0;0;0;0;0;0;0;0;0;1;0;0;0;0;0;18;14;0;0;0;0;0,923076923;1;0;1;0;0;0;0;1;0;0;0;0;0;0;0;1;1;1;1;-1;-1;1
4812;4;1;3;48;0;0;0;0;0;0;0;0;0;0;1;0;0;0;0;0;22;19;0;0;0;0;1;1;0;1;0;0;0;0;1;0;0;0;0;0;0;0;1;1;-1;1;-1;-1;1
4813;3;1;1;33;0;0;0;0;0;0;0;0;0;1;1;0;0;0;0;0;20;6;0;0;0;0;1;1;0;1;0;1;0;0;1;0;0;0;0;1;0;0;1;1;-1;0;1;-1;1
4814;4;1;3;48;0;0;0;0;0;0;0;0;0;0;1;0;0;0;1;0;22;19;0;0;0;0;1;1;0;1;0;0;0;0;1;0;0;0;0;0;0;0;1;1;-1;1;-1;-1;1
4815;4;1;3;43;0;0;0;0;0;0;0;0;0;0;1;0;0;0;0;0;22;14;0;0;0;0;0,923076923;1;0;1;0;0;0;0;1;0;0;0;0;0;0;0;1;1;1;1;-1;-1;1
4816;4;1;3;44;0;0;0;0;0;0;0;0;0;0;1;0;0;0;0;0;22;15;0;0;0;0;0,923076923;1;0;1;0;0;0;0;1;0;0;0;0;0;0;0;1;1;1;1;-1;-1;1
4817;2;0;3;46;1;1;0;0;0;0;0;0;0;0;1;0;0;0;1;0;12;27;0;0;1;1;1;1;0;1;0;0;0;0;1;0;0;0;0;0;0;0;1;1;-1;1;-1;-1;1
4818;3;1;2;42;0;0;0;0;0;0;0;0;0;0;1;0;0;0;0;0;18;17;0;0;0;0;0;1;0;1;1;0;0;1;1;0;0;0;0;0;0;0;1;1;-1;1;-1;-1;1
4819;2;0;4;59;1;0;0;0;0;0;0;0;0;0;1;1;0;0;1;0;22;30;0;0;0;0;0;0;0;1;0;0;0;0;0;0;0;0;0;0;0;0;1;0;1;1;1;1;1
4820;6;0;6;188;6;0;0;0;0;0;0;0;0;43;1;1;0;0;1;0;25;156;0;0;1;0;0,818181818;0,173913044;1;1;0;0;0;0,090909091;0;0;0;0;0;1;0;0;1;-1;1;1;0;-1;1
4821;2;0;4;67;0;0;0;0;0;0;0;0;0;0;1;1;0;0;0;0;23;37;0;0;0;0;0;0,785714286;0;1;0;0;0;1;1;0;0;0;0;1;0;0;1;0;-1;1;1;-1;1
4822;2;0;3;46;0;0;0;0;0;0;0;0;0;1;1;0;0;0;0;0;13;26;0;0;0;0;0;0;0;1;0;0;0;0;0;0;0;0;0;0;0;0;1;1;1;1;1;1;1
4823;2;0;3;44;0;0;0;0;0;0;0;0;0;1;1;0;0;0;1;0;13;24;0;0;0;0;0;0;0;1;0;0;0;0;0;0;0;0;0;0;0;0;1;1;1;1;1;1;1
4824;2;0;3;43;0;0;0;0;0;0;0;0;0;1;1;0;0;0;1;0;13;23;0;0;0;0;0;0;0;1;0;0;0;0;0;0;0;0;0;0;0;0;1;1;1;1;1;1;1
4825;3;1;5;57;0;0;0;0;0;0;0;0;0;0;1;0;0;0;1;0;20;30;0;0;0;0;0;0;0;1;1;0;0;1;0;0;0;0;0;0;0;0;1;0;1;1;1;-1;1
4826;2;1;2;57;1;1;0;0;0;0;0;0;0;0;0;1;0;0;0;0;41;8;0;0;0;0;0;0;0;0;1;0;0;1;0;0;0;0;0;0;0;0;1;0;1;1;1;-1;1
4827;2;0;3;44;0;0;0;0;0;0;0;0;0;1;1;0;0;0;0;0;13;24;0;0;0;0;0;0;0;1;0;0;0;0;0;0;0;0;0;0;0;0;1;1;1;1;1;1;1
4828;3;1;5;64;0;0;0;0;0;0;0;0;0;0;1;0;0;0;1;0;18;39;0;0;0;0;0;0;0;1;0;0;0;0;0;0;0;0;0;0;0;0;1;0;1;1;1;1;1
4829;5;1;4;61;0;0;0;0;1;0;0;0;0;1;1;0;0;0;1;0;10;44;0;0;1;1;1;0,25;0;1;0;0;0;0;1;0;0;0;0;0;0;0;1;0;1;1;0;-1;1
4830;5;1;5;62;0;0;0;0;0;0;0;0;0;1;1;0;0;0;1;0;18;37;0;0;1;0;0,909090909;0,384615385;1;1;0;0;0;0,090909091;1;0;0;0;0;1;0;0;1;0;0;1;0;-1;1
4831;5;0;3;61;0;0;0;0;0;0;0;0;0;0;1;0;0;0;1;0;20;34;0;0;1;1;0,923076923;1;1;1;0;0;0;0;1;0;0;0;0;0;0;0;1;0;1;1;-1;-1;1
4832;3;1;3;55;1;1;0;0;0;0;0;0;0;0;1;0;0;0;1;0;24;24;0;0;0;0;0,090909091;1;0;1;0;0;0;0,909090909;0;0;0;0;0;0;0;0;1;0;-1;1;-1;-1;1
4833;3;1;4;67;2;1;0;0;0;0;0;0;0;4;1;1;0;0;0;0;24;36;0;0;0;0;0;0,115384615;0;1;1;0;1;0,95890411;0;0;0;0;0;1;0;0;1;0;1;-1;1;-1;1
4834;2;0;2;44;0;0;0;0;0;0;0;0;0;0;1;0;0;0;1;0;21;16;0;0;0;0;0;0;0;1;1;0;0;0;0;0;0;0;0;0;0;0;1;1;1;1;1;1;1
4835;3;1;3;43;0;0;0;0;0;0;0;0;0;0;1;0;0;0;0;0;16;20;0;0;0;0;0,923076923;1;0;1;0;0;0;0;1;0;0;0;0;0;0;0;1;1;1;1;-1;-1;1
4836;3;0;5;54;2;1;0;0;0;0;0;0;0;0;1;0;0;0;1;0;15;32;0;0;0;0;0;0;0;1;1;0;0;1;0;0;0;0;0;0;0;0;1;0;1;1;1;-1;1
4837;3;1;2;52;0;0;0;0;0;0;0;0;0;0;1;0;0;0;0;0;28;17;0;0;0;1;0;0;0;1;0;0;0;1;0;0;0;0;0;0;0;1;1;1;1;1;1;-1;1
4838;2;0;4;50;0;0;0;0;0;0;0;0;0;0;1;0;0;0;0;0;18;25;0;0;0;0;0;0;0;1;1;0;0;1;0;0;0;0;0;0;0;0;1;1;1;1;1;-1;1
4839;2;0;1;49;0;0;0;0;0;0;0;0;0;0;1;1;0;0;0;0;28;14;0;0;0;0;0,923076923;1;0;1;0;0;0;0;1;0;0;0;0;0;0;0;1;1;1;1;-1;-1;1
4840;4;1;4;69;1;0;0;0;0;0;0;0;0;0;1;1;0;0;1;0;22;40;0;0;0;0;0;0;0;1;0;0;0;0;0;0;0;0;0;0;0;0;1;0;1;1;1;1;1
4841;2;0;2;45;1;1;0;0;0;0;0;0;0;0;1;0;0;0;0;0;12;26;0;0;0;0;0;0;0;1;0;0;0;0;0;0;0;0;0;0;0;0;1;1;1;1;1;1;1
4842;2;0;2;53;1;1;0;0;0;0;0;0;0;0;1;1;0;0;0;0;29;17;0;0;0;0;0;0;0;1;0;0;0;0;0;0;0;0;0;0;0;0;1;1;1;1;1;1;1
4843;5;1;9;110;0;0;0;0;0;0;0;0;0;0;1;0;0;0;1;0;16;87;0;0;1;1;0,994301994;0,98;1;1;1;1;1;0,005698006;1;0;1;0;0;0;0;0;1;-1;-1;0;-1;-1;1
4844;3;1;3;47;1;0;0;0;0;0;0;0;0;0;1;0;0;0;0;0;21;19;0;0;0;0;0,923076923;1;0;1;0;0;0;0;1;0;0;0;0;0;0;0;1;1;1;1;-1;-1;1
4845;2;0;3;52;1;0;0;0;0;0;0;0;0;0;1;1;0;0;0;0;14;31;0;0;1;0;0,911111111;0,875;0;1;0;0;0;0,088888889;1;0;0;0;0;0;0;0;1;1;-1;1;-1;-1;1
4846;2;0;3;43;1;0;0;0;0;0;0;0;0;0;1;0;0;0;0;0;17;19;0;0;0;0;0,923076923;1;0;1;0;0;0;0;1;0;0;0;0;0;0;0;1;1;1;1;-1;-1;1
4847;2;0;3;49;0;0;0;0;0;0;0;0;0;0;1;0;0;0;0;0;14;28;0;0;1;0;0,911111111;0,857142857;0;1;0;0;0;0,088888889;1;0;0;0;0;0;0;0;1;1;-1;1;-1;-1;1
4848;5;0;4;74;0;0;0;0;1;0;0;0;0;0;1;1;0;0;1;0;17;50;0;0;1;0;0;0;0;1;0;0;0;0,5;0;0;0;0;0;0;0;0;1;0;1;1;1;0;1
4849;3;0;4;53;0;0;0;0;0;0;0;0;0;0;1;0;0;0;1;0;18;28;0;0;0;0;0;0;0;1;1;0;0;1;0;0;0;0;0;0;0;0;1;1;1;1;1;-1;1
4850;4;1;4;57;0;0;0;0;0;0;0;0;0;0;1;0;0;0;1;0;22;28;0;0;0;0;0;0;0;1;1;0;0;1;0;0;0;0;0;0;0;0;1;0;1;1;1;-1;1
4851;3;0;10;114;1;0;0;0;2;0;0;0;0;0;1;1;0;0;0;0;26;81;0;0;0;0;0;0;0;1;0;0;0;0;0;0;0;0;0;0;0;0;1;-1;1;1;1;1;1
4852;2;0;4;62;1;0;0;0;0;0;0;0;0;0;1;0;0;0;0;0;20;35;0;0;0;0;0,923076923;1;0;1;0;0;0;0;1;0;0;0;0;0;0;0;1;0;1;1;-1;-1;1
4853;2;0;2;32;0;0;0;0;0;0;0;0;0;1;1;0;0;0;0;0;12;13;0;0;0;0;0;1;0;1;0;0;0;0;1;0;0;0;0;0;0;0;1;1;1;1;-1;1;1
4854;2;0;6;130;0;0;0;0;0;0;0;3;0;25;1;1;0;0;0;0;16;107;0;0;0;0;0;0,115384615;0;1;1;0;1;0,95890411;0;0;0;0;0;1;0;0;1;-1;1;-1;1;-1;1
4855;1;0;7;132;2;1;0;0;0;0;1;0;0;40;1;1;0;0;1;0;14;76;34;0;0;0;0;0;0;1;0;0;0;0;0;0;0;0;0;0;0;0;1;-1;1;1;1;1;1
4856;1;0;7;132;2;1;0;0;0;0;1;0;0;43;1;1;0;0;1;0;14;76;34;0;0;0;0;0;0;1;0;0;0;0;0;0;0;0;0;0;0;0;1;-1;1;1;1;1;1
4857;2;0;2;43;0;0;0;0;0;0;0;0;0;3;1;1;0;0;0;0;19;17;0;0;1;0;0,75;0,222222222;1;1;0;0;0;0,125;0;0;0;0;0;0;0;0;1;1;1;1;0;-1;1
4858;2;0;4;57;1;0;0;0;0;0;0;0;0;0;1;0;0;0;0;0;17;33;0;0;0;0;0,875;0,942307692;0;1;0;0;0;0;1;0;0;0;0;0;0;0;1;0;-1;1;-1;-1;1
4859;3;1;4;50;0;0;0;0;0;0;0;0;0;0;1;1;0;0;1;0;13;30;0;0;0;0;0,736842105;0,9375;0;1;1;0;1;0;1;0;0;0;1;0;0;0;1;1;-1;-1;0;-1;1
4860;2;0;3;42;0;0;0;0;0;0;0;0;0;0;1;0;0;0;0;0;12;23;0;0;0;0;0;0;0;1;0;0;0;1;0;0;0;0;0;0;0;1;1;1;1;1;1;-1;1
4861;2;0;4;48;0;0;0;0;0;0;0;0;0;0;1;0;0;0;0;0;12;29;0;0;0;0;0;0;0;1;0;0;0;1;0;0;0;0;0;0;0;1;1;1;1;1;1;-1;1
4862;2;0;6;66;0;0;0;0;0;0;0;0;0;0;1;0;0;0;0;0;15;44;0;0;1;0;0;0,285714286;0;1;0;0;0;0;0;0;0;0;0;0;0;0;1;0;1;1;-1;1;1
4863;3;0;2;39;0;0;0;0;0;0;0;0;0;0;1;0;0;0;0;0;17;15;0;0;0;0;0;0;0;1;0;0;0;1;0;0;0;0;0;0;0;1;1;1;1;1;1;-1;1
4864;2;0;4;61;0;0;0;0;0;0;0;0;0;0;1;1;0;0;0;0;23;31;0;0;0;0;0;0,785714286;0;1;0;0;0;1;1;0;0;0;0;1;0;0;1;0;-1;1;1;-1;1
4865;4;1;3;57;1;0;0;0;0;0;0;0;0;2;1;0;0;0;0;0;20;30;0;0;0;0;0,9;1;0;1;0;0;0;0,1;1;1;0;0;0;1;0;0;1;0;-1;1;-1;-1;1
4866;4;0;4;76;4;2;0;0;0;0;0;0;0;0;1;0;0;0;1;0;25;44;0;0;1;1;0,933333333;1;0;1;0;0;0;0,066666667;1;0;0;0;0;0;0;0;1;-1;-1;1;-1;-1;1
4867;2;0;2;46;0;0;0;0;0;0;0;0;0;0;1;0;0;0;1;0;21;18;0;0;0;0;0;0;0;1;1;0;0;0;0;0;0;0;0;0;0;0;1;1;1;1;1;1;1
4868;3;1;5;59;0;0;0;0;0;0;0;0;0;0;1;0;0;0;0;0;20;32;0;0;0;0;0;0;0;1;1;0;0;1;0;0;0;0;0;0;0;0;1;0;1;1;1;-1;1
4869;9;0;3;90;0;0;0;0;0;3;0;0;0;6;1;1;0;0;1;0;11;72;0;0;3;0;0;0;0;1;1;0;0;0;0;0;0;0;0;0;0;0;1;-1;1;1;1;1;1
4870;2;0;2;49;0;0;0;0;0;0;0;0;0;0;1;1;0;0;0;0;11;31;0;0;0;0;0;0,833333333;0;1;0;0;0;0;0;0;0;0;0;0;0;0;1;1;-1;1;1;1;1
4871;3;1;4;72;0;0;0;0;0;0;0;0;0;0;1;0;0;0;0;0;15;50;0;0;0;0;0;0;0;1;1;0;0;0;0;0;0;0;0;0;1;0;1;0;1;1;1;1;1
4872;4;1;3;65;1;0;0;0;0;0;0;0;0;0;1;1;0;0;0;0;24;34;0;0;0;0;0;0,071428571;1;1;0;0;0;0;0;0;0;0;0;0;0;0;1;0;1;1;1;1;1
4873;2;0;3;43;0;0;0;0;0;0;0;0;0;0;1;1;0;0;0;0;11;25;0;0;0;0;0,923076923;1;0;1;0;0;0;0;1;0;0;0;0;0;0;0;1;1;1;1;-1;-1;1
4874;2;0;3;43;0;0;0;0;0;0;0;0;0;0;1;1;0;0;0;0;11;25;0;0;0;0;0,923076923;1;0;1;0;0;0;0;1;0;0;0;0;0;0;0;1;1;1;1;-1;-1;1
4875;4;1;3;43;0;0;0;0;0;0;0;0;0;0;1;0;0;0;0;0;22;14;0;0;0;0;0,923076923;1;0;1;0;0;0;0;1;0;0;0;0;0;0;0;1;1;1;1;-1;-1;1
4876;6;1;3;65;0;0;0;0;0;0;0;0;0;0;1;0;0;0;1;0;24;34;0;0;1;1;0,923076923;1;1;1;0;0;0;0;1;0;0;0;0;0;0;0;1;0;1;1;-1;-1;1
4877;2;1;2;48;1;1;0;0;0;0;0;0;0;0;0;1;0;0;1;0;35;5;0;0;0;0;0;0;0;0;1;0;0;1;0;0;0;0;0;0;0;0;1;1;1;1;1;-1;1
4878;2;0;4;63;1;0;0;0;0;0;0;0;0;0;1;0;0;0;0;0;20;36;0;0;0;0;0,923076923;1;0;1;0;0;0;0;1;0;0;0;0;0;0;0;1;0;1;1;-1;-1;1
4879;3;1;2;41;1;1;0;0;0;0;0;0;0;0;1;0;0;0;0;0;14;20;0;0;0;0;0;0;0;1;0;1;0;0;0;0;0;0;0;0;0;0;1;1;1;0;1;1;1
4880;4;2;2;71;0;0;0;0;0;0;2;1;0;0;1;0;0;0;0;0;22;16;25;0;1;0;0;0,263157895;0;1;0;0;0;0;0;0;0;0;0;1;0;0;1;0;1;1;0;1;1
4881;2;0;4;55;0;0;0;0;0;0;0;0;0;0;1;1;0;0;1;0;20;28;0;0;0;0;0;1;1;1;0;1;0;0;1;0;0;0;0;0;0;0;1;0;-1;0;-1;1;1
4882;2;0;5;44;0;0;0;0;0;0;0;0;0;0;1;0;0;0;1;0;12;25;0;0;0;0;0;0;0;1;0;0;0;0;0;0;0;0;0;0;0;0;1;1;1;1;1;1;1
4883;3;1;3;53;0;0;0;0;0;0;0;0;0;0;1;0;0;0;1;0;24;22;0;0;0;0;0,039130435;1;0;1;0;0;0;0,947826087;0;0;0;0;0;1;0;0;1;1;-1;1;-1;-1;1
4884;2;0;5;76;2;0;0;0;0;2;0;0;0;4;1;1;0;0;1;0;23;46;0;0;1;0;0,916666667;0,542168675;0;1;0;0;0;0;1;0;0;0;0;1;0;0;1;-1;0;1;0;-1;1
4885;3;1;3;92;0;0;0;0;0;0;1;0;0;23;1;1;0;0;0;0;26;51;7;0;0;0;0;1;0;1;1;0;0;0;1;0;0;0;0;0;0;0;1;-1;-1;1;-1;1;1
4886;3;0;3;62;1;0;0;0;0;0;0;0;0;3;1;1;0;0;1;0;20;35;0;0;1;0;0;0;0;1;0;0;0;0,960784314;0;0;0;0;0;0;0;0;1;0;1;1;1;-1;1
4887;3;1;3;77;1;1;0;0;0;0;0;0;0;0;0;1;0;0;0;0;43;26;0;0;0;0;0;0;0;0;1;0;0;0;0;0;0;0;0;0;0;0;1;-1;1;1;1;1;1
4888;3;1;4;58;0;0;0;0;1;0;0;0;0;1;1;0;0;0;1;0;12;39;0;0;0;1;1;1;0;1;0;0;0;0;1;0;0;0;0;0;0;0;1;0;-1;1;-1;-1;1
4889;2;1;2;98;0;0;0;0;0;0;0;0;0;34;0;1;0;0;1;0;56;34;0;0;0;0;0;0;0;0;0;0;0;0;1;0;0;0;0;0;1;0;1;-1;1;1;1;1;1
4890;3;1;3;38;0;0;0;0;0;0;0;0;0;0;1;0;0;0;0;0;10;21;0;0;0;0;0;0;0;0;0;0;0;0;0;0;0;0;0;1;0;0;1;1;1;1;1;1;1
4891;3;1;4;79;1;0;0;0;0;0;0;0;0;0;1;1;0;0;0;0;22;50;0;0;0;0;0,133333333;0,133333333;1;1;1;0;0;0,866666667;0;0;0;0;0;0;0;0;1;-1;1;1;0;-1;1
4892;2;0;5;52;1;1;0;0;0;0;0;0;0;0;1;0;0;0;0;0;15;30;0;0;0;0;0;1;0;1;1;0;0;1;1;0;0;0;0;0;0;0;1;1;-1;1;-1;-1;1
4893;2;0;5;48;0;0;0;0;0;0;0;0;0;0;1;0;0;0;1;0;11;30;0;0;0;0;0;0;0;1;0;0;0;0;0;0;0;0;0;0;0;0;1;1;1;1;1;1;1
4894;3;1;3;61;0;0;0;0;0;0;1;0;0;0;1;0;0;0;1;0;23;24;6;0;0;0;0;0,666666667;1;1;0;0;0;0;0;0;0;0;0;0;0;0;1;0;-1;1;0;1;1
4895;3;1;4;64;1;0;0;0;0;0;0;0;0;0;1;0;0;0;0;0;15;42;0;0;1;0;0,970588235;1;1;1;0;0;0;0;1;0;0;0;0;0;0;0;1;0;-1;1;-1;-1;1
4896;3;1;2;55;0;0;0;0;0;0;0;0;0;0;1;1;0;0;0;0;29;19;0;0;1;0;0,888888889;0;0;1;0;0;0;0,111111111;0;0;0;0;0;0;0;0;1;0;1;1;1;-1;1
4897;4;0;4;77;4;2;0;0;0;0;0;0;0;0;1;1;0;0;1;0;25;45;0;0;1;1;0,933333333;1;0;1;0;0;0;0,066666667;1;0;0;0;0;0;0;0;1;-1;-1;1;-1;-1;1
4898;3;0;5;65;2;1;0;0;0;0;0;0;0;0;1;0;0;0;0;0;15;43;0;0;0;1;1;0,888888889;0;1;0;0;0;0;1;0;0;0;0;0;0;0;1;0;-1;1;0;-1;1
4899;5;0;5;74;2;1;0;0;0;0;0;0;0;1;1;1;0;0;1;0;15;52;0;0;0;0;0;0;0;1;0;0;0;0;0;0;0;0;0;1;0;0;1;0;1;1;1;1;1
4900;3;0;5;63;3;1;0;0;0;0;0;0;0;0;1;0;0;0;1;0;15;41;0;0;0;1;1;1;1;1;0;0;0;0;1;0;0;0;0;0;0;0;1;0;-1;1;-1;-1;1
4901;2;1;3;38;0;0;0;1;0;0;0;0;0;0;1;1;0;0;1;0;14;17;0;0;0;0;0;0;0;0;0;0;0;0;1;0;0;0;0;0;1;0;1;1;1;1;1;1;1
4902;6;0;3;58;0;0;0;0;0;0;0;0;0;0;1;0;0;0;1;0;10;41;0;0;0;0;1;0,166666667;0;1;0;1;0;0;1;0;0;0;0;0;0;0;1;0;1;0;0;-1;1
4903;2;1;5;75;0;0;0;0;0;0;0;0;0;24;1;1;0;0;1;0;13;28;26;0;0;0;0;0;0;1;1;0;0;0;0;1;0;0;0;0;0;0;1;0;1;1;1;1;1
4904;2;1;5;48;0;0;0;0;0;0;0;0;0;0;1;1;0;0;1;0;13;28;0;0;0;0;0;0;0;1;1;0;0;0,947368421;0;1;0;0;0;0;0;0;1;1;1;1;1;-1;1
4905;3;1;6;78;0;0;0;0;0;0;0;0;0;0;1;0;0;0;1;0;21;50;0;0;0;0;0;0,8;0;1;0;0;0;1;1;0;0;0;0;1;0;0;1;-1;-1;1;0;-1;1
4906;3;1;3;41;0;0;0;0;0;0;0;0;0;0;1;0;0;0;0;0;17;17;0;0;0;0;0;0;0;1;0;0;0;0;0;0;0;0;0;0;1;0;1;1;1;1;1;1;1
4907;4;1;5;60;0;0;0;0;0;0;0;0;0;0;1;1;0;0;0;0;14;39;0;0;1;0;0,023809524;0,2;1;1;1;1;0;0,952380952;0;0;0;0;0;1;0;0;1;0;0;0;0;-1;1
4908;3;1;7;92;1;0;0;0;0;0;0;0;0;22;1;1;0;0;1;0;26;59;0;0;0;0;0;0;0;1;0;0;0;0;0;0;0;0;0;0;0;0;1;-1;1;1;1;1;1
4909;9;1;5;93;0;0;0;0;0;0;0;0;0;0;1;0;0;0;1;0;16;70;0;0;1;0;0;0;0;1;1;0;1;0,971428571;0;0;0;0;0;0;0;0;1;-1;1;-1;1;-1;1
4910;2;1;6;63;0;0;0;0;0;0;0;0;0;0;1;0;0;0;0;0;27;29;0;0;0;0;0;0;0;1;0;0;0;0;0;0;0;0;0;0;0;0;1;0;1;1;1;1;1
4911;2;1;3;30;0;0;0;0;0;0;0;0;0;0;1;0;0;0;1;0;14;9;0;0;0;0;0,444444444;0;0;1;1;0;0;0;0;0;0;0;0;0;0;0;1;1;1;1;1;0;1
4912;2;1;9;101;0;0;0;0;1;0;0;0;0;24;1;1;0;0;1;0;13;81;0;0;0;0;0;0;0;1;0;0;0;0;0;0;0;0;0;0;0;0;1;-1;1;1;1;1;1
4913;2;1;3;43;1;0;0;0;0;0;0;0;0;0;1;0;0;0;0;0;15;21;0;0;0;0;0;0;0;1;0;0;0;0;0;0;0;0;0;0;0;0;1;1;1;1;1;1;1
4914;3;1;7;105;0;0;0;0;1;1;0;0;0;21;1;1;0;0;1;0;13;85;0;0;0;0;1;1;0;1;0;0;0;0;1;0;0;0;0;0;0;0;1;-1;-1;1;-1;-1;1
4915;3;1;4;45;0;0;0;0;0;0;0;0;0;0;1;0;0;0;0;0;18;20;0;0;0;0;0;0;0;0;0;0;0;0;1;0;0;0;0;0;1;0;1;1;1;1;1;1;1
4916;2;1;2;47;1;0;0;0;0;0;0;0;0;1;0;0;0;0;0;0;24;15;0;0;0;0;0;0;0;0;1;0;0;0;0;0;0;0;0;0;0;0;1;1;1;1;1;1;1
4917;2;1;5;49;1;0;0;0;0;0;0;0;0;0;1;0;0;0;0;0;15;27;0;0;0;0;0;0;0;1;0;0;0;0;0;0;0;0;0;0;0;0;1;1;1;1;1;1;1
4918;3;2;3;117;5;3;0;0;0;0;0;0;0;18;1;1;0;1;0;0;52;58;0;0;0;0;0;0;0;1;0;0;0;0;0;0;0;0;0;0;0;0;1;-1;1;1;1;1;1
4919;3;1;4;69;1;0;0;0;0;0;0;0;0;5;1;1;0;0;0;0;19;43;0;0;0;0;1;1;0;1;0;0;0;0;1;0;0;0;0;1;0;0;1;0;-1;1;1;-1;1
4920;2;1;3;35;0;0;0;0;0;0;0;0;0;1;1;0;0;0;0;0;14;14;0;0;0;0;0;0;0;1;0;0;0;0;0;0;0;0;0;0;0;0;1;1;1;1;1;1;1
4921;2;1;9;101;0;0;0;0;1;0;0;0;0;20;1;1;0;0;1;0;13;81;0;0;0;0;0;0;0;1;0;0;0;0;0;0;0;0;0;0;0;0;1;-1;1;1;1;1;1
4922;2;1;9;101;0;0;0;0;1;0;0;0;0;16;1;1;0;0;1;0;13;81;0;0;0;0;0;0;0;1;0;0;0;0;0;0;0;0;0;0;0;0;1;-1;1;1;1;1;1
4923;7;6;3;62;0;0;0;0;0;0;0;0;0;6;1;1;0;1;0;0;46;9;0;0;2;0;0;0;0;1;0;0;0;1;0;0;0;0;0;0;0;0;-1;0;1;1;1;-1;1
4924;3;1;5;71;2;0;0;0;0;0;0;0;0;0;1;0;0;0;0;0;17;47;0;0;0;0;0;0;0;1;0;0;0;0;0;0;0;0;0;0;0;0;1;0;1;1;1;1;1
4925;2;1;3;42;0;0;0;1;0;0;0;0;0;0;1;0;0;0;1;0;18;17;0;0;0;0;0;0;0;0;0;0;0;0;1;0;0;0;0;0;1;0;1;1;1;1;1;1;1
4926;3;1;3;44;2;2;0;0;0;0;0;0;0;4;1;1;0;0;0;0;23;14;0;0;0;0;0;0;0;0;0;0;0;0;0;0;0;0;0;1;0;0;1;1;1;1;1;1;1
4927;5;1;3;97;1;0;0;0;0;0;0;0;0;18;1;1;0;0;0;0;21;69;0;0;3;0;0;0;0;1;0;0;0;1;0;0;0;0;0;0;0;0;1;-1;1;1;1;-1;1
4928;3;1;3;44;2;2;0;0;0;0;0;0;0;4;1;1;0;0;0;0;23;14;0;0;0;0;0;0;0;0;0;0;0;0;0;0;0;0;0;1;0;0;1;1;1;1;1;1;1
4929;2;1;2;30;0;0;0;0;0;0;0;0;0;0;1;1;0;0;0;0;18;5;0;0;0;1;0,857142857;1;1;1;0;0;0;0,190476191;1;0;0;0;0;1;0;0;1;1;-1;1;-1;-1;1
4930;2;1;9;101;0;0;0;0;1;0;0;0;0;20;1;1;0;0;1;0;13;81;0;0;0;0;0;0;0;1;0;0;0;0;0;0;0;0;0;0;0;0;1;-1;1;1;1;1;1
4931;2;1;7;74;0;0;0;0;0;0;0;0;0;1;1;1;0;0;0;0;28;39;0;0;0;0;0;0,785714286;0;1;0;0;0;1;1;0;0;0;0;1;0;0;1;0;-1;1;1;-1;1
4932;2;1;3;43;0;0;0;0;0;0;0;0;0;1;1;0;0;0;0;0;23;13;0;0;0;0;0,074074074;0;0;1;1;0;1;0,925925926;0;0;0;0;0;0;0;0;1;1;1;-1;1;-1;1
4933;2;1;3;45;0;0;0;0;0;1;0;0;0;2;1;1;0;0;0;0;15;23;0;0;0;0;0;0,0625;0;1;0;0;0;0;0;0;0;0;0;1;0;0;1;1;1;1;0;1;1
4934;2;1;3;35;0;0;0;0;1;0;0;0;0;0;1;0;0;0;0;0;17;11;0;0;0;0;0;0;0;1;0;0;0;0;0;0;0;0;0;0;0;0;1;1;1;1;1;1;1
4935;3;1;5;69;2;1;0;0;0;0;0;0;0;0;1;1;0;0;0;0;24;38;0;0;0;0;1;1;0;1;0;1;0;0;1;0;0;0;0;1;0;0;1;0;-1;0;1;-1;1
4936;4;1;8;109;0;0;0;0;0;0;0;0;0;21;1;1;0;0;0;0;21;81;0;0;1;0;0,647058824;0;0;1;0;0;0;0,235294118;0;0;0;0;0;0;0;0;1;-1;1;1;1;-1;1
4937;3;1;5;61;0;0;0;0;0;0;0;0;0;0;1;0;0;0;0;0;28;26;0;0;0;0;0;0;0;1;0;0;0;0;0;0;0;0;0;0;0;0;1;0;1;1;1;1;1
4938;2;1;2;37;1;1;0;0;0;0;0;0;0;2;1;0;0;0;0;0;20;10;0;0;0;0;0;0;0;1;0;0;0;0;0;0;0;0;0;0;0;0;1;1;1;1;1;1;1
4939;3;1;1;37;0;0;0;0;0;0;0;0;0;0;1;0;0;0;1;0;22;8;0;0;0;0;0;0;0;0;0;0;0;0;1;0;0;0;0;0;1;0;1;1;1;1;1;1;1
4940;2;1;7;99;3;1;0;0;0;0;0;0;0;20;1;1;0;0;0;0;19;73;0;0;0;0;0;0;0;1;0;0;0;0;0;0;0;0;0;0;0;0;1;-1;1;1;1;1;1
4941;2;1;6;95;1;0;0;0;0;0;0;0;0;20;1;1;0;0;0;0;35;53;0;0;0;0;0;0,071428571;0;1;0;0;0;1;0;0;0;0;0;1;0;0;1;-1;1;1;1;-1;1
4942;2;1;6;95;1;0;0;0;0;0;0;0;0;21;1;1;0;0;0;0;35;53;0;0;0;0;0;0,071428571;0;1;0;0;0;1;0;0;0;0;0;1;0;0;1;-1;1;1;1;-1;1
4943;2;1;6;95;1;0;0;0;0;0;0;0;0;20;1;1;0;0;0;0;35;53;0;0;0;0;0;0,071428571;0;1;0;0;0;1;0;0;0;0;0;1;0;0;1;-1;1;1;1;-1;1
4944;2;1;4;47;1;0;0;0;0;0;0;0;0;1;1;0;0;0;0;0;12;28;0;0;0;0;0;0;0;1;0;0;0;0;0;0;0;0;0;0;0;0;1;1;1;1;1;1;1
4945;2;1;3;125;0;0;0;0;0;0;0;0;0;87;1;1;0;0;0;0;20;98;0;0;0;0;0;0;0;1;0;0;0;0,272727273;0;0;0;0;0;0;0;0;1;-1;1;1;1;1;1
4946;2;1;6;95;1;0;0;0;0;0;0;0;0;20;1;1;0;0;0;0;35;53;0;0;0;0;0;0,071428571;0;1;0;0;0;1;0;0;0;0;0;1;0;0;1;-1;1;1;1;-1;1
4947;2;1;6;95;1;0;0;0;0;0;0;0;0;22;1;1;0;0;0;0;35;53;0;0;0;0;0;0,071428571;0;1;0;0;0;1;0;0;0;0;0;1;0;0;1;-1;1;1;1;-1;1
4948;2;1;2;32;2;1;0;0;0;0;0;0;0;0;1;0;0;0;1;0;16;9;0;0;0;0;0;0,08;0;1;1;0;1;0,95890411;0;0;0;0;0;1;0;0;1;1;1;-1;1;-1;1
4949;3;1;2;43;0;0;0;0;0;0;0;0;0;0;1;0;0;0;0;0;28;8;0;0;0;0;0;0,074074074;1;1;0;0;0;0;0;0;0;0;0;0;0;0;1;1;1;1;1;1;1
4950;2;1;6;95;1;0;0;0;0;0;0;0;0;22;1;1;0;0;0;0;35;53;0;0;0;0;0;0,071428571;0;1;0;0;0;1;0;0;0;0;0;1;0;0;1;-1;1;1;1;-1;1
4951;2;1;6;95;1;0;0;0;0;0;0;0;0;18;1;1;0;0;0;0;35;53;0;0;0;0;0;0,071428571;0;1;0;0;0;1;0;0;0;0;0;1;0;0;1;-1;1;1;1;-1;1
4952;2;1;6;95;1;0;0;0;0;0;0;0;0;22;1;1;0;0;0;0;35;53;0;0;0;0;0;0,071428571;0;1;0;0;0;1;0;0;0;0;0;1;0;0;1;-1;1;1;1;-1;1
4953;2;1;6;95;1;0;0;0;0;0;0;0;0;18;1;1;0;0;0;0;35;53;0;0;0;0;0;0,071428571;0;1;0;0;0;1;0;0;0;0;0;1;0;0;1;-1;1;1;1;-1;1
4954;2;1;6;95;1;0;0;0;0;0;0;0;0;27;1;1;0;0;0;0;35;53;0;0;0;0;0;0,071428571;0;1;0;0;0;1;0;0;0;0;0;1;0;0;1;-1;1;1;1;-1;1
4955;4;1;5;66;0;0;0;0;0;0;0;0;0;0;1;1;0;0;1;0;13;46;0;0;0;0;0;0,583333333;0;1;0;0;0;0,8;0;0;0;0;0;1;0;1;1;0;1;1;-1;-1;1
4956;2;1;2;39;0;0;0;0;0;0;0;0;0;0;1;0;0;0;0;0;23;9;0;0;0;0;0;0;0;1;0;0;0;0;0;0;0;0;0;0;0;0;1;1;1;1;1;1;1
4957;7;6;3;62;0;0;0;0;0;0;0;0;0;6;1;1;0;1;0;0;46;9;0;0;2;0;0;0;0;1;0;0;0;1;0;0;0;0;0;0;0;0;-1;0;1;1;1;-1;1
4958;7;6;3;62;0;0;0;0;0;0;0;0;0;6;1;1;0;1;0;0;46;9;0;0;2;0;0;0;0;1;0;0;0;1;0;0;0;0;0;0;0;0;-1;0;1;1;1;-1;1
4959;7;6;3;62;0;0;0;0;0;0;0;0;0;6;1;1;0;1;0;0;46;9;0;0;2;0;0;0;0;1;0;0;0;1;0;0;0;0;0;0;0;0;-1;0;1;1;1;-1;1
4960;7;6;3;62;0;0;0;0;0;0;0;0;0;6;1;1;0;1;0;0;46;9;0;0;2;0;0;0;0;1;0;0;0;1;0;0;0;0;0;0;0;0;-1;0;1;1;1;-1;1
4961;7;6;3;62;0;0;0;0;0;0;0;0;0;6;1;1;0;1;0;0;46;9;0;0;2;0;0;0;0;1;0;0;0;1;0;0;0;0;0;0;0;0;-1;0;1;1;1;-1;1
4962;2;1;3;30;0;0;0;0;0;0;0;0;0;0;1;0;0;0;0;0;14;9;0;0;0;0;0;0;0;1;0;0;0;1;0;0;0;0;0;0;0;0;1;1;1;1;1;-1;1
4963;7;6;3;62;0;0;0;0;0;0;0;0;0;6;1;1;0;1;0;0;46;9;0;0;2;0;0;0;0;1;0;0;0;1;0;0;0;0;0;0;0;0;-1;0;1;1;1;-1;1
4964;7;6;3;62;0;0;0;0;0;0;0;0;0;6;1;1;0;1;0;0;46;9;0;0;2;0;0;0;0;1;0;0;0;1;0;0;0;0;0;0;0;0;-1;0;1;1;1;-1;1
4965;7;6;3;62;0;0;0;0;0;0;0;0;0;6;1;1;0;1;0;0;46;9;0;0;2;0;0;0;0;1;0;0;0;1;0;0;0;0;0;0;0;0;-1;0;1;1;1;-1;1
4966;2;1;4;52;0;0;0;0;0;0;0;0;0;0;1;1;0;0;0;0;17;28;0;0;0;0;0,1875;0;0;1;0;0;0;0,8125;0;0;0;0;0;0;0;0;1;1;1;1;1;-1;1
4967;6;1;5;88;0;0;0;1;0;0;0;0;0;4;1;1;0;0;1;0;23;58;0;0;0;0;0,866666667;0,166666667;1;1;0;0;0;0;0;0;0;0;0;1;0;0;1;-1;1;1;0;-1;1
4968;6;1;5;86;0;0;0;1;0;0;0;0;0;4;1;1;0;0;1;0;23;56;0;0;1;0;0,857142857;0,208333333;1;1;0;0;0;0;0;0;0;0;0;1;0;0;1;-1;1;1;0;-1;1
4969;2;0;6;80;1;0;0;0;1;0;0;0;0;0;1;0;0;0;1;0;18;55;0;0;1;0;0;0;0;1;0;0;0;1;0;0;0;0;0;0;0;0;1;-1;1;1;1;-1;1
4970;4;1;9;131;1;0;0;0;1;0;0;0;0;16;1;1;0;0;1;0;17;107;0;0;1;0;0,055555556;0,090909091;0;1;1;0;0;0,944444444;0;0;1;0;0;1;0;0;1;-1;1;1;1;-1;1
4971;2;1;3;60;0;0;0;0;0;0;0;0;0;25;1;1;0;0;0;0;15;38;0;0;0;0;0;0,785714286;0;1;0;0;0;1;1;0;0;0;0;1;0;0;1;0;-1;1;1;-1;1
4972;2;1;3;60;0;0;0;0;0;0;0;0;0;15;1;1;0;0;0;0;15;38;0;0;0;0;0;0,785714286;0;1;0;0;0;1;1;0;0;0;0;1;0;0;1;0;-1;1;1;-1;1
4973;7;6;3;62;0;0;0;0;0;0;0;0;0;6;1;1;0;1;0;0;46;9;0;0;2;0;0;0;0;1;0;0;0;1;0;0;0;0;0;0;0;0;-1;0;1;1;1;-1;1
4974;7;6;3;62;0;0;0;0;0;0;0;0;0;6;1;1;0;1;0;0;46;9;0;0;2;0;0;0;0;1;0;0;0;1;0;0;0;0;0;0;0;0;-1;0;1;1;1;-1;1
4975;2;1;6;99;1;0;0;0;0;0;0;0;0;22;1;1;0;0;0;0;24;68;0;0;0;0;0;0;0;1;0;0;0;1;0;0;0;0;0;0;0;0;1;-1;1;1;1;-1;1
4976;2;1;3;68;0;0;0;0;0;0;0;0;0;24;1;1;0;0;0;0;10;51;0;0;0;0;0;0,333333333;0;1;0;0;0;0;0;0;0;0;0;0;0;0;1;0;1;1;0;1;1
4977;2;1;3;60;0;0;0;0;0;0;0;0;0;20;1;1;0;0;0;0;15;38;0;0;0;0;0;0,785714286;0;1;0;0;0;1;1;0;0;0;0;1;0;0;1;0;-1;1;1;-1;1
4978;2;1;3;68;0;0;0;0;0;0;0;0;0;23;1;1;0;0;0;0;10;51;0;0;0;0;0;0,333333333;0;1;0;0;0;0;0;0;0;0;0;0;0;0;1;0;1;1;0;1;1
4979;2;1;6;70;0;0;0;0;0;0;0;0;0;1;1;1;0;0;0;0;28;35;0;0;0;0;0;0,785714286;0;1;0;0;0;1;1;0;0;0;0;1;0;0;1;0;-1;1;1;-1;1
4980;4;1;6;78;0;0;0;0;0;2;0;0;0;7;1;1;0;0;1;0;14;57;0;0;0;1;1;1;1;1;0;0;0;0;1;0;0;0;0;0;0;0;1;-1;-1;1;-1;-1;1
4981;2;1;4;49;0;0;0;0;0;0;0;0;0;0;1;1;0;0;0;0;19;23;0;0;0;0;0;0;0;1;0;0;0;0;0;0;0;0;0;0;0;0;1;1;1;1;1;1;1
4982;2;1;6;95;1;0;0;0;0;0;0;0;0;17;1;1;0;0;0;0;35;53;0;0;0;0;0;0,071428571;0;1;0;0;0;1;0;0;0;0;0;1;0;0;1;-1;1;1;1;-1;1
4983;2;1;5;64;1;0;0;0;0;0;0;0;0;0;1;0;0;0;1;0;24;33;0;0;0;0;0;0,785714286;0;1;0;0;0;1;1;0;0;0;0;1;0;0;1;0;-1;1;1;-1;1
4984;11;9;2;90;1;1;0;0;0;0;0;0;0;0;1;1;0;1;0;0;65;18;0;0;3;0;0;0;0;1;0;0;0;0;0;0;0;0;0;0;0;0;-1;-1;1;1;1;1;1
4985;3;2;3;117;5;3;0;0;0;0;0;0;0;20;1;1;0;1;0;0;52;58;0;0;0;0;0;0;0;1;0;0;0;0;0;0;0;0;0;0;0;0;1;-1;1;1;1;1;1
4986;3;2;3;117;5;3;0;0;0;0;0;0;0;25;1;1;0;1;0;0;52;58;0;0;0;0;0;0;0;1;0;0;0;0;0;0;0;0;0;0;0;0;1;-1;1;1;1;1;1
4987;2;1;3;45;0;0;0;0;0;0;0;0;0;0;1;0;0;0;0;0;23;15;0;0;0;0;0;0;0;1;0;0;0;0;0;0;0;0;0;0;0;0;1;1;1;1;1;1;1
4988;2;1;3;60;0;0;0;0;0;0;0;0;0;22;1;1;0;0;0;0;15;38;0;0;0;0;0;0,785714286;0;1;0;0;0;1;1;0;0;0;0;1;0;0;1;0;-1;1;1;-1;1
4989;2;1;3;36;0;0;0;0;0;0;0;0;0;0;1;1;0;0;0;0;18;11;0;0;0;0;0;0;0;1;0;0;0;0;0;0;0;0;0;0;0;0;1;1;1;1;1;1;1
4990;2;1;3;68;0;0;0;0;0;0;0;0;0;24;1;1;0;0;0;0;10;51;0;0;0;0;0;0,333333333;0;1;0;0;0;0;0;0;0;0;0;0;0;0;1;0;1;1;0;1;1
4991;2;1;3;68;0;0;0;0;0;0;0;0;0;25;1;1;0;0;0;0;10;51;0;0;0;0;0;0,333333333;0;1;0;0;0;0;0;0;0;0;0;0;0;0;1;0;1;1;0;1;1
4992;2;1;4;46;0;0;0;0;0;0;0;0;0;0;1;0;0;0;0;0;20;19;0;0;0;0;0;0;0;1;0;0;0;0;0;0;0;0;0;0;0;0;1;1;1;1;1;1;1
4993;3;2;8;178;4;3;0;0;1;0;0;1;0;29;1;1;0;0;1;0;30;141;0;0;1;0;0;0;0;1;1;0;0;1;0;0;0;0;0;0;0;0;0;-1;1;1;1;-1;1
4994;2;1;6;95;1;0;0;0;0;0;0;0;0;17;1;1;0;0;0;0;35;53;0;0;0;0;0;0,071428571;0;1;0;0;0;1;0;0;0;0;0;1;0;0;1;-1;1;1;1;-1;1
4995;2;1;6;95;1;0;0;0;0;0;0;0;0;21;1;1;0;0;0;0;35;53;0;0;0;0;0;0,071428571;0;1;0;0;0;1;0;0;0;0;0;1;0;0;1;-1;1;1;1;-1;1
4996;2;1;6;95;1;0;0;0;0;0;0;0;0;20;1;1;0;0;0;0;35;53;0;0;0;0;0;0,071428571;0;1;0;0;0;1;0;0;0;0;0;1;0;0;1;-1;1;1;1;-1;1
4997;2;1;6;95;1;0;0;0;0;0;0;0;0;20;1;1;0;0;0;0;35;53;0;0;0;0;0;0,071428571;0;1;0;0;0;1;0;0;0;0;0;1;0;0;1;-1;1;1;1;-1;1
4998;1;0;3;32;0;0;0;0;0;0;0;0;0;0;1;1;0;0;0;0;14;11;0;0;0;0;0;0;0;1;0;0;0;0;0;0;0;0;0;0;0;0;1;1;1;1;1;1;1
4999;2;1;3;60;0;0;0;0;0;0;0;0;0;20;1;1;0;0;0;0;15;38;0;0;0;0;0;0,785714286;0;1;0;0;0;1;1;0;0;0;0;1;0;0;1;0;-1;1;1;-1;1
5000;2;1;4;48;0;0;0;0;0;0;0;0;0;0;1;1;0;0;0;0;19;22;0;0;0;0;0;0;0;1;0;0;0;0;0;0;0;0;0;0;0;0;1;1;1;1;1;1;1
